{"type": "FeatureCollection", "name": "batas_desa_kota_batu", "features": [{"type": "Feature", "properties": {"village_name": "Tlekung", "district_name": "Junrejo", "kecamatan": "Junrejo", "kabupaten": "Kota Batu", "provinsi": "Jawa Timur", "kode_desa": "35.79.03.2004", "last_updated": "2026-09-01T08:57:00.626128+00:00", "hourly_temp_today": [17.5, 16.9, 16.6, 16.0, 15.4, 14.5, 14.6, 19.2, 20.8, 23.3, 25.4, 26.4, 26.7, 26.8, 27.1, 26.0, 24.0, 21.8, 19.8, 18.8, 18.2, 17.6, 17.1, 16.7], "suhu_current": 26.0, "suhu_siang_1200": 26.7, "suhu_malam_2400": 17.5}, "geometry": {"coordinates": [[[[112.53619373800007, -7.9035513369999535, 0.0], [112.53621158400006, -7.9042711239999335, 0.0], [112.53672911700005, -7.905332957999974, 0.0], [112.53675886000008, -7.9054668029999675, 0.0], [112.53673962300002, -7.905586350999954, 0.0], [112.53671722000001, -7.905725568999969, 0.0], [112.53671424600009, -7.905835618999959, 0.0], [112.53673804000005, -7.905901054999958, 0.0], [112.53679455200006, -7.905927822999956, 0.0], [112.53692244800004, -7.905924848999973, 0.0], [112.53726951100009, -7.9059741049999275, 0.0], [112.5373321620001, -7.905347085999949, 0.0], [112.53749277500003, -7.905353034999962, 0.0], [112.5375359520001, -7.9050642899999275, 0.0], [112.53799486600008, -7.905163099999982, 0.0], [112.53792705100011, -7.90603755199993, 0.0], [112.53789822700003, -7.906216790999963, 0.0], [112.53785865400005, -7.9064628699999275, 0.0], [112.53781737200006, -7.906702701999961, 0.0], [112.53779180100003, -7.906840497999951, 0.0], [112.5377691970001, -7.9069623059999685, 0.0], [112.53764927300006, -7.906979437999951, 0.0], [112.53766259800011, -7.907196444999954, 0.0], [112.53796716900001, -7.907154566999964, 0.0], [112.53824699300003, -7.907131723999953, 0.0], [112.53849065000009, -7.907124108999938, 0.0], [112.53850587900001, -7.907419162999929, 0.0], [112.53842402500004, -7.907592386999966, 0.0], [112.53830640400008, -7.9078942339999685, 0.0], [112.53826602900006, -7.907997846999933, 0.0], [112.53820130800011, -7.90823579399995, 0.0], [112.53882758200007, -7.9079293189999476, 0.0], [112.5388218710001, -7.908338585999957, 0.0], [112.53911073800009, -7.908363332999954, 0.0], [112.5390964610001, -7.908791635999933, 0.0], [112.53998875900004, -7.9088201889999254, 0.0], [112.54001731200003, -7.909048616999939, 0.0], [112.54015294200008, -7.9090272019999475, 0.0], [112.54058838300011, -7.9089843719999635, 0.0], [112.5406312130001, -7.909526888999949, 0.0], [112.5406312130001, -7.909648241999946, 0.0], [112.54042420000007, -7.909862392999969, 0.0], [112.54005300400001, -7.910012298999959, 0.0], [112.53995306700006, -7.910133651999956, 0.0], [112.53996734400005, -7.910247865999963, 0.0], [112.5401172500001, -7.910312110999939, 0.0], [112.54056696800001, -7.910440601999937, 0.0], [112.54150923400005, -7.910276418999956, 0.0], [112.54280842000003, -7.909948053999926, 0.0], [112.54291549600009, -7.910083682999925, 0.0], [112.5429916380001, -7.910221691999936, 0.0], [112.54380541400008, -7.91008844199996, 0.0], [112.54380541400008, -7.909793388999958, 0.0], [112.5443526900001, -7.909912361999943, 0.0], [112.54433365400007, -7.910155066999948, 0.0], [112.54486665400009, -7.910264521999977, 0.0], [112.54490948400007, -7.910312110999939, 0.0], [112.54490948400007, -7.910435842999959, 0.0], [112.54490191400009, -7.910545602999946, 0.0], [112.54489044800005, -7.910711860999982, 0.0], [112.54483334100007, -7.911149681999973, 0.0], [112.54480954700011, -7.911587501999975, 0.0], [112.54489044800005, -7.91156370799996, 0.0], [112.54521881400001, -7.91150184199995, 0.0], [112.54540441200004, -7.911468528999933, 0.0], [112.54556145600009, -7.911449493999953, 0.0], [112.54558841000005, -7.911464467999963, 0.0], [112.54564711700004, -7.911497082999972, 0.0], [112.54582319700012, -7.911597019999931, 0.0], [112.54598500000009, -7.911620814999935, 0.0], [112.5461230090001, -7.911592260999953, 0.0], [112.54622770500009, -7.911577984999951, 0.0], [112.5462895710001, -7.911577984999951, 0.0], [112.5463657140001, -7.91162557399997, 0.0], [112.54638475000002, -7.911635091999926, 0.0], [112.54655131200002, -7.911673162999932, 0.0], [112.5466226960001, -7.911692198999958, 0.0], [112.546746428, -7.91180165399993, 0.0], [112.54681781200009, -7.911892072999933, 0.0], [112.54683684700001, -7.9120015289999515, 0.0], [112.54693202600004, -7.912082429999941, 0.0], [112.54706646500006, -7.912150839999981, 0.0], [112.54732225800001, -7.912216274999935, 0.0], [112.5474590770001, -7.912240069999939, 0.0], [112.5475334350001, -7.912240069999939, 0.0], [112.54759292100005, -7.912231146999943, 0.0], [112.54764051000006, -7.912168685999973, 0.0], [112.54768215100012, -7.912103250999962, 0.0], [112.54778327800011, -7.912049712999931, 0.0], [112.54793794300008, -7.9119902259999435, 0.0], [112.54811937700003, -7.911969405999969, 0.0], [112.54832163100002, -7.911963456999956, 0.0], [112.548440604, -7.911960482999973, 0.0], [112.54852091100008, -7.911957508999933, 0.0], [112.54861769900003, -7.911964624999939, 0.0], [112.54872316500007, -7.911972379999952, 0.0], [112.5490681870001, -7.912076481999975, 0.0], [112.54924069800006, -7.9121419169999285, 0.0], [112.54932397900006, -7.91219545499996, 0.0], [112.54933290200006, -7.912201402999926, 0.0], [112.54946079800004, -7.912240069999939, 0.0], [112.54946972100004, -7.912240069999939, 0.0], [112.5495792800001, -7.912238579999951, 0.0], [112.54962865100003, -7.912237907999952, 0.0], [112.54973443600011, -7.912213300999952, 0.0], [112.549799871, -7.912213300999952, 0.0], [112.54991798800006, -7.912194193999937, 0.0], [112.5500021250001, -7.912180582999952, 0.0], [112.55077865400006, -7.912024211999949, 0.0], [112.55105384900003, -7.911963976999971, 0.0], [112.55118840800003, -7.9119345249999355, 0.0], [112.551307855, -7.911972379999952, 0.0], [112.551391136, -7.912025917999927, 0.0], [112.5514268280001, -7.912121095999964, 0.0], [112.55146549400001, -7.912299555999937, 0.0], [112.55185343500011, -7.912154077999958, 0.0], [112.55191664600011, -7.912516169999947, 0.0], [112.55198898100002, -7.913209068999947, 0.0], [112.55170344600003, -7.913231911999958, 0.0], [112.55157781100002, -7.913271886999951, 0.0], [112.5512503970001, -7.913439400999948, 0.0], [112.5512009040001, -7.913490797999941, 0.0], [112.55118186800007, -7.913504122999939, 0.0], [112.55072881900003, -7.913738260999935, 0.0], [112.55051561900007, -7.913783946999956, 0.0], [112.55027196200001, -7.9138125009999385, 0.0], [112.55022247000011, -7.91381630799998, 0.0], [112.55016345900003, -7.913852475999931, 0.0], [112.55010254500007, -7.9139152929999454, 0.0], [112.55005114800008, -7.914008567999929, 0.0], [112.5498645990001, -7.914126589999967, 0.0], [112.54982462400005, -7.9141551429999595, 0.0], [112.549759902, -7.914233188999958, 0.0], [112.5496628200001, -7.914434967999966, 0.0], [112.54957525600003, -7.914710984999942, 0.0], [112.5495314740001, -7.914975580999965, 0.0], [112.54948769200007, -7.915175455999929, 0.0], [112.54938299600008, -7.915719876999958, 0.0], [112.54931637100003, -7.915867402999936, 0.0], [112.54920691600012, -7.916005411999947, 0.0], [112.54875481800002, -7.9162719119999565, 0.0], [112.54861769900003, -7.916350264999949, 0.0], [112.54858825600002, -7.916367089999937, 0.0], [112.54848831800007, -7.9164479919999735, 0.0], [112.54850259500006, -7.9166669019999745, 0.0], [112.54861770000002, -7.9173775479999335, 0.0], [112.5487215060001, -7.918018435999954, 0.0], [112.5487689250001, -7.920160843999952, 0.0], [112.54890788600005, -7.92042349999997, 0.0], [112.548200468, -7.9205517319999785, 0.0], [112.54824693, -7.922156482999981, 0.0], [112.54789086900007, -7.922199668999951, 0.0], [112.54745406400002, -7.9222639979999485, 0.0], [112.54577558100004, -7.9225111909999555, 0.0], [112.54410059100007, -7.922731569999939, 0.0], [112.54302826700007, -7.922855288999926, 0.0], [112.54204350100008, -7.922968905999937, 0.0], [112.5414979730001, -7.922999582999978, 0.0], [112.54147922100003, -7.923467139999957, 0.0], [112.54143252100005, -7.924141739999925, 0.0], [112.5414371060001, -7.92426838199998, 0.0], [112.54144378900003, -7.925421301999961, 0.0], [112.54147036900008, -7.925570191999952, 0.0], [112.54145604700011, -7.9256959419999475, 0.0], [112.54142315100012, -7.925984786999948, 0.0], [112.54141153, -7.926085503999957, 0.0], [112.54138540500003, -7.926311923999947, 0.0], [112.54117523500008, -7.926298465999935, 0.0], [112.54117086400004, -7.92629818599994, 0.0], [112.54109035900001, -7.926293030999943, 0.0], [112.54096569000001, -7.926285048999944, 0.0], [112.54090755100003, -7.92628132599998, 0.0], [112.54070712300006, -7.9260807339999815, 0.0], [112.54033242900005, -7.925816596999937, 0.0], [112.54003971200007, -7.925756112999977, 0.0], [112.53984468400006, -7.9257406509999555, 0.0], [112.53964319900001, -7.925738231999958, 0.0], [112.53953894300003, -7.925677049999933, 0.0], [112.5391265830001, -7.9257821789999525, 0.0], [112.5389166650001, -7.925744350999935, 0.0], [112.53873516800002, -7.925868063999928, 0.0], [112.53846177700007, -7.925755703999926, 0.0], [112.53829947100007, -7.925811360999944, 0.0], [112.53817263700012, -7.9257923919999484, 0.0], [112.53782830400007, -7.925829282999928, 0.0], [112.5375681160001, -7.925788113999943, 0.0], [112.53722341100001, -7.925724654999954, 0.0], [112.53680270100006, -7.925816793999957, 0.0], [112.53661080500001, -7.925778626999943, 0.0], [112.53633112500006, -7.925724600999956, 0.0], [112.53608107100001, -7.925774160999936, 0.0], [112.53578555800004, -7.925827052999978, 0.0], [112.53565339900001, -7.925830617999964, 0.0], [112.53564579500005, -7.925830822999956, 0.0], [112.53564358300002, -7.925828832999969, 0.0], [112.53557405900006, -7.9257662659999255, 0.0], [112.53546313100003, -7.925640377999969, 0.0], [112.53530016500008, -7.925517935999949, 0.0], [112.53514420900001, -7.925531528999954, 0.0], [112.53495576000012, -7.925535477999972, 0.0], [112.53460153300011, -7.92554645599995, 0.0], [112.53425352600004, -7.925479751999944, 0.0], [112.53416016000006, -7.925430823999932, 0.0], [112.53400181800009, -7.925486735999925, 0.0], [112.5337709050001, -7.925434245999952, 0.0], [112.53351537200001, -7.925377778999973, 0.0], [112.5334533250001, -7.92530405499997, 0.0], [112.53337075900004, -7.925263314999938, 0.0], [112.5328686040001, -7.925355477999972, 0.0], [112.53274117300009, -7.9254380349999565, 0.0], [112.53266706000011, -7.925438307999968, 0.0], [112.53251022900008, -7.92535679599996, 0.0], [112.53231244800008, -7.925345227999969, 0.0], [112.53218448400003, -7.925263609999945, 0.0], [112.53197614200008, -7.925206877999926, 0.0], [112.53181925000001, -7.925108911999928, 0.0], [112.53163400500011, -7.925130114999945, 0.0], [112.53146088900007, -7.92511438799994, 0.0], [112.53130484700011, -7.92524623099996, 0.0], [112.53098389900003, -7.9253377259999525, 0.0], [112.53081940300001, -7.925408123999944, 0.0], [112.53054734200009, -7.925351624999962, 0.0], [112.530464714, -7.925273997999966, 0.0], [112.53036731400005, -7.92526658099996, 0.0], [112.53014110400011, -7.925353568999981, 0.0], [112.52995138400001, -7.925296857999967, 0.0], [112.52977825100004, -7.92525644899996, 0.0], [112.52969591300007, -7.925277272999949, 0.0], [112.52952331100005, -7.92538051799994, 0.0], [112.52914830000009, -7.925332622999974, 0.0], [112.52881502600007, -7.925428229999966, 0.0], [112.52862944900005, -7.925379638999971, 0.0], [112.52851651000003, -7.925373444999934, 0.0], [112.52841932800004, -7.925368114999969, 0.0], [112.52819264900006, -7.925327901999935, 0.0], [112.52806098100007, -7.925357133999967, 0.0], [112.52783034000004, -7.925357979999944, 0.0], [112.52754203900008, -7.925379558999964, 0.0], [112.52741870400007, -7.925437418999934, 0.0], [112.52716330800001, -7.925438354999926, 0.0], [112.52694484000006, -7.925394042999926, 0.0], [112.52684189000001, -7.925402646999942, 0.0], [112.52660464100006, -7.92541680599993, 0.0], [112.52612365400012, -7.925672971999973, 0.0], [112.5254657690001, -7.92598312399997, 0.0], [112.52475834300003, -7.926264797999977, 0.0], [112.52429358100005, -7.926459425999951, 0.0], [112.52409022100005, -7.926679857999943, 0.0], [112.52304941000011, -7.927048905999925, 0.0], [112.52272833100005, -7.927138472999957, 0.0], [112.52249804100006, -7.927202713999975, 0.0], [112.52241161800009, -7.927231778999953, 0.0], [112.52241192000008, -7.927313867999942, 0.0], [112.52249899200001, -7.927461273999938, 0.0], [112.5225161090001, -7.927641752999932, 0.0], [112.52242157900002, -7.9276831429999675, 0.0], [112.52200552400006, -7.92768059499997, 0.0], [112.5215898240001, -7.927652640999952, 0.0], [112.52123027900006, -7.927580814999942, 0.0], [112.52098836900007, -7.92758902099996, 0.0], [112.52072834500007, -7.927674048999961, 0.0], [112.52035148200002, -7.927876307999952, 0.0], [112.51992642200003, -7.927947200999938, 0.0], [112.51967714300008, -7.9279444939999735, 0.0], [112.51936947800004, -7.92802960399996, 0.0], [112.51902470400012, -7.928008982999927, 0.0], [112.51884498400011, -7.927987669999936, 0.0], [112.51862523600005, -7.92804334799996, 0.0], [112.51846769200006, -7.9280731239999795, 0.0], [112.5178261420001, -7.928170569999963, 0.0], [112.51731723500006, -7.9283414839999296, 0.0], [112.51697732700006, -7.928342721999968, 0.0], [112.51646772600009, -7.928344577999951, 0.0], [112.51595820000011, -7.928346432999945, 0.0], [112.5152215810001, -7.92823646599993, 0.0], [112.51471205400003, -7.928238318999945, 0.0], [112.51392001900001, -7.928353844999947, 0.0], [112.51273262200004, -7.9288093799999615, 0.0], [112.51216702300007, -7.928980675999981, 0.0], [112.51199723700006, -7.929037705999974, 0.0], [112.51111027400009, -7.9291689409999435, 0.0], [112.51071425500004, -7.929226791999952, 0.0], [112.51003514500007, -7.929342082999938, 0.0], [112.50958292200005, -7.929512963999969, 0.0], [112.50918755500004, -7.929852609999955, 0.0], [112.50884897200001, -7.930135906999965, 0.0], [112.50850997600003, -7.930306285999961, 0.0], [112.50771714900009, -7.930309156999954, 0.0], [112.50726348600006, -7.930085233999932, 0.0], [112.50703618700004, -7.9299168139999665, 0.0], [112.50663975500004, -7.92986183499994, 0.0], [112.50618684000005, -7.929863472999955, 0.0], [112.50562110500005, -7.929978346999974, 0.0], [112.50516859900006, -7.930092810999952, 0.0], [112.50471592300005, -7.930263597999954, 0.0], [112.5040940770001, -7.930435086999978, 0.0], [112.5035286750001, -7.930662604999952, 0.0], [112.5031493460001, -7.9308530759999485, 0.0], [112.5030762020001, -7.930889803999946, 0.0], [112.50268058800009, -7.931060474999981, 0.0], [112.50200188100007, -7.9312885799999435, 0.0], [112.5012090140001, -7.93117861099995, 0.0], [112.50053050800011, -7.931462856999929, 0.0], [112.50002151300009, -7.931633932999944, 0.0], [112.49968258600006, -7.931804396999951, 0.0], [112.49894698000003, -7.93197628799993, 0.0], [112.4984943390001, -7.932034331999944, 0.0], [112.4979847300001, -7.932036165999932, 0.0], [112.49730520000003, -7.93203860999995, 0.0], [112.49622760400007, -7.931534754999973, 0.0], [112.49566178700002, -7.931649616999948, 0.0], [112.4950963770001, -7.931877304999944, 0.0], [112.49470075700003, -7.932047967999949, 0.0], [112.49424814800011, -7.932218564999971, 0.0], [112.49379502300008, -7.932163775999982, 0.0], [112.49322798300011, -7.931940423999947, 0.0], [112.49288755300006, -7.931715986999961, 0.0], [112.49220741200008, -7.931549181999969, 0.0], [112.49158416500006, -7.931438585999956, 0.0], [112.4909044310001, -7.931384696999942, 0.0], [112.49045130800005, -7.931330084999956, 0.0], [112.48994156800006, -7.931275494999966, 0.0], [112.48909221300005, -7.931222118999926, 0.0], [112.48887432400011, -7.93120119699995, 0.0], [112.4888221110001, -7.9311961829999404, 0.0], [112.4885257840001, -7.93116772999997, 0.0], [112.4882729630001, -7.93116863299997, 0.0], [112.48795955800006, -7.931169752999949, 0.0], [112.48722320900004, -7.931115968999961, 0.0], [112.48671339500004, -7.931061374999956, 0.0], [112.48614744600002, -7.931119809999927, 0.0], [112.48541122400002, -7.931122436999942, 0.0], [112.48490188900007, -7.931180667999968, 0.0], [112.48444916900007, -7.931238696999969, 0.0], [112.48405334200004, -7.931352936999929, 0.0], [112.4825083290001, -7.932145985999966, 0.0], [112.48134093400006, -7.93317112099993, 0.0], [112.48046630800002, -7.934292219999975, 0.0], [112.47978481700011, -7.934878046999927, 0.0], [112.47944531400003, -7.935413837999931, 0.0], [112.47915417500008, -7.93590108799998, 0.0], [112.47876575800001, -7.936437142999978, 0.0], [112.47857162300011, -7.936778219999951, 0.0], [112.47840703600002, -7.937148944999933, 0.0], [112.47825021500012, -7.937502175999953, 0.0], [112.47755175800012, -7.938240037999947, 0.0], [112.47725930100012, -7.938338445999932, 0.0], [112.47687788400003, -7.938478079999982, 0.0], [112.47672314900001, -7.938534726999933, 0.0], [112.4764691150001, -7.938721985999962, 0.0], [112.47633876000009, -7.938818074999972, 0.0], [112.47597119700004, -7.939038167999968, 0.0], [112.47563192900009, -7.9392228999999475, 0.0], [112.47530677000009, -7.939400530999933, 0.0], [112.47498836300008, -7.939479229999961, 0.0], [112.47462747300006, -7.939368583999965, 0.0], [112.47480705200007, -7.939152433999936, 0.0], [112.47535655200011, -7.938491026999941, 0.0], [112.4755473680001, -7.937323539999966, 0.0], [112.47564194600011, -7.93649678099996, 0.0], [112.47598269700006, -7.936204005999969, 0.0], [112.47651634200008, -7.935327049999955, 0.0], [112.47655767000003, -7.935285599999929, 0.0], [112.47817010100005, -7.93366842599994, 0.0], [112.47875220500009, -7.93264555899998, 0.0], [112.47928549300002, -7.931671414999926, 0.0], [112.47976899800005, -7.930454338999937, 0.0], [112.48010887300006, -7.929918546999943, 0.0], [112.48040000700007, -7.929431296999951, 0.0], [112.48073918400007, -7.928700858999946, 0.0], [112.48113568000008, -7.927937669999949, 0.0], [112.48201178500005, -7.927254141999981, 0.0], [112.48244917800002, -7.926717821999944, 0.0], [112.48278936800011, -7.926376404999928, 0.0], [112.48317832000009, -7.925888805999932, 0.0], [112.48342106000007, -7.925547735999942, 0.0], [112.48366389800003, -7.925255033999974, 0.0], [112.48385792600004, -7.924865588999978, 0.0], [112.48395432900008, -7.924573407999958, 0.0], [112.48405046000005, -7.924184310999976, 0.0], [112.48405055900002, -7.924184308999941, 0.0], [112.48598912900002, -7.924161781999942, 0.0], [112.48661288000005, -7.924111706999952, 0.0], [112.4873778650001, -7.923295515999939, 0.0], [112.48875727200004, -7.922505839999928, 0.0], [112.48937076800007, -7.922273963999942, 0.0], [112.48996520300011, -7.922080437999966, 0.0], [112.49038569000004, -7.921562147999964, 0.0], [112.49230275000002, -7.92080882099998, 0.0], [112.49406518800004, -7.919768935999969, 0.0], [112.49481285000002, -7.919479152999941, 0.0], [112.49550402400007, -7.919495814999948, 0.0], [112.49583120700004, -7.919724323999958, 0.0], [112.49636797300002, -7.919511855999929, 0.0], [112.4971163240001, -7.919413468999949, 0.0], [112.49761586900001, -7.919526515999962, 0.0], [112.49809621800011, -7.919639631999928, 0.0], [112.4987280690001, -7.919177996999963, 0.0], [112.50082022700008, -7.919074770999941, 0.0], [112.50121450600011, -7.918986992999976, 0.0], [112.50160669200011, -7.918899678999935, 0.0], [112.50217374100009, -7.918304291999959, 0.0], [112.50368005600001, -7.9167915769999695, 0.0], [112.50605309600007, -7.916065259999925, 0.0], [112.50786508100009, -7.915470155999969, 0.0], [112.50819643900002, -7.915526378999971, 0.0], [112.5085137640001, -7.915683136999974, 0.0], [112.50878789700005, -7.9158400519999645, 0.0], [112.50897470200005, -7.915738890999933, 0.0], [112.50936208400003, -7.915364257999954, 0.0], [112.50966355000003, -7.915119129999937, 0.0], [112.51002312800006, -7.915017343999978, 0.0], [112.51036883100005, -7.915059157999963, 0.0], [112.51075668100009, -7.914813716999959, 0.0], [112.51104374700003, -7.914568641999949, 0.0], [112.51118641700009, -7.914209247999963, 0.0], [112.51138678200005, -7.913878355999941, 0.0], [112.51176128000009, -7.913920064999957, 0.0], [112.5120057790001, -7.913847402999977, 0.0], [112.51220651000006, -7.913616994999927, 0.0], [112.5122337360001, -7.913186244999963, 0.0], [112.51266577100012, -7.913213388999964, 0.0], [112.51275474500005, -7.913001806999944, 0.0], [112.51290411100001, -7.912833790999969, 0.0], [112.51301745900003, -7.912659921999932, 0.0], [112.51327463200005, -7.912443663999966, 0.0], [112.51348411800006, -7.912311316999933, 0.0], [112.51368771300008, -7.912208896999971, 0.0], [112.5139255580001, -7.912176133999935, 0.0], [112.51423676400009, -7.911971641999969, 0.0], [112.51441677800005, -7.91198295199996, 0.0], [112.5147409000001, -7.9120296249999456, 0.0], [112.51504115600005, -7.912112272999934, 0.0], [112.51525764400003, -7.912255037999955, 0.0], [112.51554594700008, -7.912349690999974, 0.0], [112.51578590700001, -7.912348819999977, 0.0], [112.51611011600005, -7.912419417999956, 0.0], [112.51632590600002, -7.912370782999972, 0.0], [112.51649348400008, -7.912262510999938, 0.0], [112.51666062600009, -7.912034616999961, 0.0], [112.51706689600007, -7.911578562999978, 0.0], [112.51769022300005, -7.911420784999962, 0.0], [112.51839902300003, -7.911669419999953, 0.0], [112.5189650310001, -7.9122415609999734, 0.0], [112.51955175, -7.911916437999935, 0.0], [112.52001949600003, -7.911866884999938, 0.0], [112.52039204700009, -7.912033002999976, 0.0], [112.52072878100012, -7.9122471009999344, 0.0], [112.52099339400002, -7.91242557399994, 0.0], [112.52167785000006, -7.912578591999932, 0.0], [112.52218194200009, -7.912624603999973, 0.0], [112.5225063260001, -7.9127430449999565, 0.0], [112.52292175200012, -7.912881314999936, 0.0], [112.523261219, -7.912793945999965, 0.0], [112.52357497900005, -7.912840618999951, 0.0], [112.5236285630001, -7.912848589999953, 0.0], [112.5239389940001, -7.9128917169999795, 0.0], [112.5242412020001, -7.913124280999966, 0.0], [112.5245691230001, -7.913274495999929, 0.0], [112.52466566300006, -7.913265705999947, 0.0], [112.52489998200008, -7.913244369999973, 0.0], [112.52521052700001, -7.913122653999949, 0.0], [112.52542906100007, -7.913037638999981, 0.0], [112.52565725600004, -7.91296981499994, 0.0], [112.52583438800002, -7.913110802999938, 0.0], [112.52610031000006, -7.913383531999955, 0.0], [112.5262239650001, -7.913599360999967, 0.0], [112.52647876500009, -7.913718531999962, 0.0], [112.52663722600005, -7.913741877999939, 0.0], [112.52680320400009, -7.913851324999939, 0.0], [112.52691615800006, -7.913832272999969, 0.0], [112.52707281800008, -7.913692433999927, 0.0], [112.52719955900011, -7.913703453999972, 0.0], [112.5273721960001, -7.91366645599993, 0.0], [112.52747244900002, -7.913782842999979, 0.0], [112.52763783800003, -7.913862624999979, 0.0], [112.52782987600006, -7.913881061999973, 0.0], [112.52805041400006, -7.913819006999972, 0.0], [112.52836859500007, -7.913685775999966, 0.0], [112.52837054700001, -7.913686192999933, 0.0], [112.52872978300002, -7.9137629269999366, 0.0], [112.52892906700004, -7.913606311999956, 0.0], [112.52902796700005, -7.913528586999973, 0.0], [112.52918243500005, -7.913470227999937, 0.0], [112.52926489800006, -7.913481266999952, 0.0], [112.52940400000011, -7.913345999999933, 0.0], [112.52946390800003, -7.913198239999929, 0.0], [112.52961806400003, -7.91303020099997, 0.0], [112.5297151100001, -7.912965419999978, 0.0], [112.52977988000009, -7.912922184999957, 0.0], [112.52981339100006, -7.912912564999942, 0.0], [112.52993521200005, -7.912877593999951, 0.0], [112.53001680200009, -7.912771516999953, 0.0], [112.53003264900008, -7.912750912999968, 0.0], [112.5300352590001, -7.912734440999941, 0.0], [112.53004055600002, -7.912701013999936, 0.0], [112.53011389200003, -7.912678802999949, 0.0], [112.53017575800004, -7.9126835609999375, 0.0], [112.53036135600007, -7.912812051999936, 0.0], [112.53050888300004, -7.912907230999963, 0.0], [112.53062785600002, -7.913016685999935, 0.0], [112.53074207000009, -7.913140417999955, 0.0], [112.53081345400005, -7.913287944999979, 0.0], [112.53089435600009, -7.913478300999941, 0.0], [112.53095146200008, -7.913611550999974, 0.0], [112.531018087, -7.913725764999981, 0.0], [112.53110850700011, -7.913754318999963, 0.0], [112.53121796100004, -7.913763836999976, 0.0], [112.531365488, -7.91374480099995, 0.0], [112.53145800000004, -7.913705999999934, 0.0], [112.53153681000003, -7.912940542999934, 0.0], [112.531653, -7.912330999999938, 0.0], [112.53164626500006, -7.912286191999954, 0.0], [112.53162722900004, -7.912267155999928, 0.0], [112.53157250200002, -7.912236221999933, 0.0], [112.53122510100002, -7.9122005309999395, 0.0], [112.53090863200009, -7.912193391999949, 0.0], [112.53086818100007, -7.9121791159999475, 0.0], [112.53084438600001, -7.912131525999939, 0.0], [112.53078014100004, -7.9120553839999275, 0.0], [112.5307277930001, -7.912005414999953, 0.0], [112.53061833800007, -7.911945928999955, 0.0], [112.53039942700002, -7.911910236999972, 0.0], [112.53040800000008, -7.911827999999957, 0.0], [112.53031481000005, -7.9115030339999635, 0.0], [112.53032252100002, -7.911021853999955, 0.0], [112.53032533600003, -7.910846134999929, 0.0], [112.53033057900006, -7.910645552999938, 0.0], [112.5303389710001, -7.910324408999941, 0.0], [112.5303400570001, -7.91028287599994, 0.0], [112.53034188600009, -7.910212868999963, 0.0], [112.53034188400011, -7.910126831999946, 0.0], [112.53047600000002, -7.909748999999977, 0.0], [112.5305895460001, -7.9094510639999385, 0.0], [112.53064181000002, -7.909122963999948, 0.0], [112.53067520700006, -7.908913304999942, 0.0], [112.53066700000011, -7.908591999999942, 0.0], [112.53079878500012, -7.908524846999967, 0.0], [112.53078256100002, -7.908029660999944, 0.0], [112.53082225100002, -7.907730454999978, 0.0], [112.53083763400002, -7.90727938699996, 0.0], [112.53084000000001, -7.907209999999964, 0.0], [112.53084177000005, -7.907189623999955, 0.0], [112.53086175600004, -7.9071753469999635, 0.0], [112.5311972610001, -7.907159642999943, 0.0], [112.53130433600006, -7.907133943999952, 0.0], [112.53130600000009, -7.907108999999934, 0.0], [112.531341397, -7.906498229999954, 0.0], [112.53136100000006, -7.906159999999943, 0.0], [112.5311760840001, -7.9061006639999505, 0.0], [112.53099500000008, -7.906085999999959, 0.0], [112.53102736700009, -7.905686637999963, 0.0], [112.53068234500006, -7.905639048999944, 0.0], [112.53071803700004, -7.90497279899995, 0.0], [112.53060501300001, -7.9049371069999665, 0.0], [112.53058716700002, -7.904919260999975, 0.0], [112.53056218200004, -7.90455996299994, 0.0], [112.53064089000009, -7.904346163999946, 0.0], [112.53064500000005, -7.904334999999946, 0.0], [112.53068528600011, -7.904336558999944, 0.0], [112.53109574300004, -7.904300866999961, 0.0], [112.5311118840001, -7.90404953999996, 0.0], [112.53113738400009, -7.903652463999947, 0.0], [112.53210701400008, -7.903670309999939, 0.0], [112.5320534760001, -7.904175944999963, 0.0], [112.53317777200004, -7.904283020999969, 0.0], [112.53326105300005, -7.90414025299998, 0.0], [112.53409386400006, -7.904217585999959, 0.0], [112.53423068300003, -7.904152150999948, 0.0], [112.53429017000008, -7.903878512999938, 0.0], [112.53439724500004, -7.903795231999936, 0.0], [112.53445078300001, -7.90365841299996, 0.0], [112.53451621800002, -7.903259852999952, 0.0], [112.53562861700004, -7.903265800999975, 0.0], [112.53634840300003, -7.903039752999973, 0.0], [112.53619373800007, -7.9035513369999535, 0.0]]]], "type": "MultiPolygon"}}, {"type": "Feature", "properties": {"village_name": "Dadaprejo", "district_name": "Junrejo", "kecamatan": "Junrejo", "kabupaten": "Kota Batu", "provinsi": "Jawa Timur", "kode_desa": "35.79.03.1001", "last_updated": "2026-09-01T08:57:00.626128+00:00", "hourly_temp_today": [20.7, 19.8, 19.3, 19.1, 18.5, 18.0, 18.1, 20.1, 21.7, 23.9, 25.8, 27.3, 28.4, 28.9, 28.7, 28.1, 26.5, 24.4, 23.0, 22.4, 21.7, 20.8, 20.0, 19.3], "suhu_current": 28.1, "suhu_siang_1200": 28.4, "suhu_malam_2400": 20.7}, "geometry": {"coordinates": [[[[112.57527299500009, -7.9027404399999455, 0.0], [112.57548000800011, -7.903018836999934, 0.0], [112.57561563800004, -7.903204434999964, 0.0], [112.57583692700007, -7.903282956999931, 0.0], [112.57590831100003, -7.903261541999939, 0.0], [112.57624381500011, -7.903247264999948, 0.0], [112.57668639500002, -7.9032758179999405, 0.0], [112.57709328300007, -7.9033472019999635, 0.0], [112.57722035200004, -7.9033696259999715, 0.0], [112.57745734000002, -7.903411447999929, 0.0], [112.57758583100008, -7.903489969999953, 0.0], [112.57772136000006, -7.903617723999957, 0.0], [112.5777797930001, -7.903840000999935, 0.0], [112.5777443180001, -7.9039765039999565, 0.0], [112.57769125700008, -7.904220732999931, 0.0], [112.57766435300005, -7.904425097999933, 0.0], [112.5777928440001, -7.9048748159999604, 0.0], [112.57792460700011, -7.905009356999926, 0.0], [112.57799382500002, -7.905228002999934, 0.0], [112.57806643700007, -7.9053928069999415, 0.0], [112.57809265600008, -7.905759975999956, 0.0], [112.57832108500008, -7.905881327999964, 0.0], [112.57864716600011, -7.905857613999956, 0.0], [112.57871369600002, -7.905852774999971, 0.0], [112.57900636900001, -7.90580280599994, 0.0], [112.57927762800011, -7.905745698999965, 0.0], [112.57946322600003, -7.905724283999973, 0.0], [112.57959885500009, -7.905745698999965, 0.0], [112.57969165400004, -7.905824220999932, 0.0], [112.57972734600003, -7.90598840399997, 0.0], [112.57974120800009, -7.906060913999966, 0.0], [112.5798201450001, -7.90647381399998, 0.0], [112.57982728400009, -7.906709380999928, 0.0], [112.57978530100002, -7.906783350999945, 0.0], [112.57967737700005, -7.906973500999925, 0.0], [112.57948464100002, -7.907137683999963, 0.0], [112.57927049000011, -7.907273312999962, 0.0], [112.57920624400003, -7.907408941999961, 0.0], [112.57911502500008, -7.907599456999947, 0.0], [112.57915876200002, -7.907742837999933, 0.0], [112.57928878100006, -7.907859574999975, 0.0], [112.57948556800011, -7.907866008999974, 0.0], [112.57967023900005, -7.907865798999978, 0.0], [112.5798201450001, -7.907937181999955, 0.0], [112.5800557120001, -7.9082084409999425, 0.0], [112.58013423400007, -7.9084939759999315, 0.0], [112.58020561800004, -7.908843756999943, 0.0], [112.58028414000012, -7.908972247999941, 0.0], [112.58040549300006, -7.909065046999956, 0.0], [112.5805839520001, -7.909157845999971, 0.0], [112.58066961300005, -7.909164983999972, 0.0], [112.58079810400011, -7.90915070799997, 0.0], [112.58094087100005, -7.909036492999974, 0.0], [112.58118357600006, -7.908758095999929, 0.0], [112.58139772800007, -7.908522529999971, 0.0], [112.58153335700001, -7.908422591999965, 0.0], [112.58161901800008, -7.9084154539999645, 0.0], [112.58176178500003, -7.9084368689999565, 0.0], [112.58189027600008, -7.908501114999979, 0.0], [112.582054459, -7.908708127999944, 0.0], [112.58217880000007, -7.909059207999974, 0.0], [112.58230428700006, -7.909245341999963, 0.0], [112.58247439700006, -7.909320397999977, 0.0], [112.58243752400006, -7.9093736519999425, 0.0], [112.58239481800001, -7.90943533199993, 0.0], [112.5820507520001, -7.909908725999969, 0.0], [112.58194030900006, -7.910166434999951, 0.0], [112.58172064900009, -7.910984519999943, 0.0], [112.58166558800008, -7.911136065999926, 0.0], [112.58140176200004, -7.911000916999967, 0.0], [112.58099567500005, -7.912056747999941, 0.0], [112.58089399100004, -7.912044474999959, 0.0], [112.58079306900004, -7.912032292999982, 0.0], [112.58052939600009, -7.911937462999958, 0.0], [112.58032655900001, -7.911852437999926, 0.0], [112.58011883000006, -7.911817965999944, 0.0], [112.58007346200009, -7.911883680999949, 0.0], [112.5800193230001, -7.912297123999963, 0.0], [112.57997148200002, -7.9125858109999285, 0.0], [112.57993474300008, -7.9128075049999325, 0.0], [112.5799466630001, -7.912859949999927, 0.0], [112.57994942200003, -7.912872087999972, 0.0], [112.57994670100004, -7.912881869999978, 0.0], [112.57993706200011, -7.912916521999932, 0.0], [112.57987808200005, -7.9131285449999496, 0.0], [112.5798661120001, -7.913171576999957, 0.0], [112.57981162800002, -7.913367439999945, 0.0], [112.57975739000005, -7.9135624179999695, 0.0], [112.5796276420001, -7.913562909999939, 0.0], [112.57961351000006, -7.913641975999951, 0.0], [112.57968990600011, -7.913696995999942, 0.0], [112.57969742700004, -7.913702411999964, 0.0], [112.58011961300008, -7.914006467999968, 0.0], [112.58035674700011, -7.914260419999948, 0.0], [112.58035707400006, -7.914346345999945, 0.0], [112.58035754000002, -7.9144687079999585, 0.0], [112.58044728700008, -7.914510048999944, 0.0], [112.58057419500005, -7.914568506999956, 0.0], [112.58075513300003, -7.9147545969999555, 0.0], [112.58094420100008, -7.915170462999981, 0.0], [112.58098882200011, -7.91553670199994, 0.0], [112.58091026400007, -7.915723773999957, 0.0], [112.58082000900004, -7.915996968999934, 0.0], [112.58078909200003, -7.916090550999968, 0.0], [112.58063082700005, -7.9164089669999385, 0.0], [112.58053149200009, -7.916608819999965, 0.0], [112.58050801500008, -7.916728103999958, 0.0], [112.58043245200008, -7.917112022999959, 0.0], [112.58041178500002, -7.917166179999981, 0.0], [112.58039676200008, -7.917205545999934, 0.0], [112.58023270700005, -7.917434167999943, 0.0], [112.58017448800001, -7.917515298999945, 0.0], [112.5801533990001, -7.917494448999946, 0.0], [112.57995731900007, -7.91730059799994, 0.0], [112.57977301400001, -7.917304741999942, 0.0], [112.5795752790001, -7.917309186999944, 0.0], [112.57939567300002, -7.917409892999956, 0.0], [112.5792011100001, -7.917518985999948, 0.0], [112.57918766600005, -7.917520920999948, 0.0], [112.57878122800003, -7.917579427999954, 0.0], [112.57873994400006, -7.917585370999973, 0.0], [112.5785521890001, -7.917514209999979, 0.0], [112.57824152900002, -7.9173358429999325, 0.0], [112.5781481890001, -7.917451099999937, 0.0], [112.57812767700011, -7.917458715999942, 0.0], [112.57809889000009, -7.917469403999974, 0.0], [112.57804576300009, -7.917489128999932, 0.0], [112.57787464, -7.91755266399997, 0.0], [112.57777671600002, -7.917574745999957, 0.0], [112.57768014400006, -7.917596522999929, 0.0], [112.5773766430001, -7.91743250199994, 0.0], [112.57698767700003, -7.917527360999941, 0.0], [112.57681443700005, -7.9174776599999745, 0.0], [112.57656138100003, -7.917284699999925, 0.0], [112.57633788100009, -7.917292685999939, 0.0], [112.57605606800007, -7.917128582999965, 0.0], [112.57599521100008, -7.917206885999974, 0.0], [112.57559689400011, -7.917719391999981, 0.0], [112.5753115340001, -7.917920715999969, 0.0], [112.57514338200008, -7.917871808999962, 0.0], [112.57502588400007, -7.918045829999926, 0.0], [112.57480778900003, -7.917941241999927, 0.0], [112.57473896200008, -7.917836179999938, 0.0], [112.57460812700003, -7.917787041999929, 0.0], [112.5745522090001, -7.917812023999943, 0.0], [112.57456299900002, -7.91766019399995, 0.0], [112.57468171900007, -7.916153698999949, 0.0], [112.57447627500005, -7.916111079999951, 0.0], [112.57464766800001, -7.915379151999957, 0.0], [112.57485731500003, -7.914882258999967, 0.0], [112.57491093100009, -7.914755181999965, 0.0], [112.5746991630001, -7.914681577999943, 0.0], [112.57464666600004, -7.914706997999929, 0.0], [112.57453150600008, -7.914762760999963, 0.0], [112.57449416600002, -7.914756754999928, 0.0], [112.57444403200009, -7.914670154999953, 0.0], [112.57440105300009, -7.914625618999935, 0.0], [112.57431294300011, -7.914534319999973, 0.0], [112.57402547700008, -7.9144582849999665, 0.0], [112.57359684200003, -7.914344911999933, 0.0], [112.57328180900004, -7.914115381999977, 0.0], [112.57312282300006, -7.913999545999957, 0.0], [112.57303455200008, -7.914002733999951, 0.0], [112.572929982, -7.914006510999968, 0.0], [112.57246929500002, -7.913902925999935, 0.0], [112.57230232800009, -7.9138763849999805, 0.0], [112.57216429200002, -7.913854442999934, 0.0], [112.57182846700005, -7.91386194599994, 0.0], [112.57166034000011, -7.913819185999955, 0.0], [112.5715860360001, -7.913906253999926, 0.0], [112.57147438600009, -7.914005757999973, 0.0], [112.57088171600003, -7.913549366999973, 0.0], [112.57042145100002, -7.913557336999929, 0.0], [112.57010581500003, -7.913465407999979, 0.0], [112.56981990700001, -7.9135222629999475, 0.0], [112.56945945500001, -7.913622792999945, 0.0], [112.56903646, -7.913618235999934, 0.0], [112.56878744700009, -7.913563392999947, 0.0], [112.56861224600004, -7.913291300999958, 0.0], [112.56775199200001, -7.912792515999968, 0.0], [112.56738521600005, -7.912862058999963, 0.0], [112.56710546800002, -7.912906503999977, 0.0], [112.56689524600006, -7.913241970999934, 0.0], [112.56651631300008, -7.91337972499997, 0.0], [112.56611259900001, -7.9135300459999485, 0.0], [112.56578964900007, -7.913679973999933, 0.0], [112.56549332200007, -7.913829891999967, 0.0], [112.56527867800003, -7.913925260999974, 0.0], [112.56500034200008, -7.913888424999925, 0.0], [112.56481030900011, -7.913807230999964, 0.0], [112.56474742300009, -7.913908267999943, 0.0], [112.56471628800011, -7.91406127099998, 0.0], [112.56471019700007, -7.914091205999966, 0.0], [112.56462810500011, -7.9141166469999575, 0.0], [112.56459719000009, -7.914106506999929, 0.0], [112.56449512400002, -7.914073027999962, 0.0], [112.56436866600006, -7.914073501999951, 0.0], [112.56424863200004, -7.914111831999946, 0.0], [112.56420184600006, -7.91424877299994, 0.0], [112.56418613000005, -7.914294773999927, 0.0], [112.56411645900005, -7.914282378999928, 0.0], [112.56411170400008, -7.914275798999938, 0.0], [112.56405293500006, -7.914194471999963, 0.0], [112.56398912200007, -7.9140497919999575, 0.0], [112.56390665000004, -7.913974431999975, 0.0], [112.56372321100002, -7.913956224999936, 0.0], [112.56350171000008, -7.913919265999937, 0.0], [112.56333705200007, -7.913844304999941, 0.0], [112.56309410000006, -7.913790519999964, 0.0], [112.56303582500004, -7.9138114719999635, 0.0], [112.56311926800004, -7.91363462299995, 0.0], [112.5632334820001, -7.9134704409999586, 0.0], [112.56327274300008, -7.913306257999977, 0.0], [112.56337624900004, -7.912788724999928, 0.0], [112.56362704500009, -7.912769450999974, 0.0], [112.56378504100007, -7.912744704999966, 0.0], [112.56379265500004, -7.912280233999979, 0.0], [112.56379646200003, -7.912238355999932, 0.0], [112.56380788400008, -7.911884291999968, 0.0], [112.56382277300008, -7.911811141999976, 0.0], [112.563851666, -7.9116691889999515, 0.0], [112.5638821230001, -7.91137413499996, 0.0], [112.56391258000008, -7.910883014999968, 0.0], [112.56395445800001, -7.910211054999934, 0.0], [112.56408390100012, -7.9102319939999575, 0.0], [112.564135297, -7.910252932999981, 0.0], [112.564314233, -7.910273872999937, 0.0], [112.5644208330001, -7.910310039999956, 0.0], [112.56448365000006, -7.9103462079999645, 0.0], [112.56495192800003, -7.9103404979999254, 0.0], [112.56510231000004, -7.91031384799993, 0.0], [112.56530599200005, -7.910308136999959, 0.0], [112.56538594200003, -7.910252932999981, 0.0], [112.56553632400005, -7.910098743999981, 0.0], [112.56558391300007, -7.909853183999928, 0.0], [112.56563150200009, -7.909626658999969, 0.0], [112.56567718800011, -7.909451530999945, 0.0], [112.56573619900007, -7.909295437999958, 0.0], [112.56573239200009, -7.909143152999945, 0.0], [112.56569051300005, -7.908802413999979, 0.0], [112.56565624900009, -7.908606345999942, 0.0], [112.56563340100001, -7.908436938999955, 0.0], [112.56557820300009, -7.908027660999949, 0.0], [112.56547323500001, -7.907523749999939, 0.0], [112.56586334000008, -7.907511954999961, 0.0], [112.566153514, -7.907503180999981, 0.0], [112.56628168000009, -7.907512378999968, 0.0], [112.56640923600003, -7.9075215339999545, 0.0], [112.56666886000005, -7.907526450999967, 0.0], [112.56683306000002, -7.907501445999969, 0.0], [112.5669891230001, -7.90739141499995, 0.0], [112.56720059300005, -7.907228092999958, 0.0], [112.56728613900009, -7.907162023999945, 0.0], [112.56734546200005, -7.907145124999943, 0.0], [112.56746610700009, -7.907110758999977, 0.0], [112.56756925900004, -7.907137090999981, 0.0], [112.5676624670001, -7.90716088399995, 0.0], [112.56792318600003, -7.907302793999975, 0.0], [112.56805801400003, -7.907376180999961, 0.0], [112.56828766600006, -7.9074545829999465, 0.0], [112.5683293730001, -7.907468820999952, 0.0], [112.56839643500007, -7.907433727999944, 0.0], [112.56846801400002, -7.9072930149999365, 0.0], [112.56858729500004, -7.907080320999967, 0.0], [112.56867757500004, -7.90689875399994, 0.0], [112.56888768400006, -7.906837731999929, 0.0], [112.56898373600006, -7.906856510999944, 0.0], [112.56912303500008, -7.906889480999951, 0.0], [112.56918989500002, -7.906803101999969, 0.0], [112.5692232350001, -7.906735988999969, 0.0], [112.56928536900011, -7.906668765999939, 0.0], [112.56929016200002, -7.9065847559999725, 0.0], [112.56936440100003, -7.90651622799993, 0.0], [112.56940437600008, -7.906445795999957, 0.0], [112.56940627900008, -7.906398206999938, 0.0], [112.56940437600008, -7.906213559999969, 0.0], [112.56938153300007, -7.906106960999978, 0.0], [112.56932061900011, -7.9058994719999305, 0.0], [112.56927683900005, -7.905732526999941, 0.0], [112.56925589700006, -7.905612032999954, 0.0], [112.56935678700006, -7.905316978999963, 0.0], [112.5693837010001, -7.90513352399995, 0.0], [112.56964398200012, -7.904823492999981, 0.0], [112.56980752900006, -7.904753290999963, 0.0], [112.5701824680001, -7.904360270999973, 0.0], [112.57042645700005, -7.904158387999928, 0.0], [112.57063518600012, -7.904150425999944, 0.0], [112.57074683000008, -7.904167948999941, 0.0], [112.5708586510001, -7.9042321249999645, 0.0], [112.57104104900009, -7.904354859999955, 0.0], [112.57120052900007, -7.904413009999928, 0.0], [112.57146360900003, -7.90430521199994, 0.0], [112.57172631300011, -7.904293457999927, 0.0], [112.57200363200002, -7.904339067999956, 0.0], [112.57223763600007, -7.90435254199997, 0.0], [112.57246484100006, -7.9044838239999535, 0.0], [112.57306902900007, -7.904491305999954, 0.0], [112.5734234250001, -7.904374483999959, 0.0], [112.57349942500002, -7.904349431999947, 0.0], [112.57357370700004, -7.904324945999974, 0.0], [112.573681695, -7.904268112999944, 0.0], [112.57373055900007, -7.904145954999933, 0.0], [112.57378408600005, -7.904023737999978, 0.0], [112.57391306000011, -7.903865350999979, 0.0], [112.57411809700011, -7.903516477999972, 0.0], [112.57421829000009, -7.903361787999927, 0.0], [112.57428590100005, -7.903156979999949, 0.0], [112.57433960300011, -7.903081414999974, 0.0], [112.57439340100007, -7.903030970999964, 0.0], [112.5745524140001, -7.903027892999944, 0.0], [112.57488665400001, -7.902855664999947, 0.0], [112.57498183200005, -7.902840435999963, 0.0], [112.57505987900004, -7.902819496999939, 0.0], [112.57509985400009, -7.902804268999944, 0.0], [112.57515315400008, -7.902773811999964, 0.0], [112.57517218900011, -7.902754775999938, 0.0], [112.57520694900006, -7.90264420099993, 0.0], [112.57527299500009, -7.9027404399999455, 0.0]]]], "type": "MultiPolygon"}}, {"type": "Feature", "properties": {"village_name": "Junrejo", "district_name": "Junrejo", "kecamatan": "Junrejo", "kabupaten": "Kota Batu", "provinsi": "Jawa Timur", "kode_desa": "35.79.03.2003", "last_updated": "2026-09-01T08:57:00.626128+00:00", "hourly_temp_today": [19.9, 19.2, 18.6, 18.3, 17.9, 17.2, 17.5, 20.9, 22.8, 24.9, 26.6, 27.9, 28.7, 28.9, 28.3, 27.6, 25.9, 23.9, 22.3, 21.6, 20.9, 20.0, 19.3, 18.8], "suhu_current": 27.6, "suhu_siang_1200": 28.7, "suhu_malam_2400": 19.9}, "geometry": {"coordinates": [[[[112.55659081500005, -7.897603982999954, 0.0], [112.55681924400005, -7.897908553999969, 0.0], [112.557152685, -7.8983781609999255, 0.0], [112.55735378300005, -7.8987635979999595, 0.0], [112.55749532800007, -7.899034891999975, 0.0], [112.5576773570001, -7.899473901999954, 0.0], [112.5581948890001, -7.900516105999941, 0.0], [112.55830553400006, -7.900715980999962, 0.0], [112.55840547200012, -7.900783795999928, 0.0], [112.55858750000004, -7.900898009999935, 0.0], [112.55888374300002, -7.901030069999933, 0.0], [112.55890515800002, -7.901165698999932, 0.0], [112.5589444200001, -7.901426249999929, 0.0], [112.55904435700006, -7.901840275999973, 0.0], [112.55913715600002, -7.9019973209999534, 0.0], [112.55933920200005, -7.902720134999981, 0.0], [112.55939056800003, -7.902903894999952, 0.0], [112.5594476760001, -7.903210845999979, 0.0], [112.55908718700005, -7.903278659999955, 0.0], [112.558915866, -7.903278659999955, 0.0], [112.55885519000003, -7.903300075999937, 0.0], [112.5586838690001, -7.903582041999925, 0.0], [112.55869457600011, -7.903681978999941, 0.0], [112.55881235900006, -7.903810469999939, 0.0], [112.55887660500002, -7.903892560999964, 0.0], [112.55887660500002, -7.903949667999939, 0.0], [112.55887303600002, -7.9040745899999365, 0.0], [112.55887303600002, -7.904163819999951, 0.0], [112.55893728100011, -7.904270895999957, 0.0], [112.55894085000011, -7.904377970999974, 0.0], [112.5589586960001, -7.904467200999932, 0.0], [112.55903364900007, -7.9045492929999455, 0.0], [112.55905506400006, -7.90459569199993, 0.0], [112.55915500200001, -7.905016856999964, 0.0], [112.55922325800009, -7.905251302999943, 0.0], [112.55923709300009, -7.905298822999953, 0.0], [112.55929420000007, -7.905427313999951, 0.0], [112.55943339900011, -7.9056093429999805, 0.0], [112.5594797980001, -7.905680725999957, 0.0], [112.55950121300009, -7.905798509999954, 0.0], [112.55975837300002, -7.905833394999945, 0.0], [112.56012428800011, -7.905829037999979, 0.0], [112.5603283260001, -7.905849208999939, 0.0], [112.56048778800005, -7.905980198999941, 0.0], [112.5605213880001, -7.906141563999938, 0.0], [112.5606570000001, -7.906212456999981, 0.0], [112.56093589000011, -7.906295525999951, 0.0], [112.56113129000005, -7.906411426999966, 0.0], [112.5615229660001, -7.906876491999981, 0.0], [112.56254930300008, -7.9074224919999665, 0.0], [112.56297097400011, -7.907481151999946, 0.0], [112.56337909600006, -7.907533453999974, 0.0], [112.56369980700003, -7.907472441999971, 0.0], [112.56398742300007, -7.9073846379999395, 0.0], [112.56428735100008, -7.907380524999951, 0.0], [112.56454240200003, -7.907406484999967, 0.0], [112.56547323500001, -7.907523749999939, 0.0], [112.56557820300009, -7.908027660999949, 0.0], [112.56563340100001, -7.908436938999955, 0.0], [112.56565624900009, -7.908606345999942, 0.0], [112.56569051300005, -7.908802413999979, 0.0], [112.56573239200009, -7.909143152999945, 0.0], [112.56573619900007, -7.909295437999958, 0.0], [112.56567718800011, -7.909451530999945, 0.0], [112.56563150200009, -7.909626658999969, 0.0], [112.56558391300007, -7.909853183999928, 0.0], [112.56553632400005, -7.910098743999981, 0.0], [112.56538594200003, -7.910252932999981, 0.0], [112.56530599200005, -7.910308136999959, 0.0], [112.56510231000004, -7.91031384799993, 0.0], [112.56495192800003, -7.9103404979999254, 0.0], [112.56448365000006, -7.9103462079999645, 0.0], [112.5644208330001, -7.910310039999956, 0.0], [112.564314233, -7.910273872999937, 0.0], [112.564135297, -7.910252932999981, 0.0], [112.56408390100012, -7.9102319939999575, 0.0], [112.56395445800001, -7.910211054999934, 0.0], [112.56391258000008, -7.910883014999968, 0.0], [112.5638821230001, -7.91137413499996, 0.0], [112.563851666, -7.9116691889999515, 0.0], [112.56382277300008, -7.911811141999976, 0.0], [112.56380788400008, -7.911884291999968, 0.0], [112.56379646200003, -7.912238355999932, 0.0], [112.56379265500004, -7.912280233999979, 0.0], [112.56378504100007, -7.912744704999966, 0.0], [112.56362704500009, -7.912769450999974, 0.0], [112.56337624900004, -7.912788724999928, 0.0], [112.56327274300008, -7.913306257999977, 0.0], [112.5632334820001, -7.9134704409999586, 0.0], [112.56311926800004, -7.91363462299995, 0.0], [112.56303582500004, -7.9138114719999635, 0.0], [112.5630056760001, -7.913822311999979, 0.0], [112.56294283700004, -7.9139360049999254, 0.0], [112.56294219400002, -7.913938611999981, 0.0], [112.56288059400003, -7.91418819699993, 0.0], [112.56283748600003, -7.91449709099993, 0.0], [112.56269198500001, -7.914485069999955, 0.0], [112.56214978000003, -7.91443805199998, 0.0], [112.56213533300001, -7.91443679899993, 0.0], [112.56213438700001, -7.914443342999959, 0.0], [112.56203052400008, -7.915161696999974, 0.0], [112.56143604700003, -7.915157683999951, 0.0], [112.56136806400002, -7.915573710999979, 0.0], [112.56146943600004, -7.915623776999951, 0.0], [112.56144902900007, -7.9157653379999715, 0.0], [112.56141917500008, -7.91623799599995, 0.0], [112.56136871700005, -7.916263407999963, 0.0], [112.56133210600001, -7.916610066999965, 0.0], [112.56128795300003, -7.916641783999978, 0.0], [112.5607066340001, -7.916776221999953, 0.0], [112.5605930260001, -7.916833330999964, 0.0], [112.56051920800007, -7.91738806099994, 0.0], [112.55947580000009, -7.917385724999974, 0.0], [112.55933589800009, -7.918087158999981, 0.0], [112.55873558500002, -7.918202860999941, 0.0], [112.55872994300012, -7.918372933999933, 0.0], [112.55842596800005, -7.918260701999941, 0.0], [112.55800389900003, -7.9187032749999275, 0.0], [112.55780798400008, -7.91872922999994, 0.0], [112.55765655500011, -7.91881170299996, 0.0], [112.55750483800011, -7.918837492999955, 0.0], [112.55730273200004, -7.918907587999968, 0.0], [112.55723365600011, -7.919033780999939, 0.0], [112.5568850300001, -7.918820911999944, 0.0], [112.55670142300005, -7.918758584999978, 0.0], [112.55663782800002, -7.918651692999958, 0.0], [112.55651065400002, -7.918482024999946, 0.0], [112.55630172300005, -7.9184072259999425, 0.0], [112.55605496600003, -7.918376685999931, 0.0], [112.55590932200005, -7.918326782999941, 0.0], [112.55568106400005, -7.918163819999961, 0.0], [112.55547855700001, -7.918126785999959, 0.0], [112.55543430800003, -7.9181332799999495, 0.0], [112.55543437900008, -7.9181521739999425, 0.0], [112.55547277100004, -7.918259070999966, 0.0], [112.55538581100006, -7.9186815869999805, 0.0], [112.55505930300001, -7.918742833999943, 0.0], [112.55499922700005, -7.919593680999981, 0.0], [112.5548861850001, -7.919801943999971, 0.0], [112.55480413900011, -7.919840129999955, 0.0], [112.554766459, -7.919903191999936, 0.0], [112.55475376900006, -7.91990956799998, 0.0], [112.55415309600005, -7.919930701999931, 0.0], [112.55409736700005, -7.920245971999975, 0.0], [112.55316793600002, -7.920287224999981, 0.0], [112.55305657500003, -7.919248068999934, 0.0], [112.55182976000003, -7.919258873999979, 0.0], [112.5517795830001, -7.919359952999969, 0.0], [112.55179427400003, -7.919908025999973, 0.0], [112.55151609500001, -7.919934284999954, 0.0], [112.55147975900002, -7.920356521999963, 0.0], [112.55085389800001, -7.9204218629999446, 0.0], [112.55005747100006, -7.9205130609999514, 0.0], [112.54958917900001, -7.920600327999978, 0.0], [112.5491120150001, -7.920689248999963, 0.0], [112.54912345900004, -7.922050169999977, 0.0], [112.54824693, -7.922156482999981, 0.0], [112.548200468, -7.9205517319999785, 0.0], [112.54890788600005, -7.92042349999997, 0.0], [112.5487689250001, -7.920160843999952, 0.0], [112.5487215060001, -7.918018435999954, 0.0], [112.54861770000002, -7.9173775479999335, 0.0], [112.54850259500006, -7.9166669019999745, 0.0], [112.54848831800007, -7.9164479919999735, 0.0], [112.54858825600002, -7.916367089999937, 0.0], [112.54861769900003, -7.916350264999949, 0.0], [112.54875481800002, -7.9162719119999565, 0.0], [112.54920691600012, -7.916005411999947, 0.0], [112.54931637100003, -7.915867402999936, 0.0], [112.54938299600008, -7.915719876999958, 0.0], [112.54948769200007, -7.915175455999929, 0.0], [112.5495314740001, -7.914975580999965, 0.0], [112.54957525600003, -7.914710984999942, 0.0], [112.5496628200001, -7.914434967999966, 0.0], [112.549759902, -7.914233188999958, 0.0], [112.54982462400005, -7.9141551429999595, 0.0], [112.5498645990001, -7.914126589999967, 0.0], [112.55005114800008, -7.914008567999929, 0.0], [112.55010254500007, -7.9139152929999454, 0.0], [112.55016345900003, -7.913852475999931, 0.0], [112.55022247000011, -7.91381630799998, 0.0], [112.55027196200001, -7.9138125009999385, 0.0], [112.55051561900007, -7.913783946999956, 0.0], [112.55072881900003, -7.913738260999935, 0.0], [112.55118186800007, -7.913504122999939, 0.0], [112.5512009040001, -7.913490797999941, 0.0], [112.5512503970001, -7.913439400999948, 0.0], [112.55157781100002, -7.913271886999951, 0.0], [112.55170344600003, -7.913231911999958, 0.0], [112.55198898100002, -7.913209068999947, 0.0], [112.55191664600011, -7.912516169999947, 0.0], [112.55185343500011, -7.912154077999958, 0.0], [112.55146549400001, -7.912299555999937, 0.0], [112.5514268280001, -7.912121095999964, 0.0], [112.551391136, -7.912025917999927, 0.0], [112.551307855, -7.911972379999952, 0.0], [112.55118840800003, -7.9119345249999355, 0.0], [112.55105384900003, -7.911963976999971, 0.0], [112.55077865400006, -7.912024211999949, 0.0], [112.5500021250001, -7.912180582999952, 0.0], [112.54991798800006, -7.912194193999937, 0.0], [112.549799871, -7.912213300999952, 0.0], [112.54973443600011, -7.912213300999952, 0.0], [112.54962865100003, -7.912237907999952, 0.0], [112.5495792800001, -7.912238579999951, 0.0], [112.54946972100004, -7.912240069999939, 0.0], [112.54946079800004, -7.912240069999939, 0.0], [112.54933290200006, -7.912201402999926, 0.0], [112.54932397900006, -7.91219545499996, 0.0], [112.54924069800006, -7.9121419169999285, 0.0], [112.5490681870001, -7.912076481999975, 0.0], [112.54872316500007, -7.911972379999952, 0.0], [112.54861769900003, -7.911964624999939, 0.0], [112.54852091100008, -7.911957508999933, 0.0], [112.548440604, -7.911960482999973, 0.0], [112.54832163100002, -7.911963456999956, 0.0], [112.54811937700003, -7.911969405999969, 0.0], [112.54793794300008, -7.9119902259999435, 0.0], [112.54778327800011, -7.912049712999931, 0.0], [112.54768215100012, -7.912103250999962, 0.0], [112.54764051000006, -7.912168685999973, 0.0], [112.54759292100005, -7.912231146999943, 0.0], [112.5475334350001, -7.912240069999939, 0.0], [112.5474590770001, -7.912240069999939, 0.0], [112.54732225800001, -7.912216274999935, 0.0], [112.54706646500006, -7.912150839999981, 0.0], [112.54693202600004, -7.912082429999941, 0.0], [112.54683684700001, -7.9120015289999515, 0.0], [112.54681781200009, -7.911892072999933, 0.0], [112.546746428, -7.91180165399993, 0.0], [112.5466226960001, -7.911692198999958, 0.0], [112.54655131200002, -7.911673162999932, 0.0], [112.54638475000002, -7.911635091999926, 0.0], [112.5463657140001, -7.91162557399997, 0.0], [112.5462895710001, -7.911577984999951, 0.0], [112.54622770500009, -7.911577984999951, 0.0], [112.5461230090001, -7.911592260999953, 0.0], [112.54598500000009, -7.911620814999935, 0.0], [112.54582319700012, -7.911597019999931, 0.0], [112.54564711700004, -7.911497082999972, 0.0], [112.54558841000005, -7.911464467999963, 0.0], [112.54556145600009, -7.911449493999953, 0.0], [112.54540441200004, -7.911468528999933, 0.0], [112.54521881400001, -7.91150184199995, 0.0], [112.54489044800005, -7.91156370799996, 0.0], [112.54480954700011, -7.911587501999975, 0.0], [112.54483334100007, -7.911149681999973, 0.0], [112.54489044800005, -7.910711860999982, 0.0], [112.54490191400009, -7.910545602999946, 0.0], [112.54490948400007, -7.910435842999959, 0.0], [112.54490948400007, -7.910312110999939, 0.0], [112.54486665400009, -7.910264521999977, 0.0], [112.54433365400007, -7.910155066999948, 0.0], [112.5443526900001, -7.909912361999943, 0.0], [112.54380541400008, -7.909793388999958, 0.0], [112.54380541400008, -7.91008844199996, 0.0], [112.5429916380001, -7.910221691999936, 0.0], [112.54291549600009, -7.910083682999925, 0.0], [112.54280842000003, -7.909948053999926, 0.0], [112.54150923400005, -7.910276418999956, 0.0], [112.54056696800001, -7.910440601999937, 0.0], [112.5401172500001, -7.910312110999939, 0.0], [112.53996734400005, -7.910247865999963, 0.0], [112.53995306700006, -7.910133651999956, 0.0], [112.54005300400001, -7.910012298999959, 0.0], [112.54042420000007, -7.909862392999969, 0.0], [112.5406312130001, -7.909648241999946, 0.0], [112.5406312130001, -7.909526888999949, 0.0], [112.54058838300011, -7.9089843719999635, 0.0], [112.54015294200008, -7.9090272019999475, 0.0], [112.54001731200003, -7.909048616999939, 0.0], [112.53998875900004, -7.9088201889999254, 0.0], [112.5390964610001, -7.908791635999933, 0.0], [112.53911073800009, -7.908363332999954, 0.0], [112.5388218710001, -7.908338585999957, 0.0], [112.53882758200007, -7.9079293189999476, 0.0], [112.53820130800011, -7.90823579399995, 0.0], [112.53826602900006, -7.907997846999933, 0.0], [112.53830640400008, -7.9078942339999685, 0.0], [112.53842402500004, -7.907592386999966, 0.0], [112.53850587900001, -7.907419162999929, 0.0], [112.53849065000009, -7.907124108999938, 0.0], [112.53824699300003, -7.907131723999953, 0.0], [112.53796716900001, -7.907154566999964, 0.0], [112.53766259800011, -7.907196444999954, 0.0], [112.53764927300006, -7.906979437999951, 0.0], [112.5377691970001, -7.9069623059999685, 0.0], [112.53779180100003, -7.906840497999951, 0.0], [112.53781737200006, -7.906702701999961, 0.0], [112.53785865400005, -7.9064628699999275, 0.0], [112.53789822700003, -7.906216790999963, 0.0], [112.53792705100011, -7.90603755199993, 0.0], [112.53799486600008, -7.905163099999982, 0.0], [112.5375359520001, -7.9050642899999275, 0.0], [112.53758795400006, -7.904716528999927, 0.0], [112.53779020800005, -7.904317968999976, 0.0], [112.53790918100003, -7.903937255999949, 0.0], [112.53800436000006, -7.903806384999939, 0.0], [112.53850999500003, -7.9038123339999515, 0.0], [112.53909296300003, -7.903871819999949, 0.0], [112.53931306300001, -7.9039075119999325, 0.0], [112.53950342000007, -7.904008638999926, 0.0], [112.53958670100008, -7.903497054999946, 0.0], [112.53962239300006, -7.903330492999942, 0.0], [112.53956290700012, -7.902604756999949, 0.0], [112.53951531700011, -7.902390605999926, 0.0], [112.53948074300001, -7.902132518999963, 0.0], [112.53947114900006, -7.90206090199996, 0.0], [112.53953658400007, -7.9019538259999536, 0.0], [112.53957822400002, -7.901935979999962, 0.0], [112.5399351430001, -7.901930031999939, 0.0], [112.54094046600005, -7.901817006999977, 0.0], [112.54146989600008, -7.901662341999952, 0.0], [112.54158292000011, -7.901626649999969, 0.0], [112.541713791, -7.901537420999944, 0.0], [112.54189819900012, -7.901495779999948, 0.0], [112.54239193700005, -7.901483882999969, 0.0], [112.54276670200011, -7.901418446999969, 0.0], [112.5430522370001, -7.901382755999975, 0.0], [112.54371253800002, -7.901418446999969, 0.0], [112.54375417800009, -7.9010793739999485, 0.0], [112.54385530600007, -7.900686762999953, 0.0], [112.54393263800011, -7.900538046999941, 0.0], [112.54401591900012, -7.90037743299996, 0.0], [112.54414678900002, -7.900222767999935, 0.0], [112.54423057700001, -7.9001581319999445, 0.0], [112.54435499200008, -7.900062154999944, 0.0], [112.54450965700005, -7.899943181999959, 0.0], [112.54465837400005, -7.8999074899999755, 0.0], [112.54477139800008, -7.899901540999963, 0.0], [112.54484873000001, -7.899901540999963, 0.0], [112.54492606300005, -7.899889643999927, 0.0], [112.54505693300007, -7.899848002999931, 0.0], [112.54516995800009, -7.899764721999929, 0.0], [112.54530677700006, -7.899693337999963, 0.0], [112.54552687700004, -7.899693337999963, 0.0], [112.54581241200003, -7.899794464999957, 0.0], [112.54606225600003, -7.899937232999946, 0.0], [112.5461693310001, -7.899966975999973, 0.0], [112.54630020200011, -7.899931283999933, 0.0], [112.54639538000004, -7.899901540999963, 0.0], [112.54649015100006, -7.899879822999935, 0.0], [112.54668091500002, -7.8998361059999525, 0.0], [112.54695455300009, -7.899842054999965, 0.0], [112.54747803500004, -7.899842054999965, 0.0], [112.54772193000008, -7.899859899999967, 0.0], [112.54797177300009, -7.899877745999959, 0.0], [112.5481487400001, -7.8998606009999435, 0.0], [112.54819782200002, -7.899855844999934, 0.0], [112.54861184800006, -7.899834429999942, 0.0], [112.54966476000004, -7.899734492999926, 0.0], [112.55008235500009, -7.899677385999951, 0.0], [112.55032149100009, -7.89966667799996, 0.0], [112.55039644400006, -7.899630985999977, 0.0], [112.55065342600005, -7.899448957999937, 0.0], [112.55087471500008, -7.899288343999956, 0.0], [112.55091397700005, -7.899220528999933, 0.0], [112.55092111500005, -7.899152714999957, 0.0], [112.55095323800003, -7.899109883999927, 0.0], [112.55098536000003, -7.8990920389999815, 0.0], [112.55102462200011, -7.899095607999925, 0.0], [112.55123163500002, -7.899134868999965, 0.0], [112.55155286200011, -7.89918840699994, 0.0], [112.55158855400009, -7.899209821999932, 0.0], [112.55163495300008, -7.899216959999933, 0.0], [112.55166350700006, -7.899202682999942, 0.0], [112.55169206000005, -7.899152714999957, 0.0], [112.55173132100003, -7.899049207999951, 0.0], [112.55178842800001, -7.898959977999937, 0.0], [112.55187052000008, -7.898874317999969, 0.0], [112.55197902600003, -7.898793281999929, 0.0], [112.5520811020001, -7.89869585799994, 0.0], [112.55216915000005, -7.898638885999958, 0.0], [112.55220245500004, -7.8986173359999725, 0.0], [112.55229882300011, -7.89859235199998, 0.0], [112.55243445200006, -7.89855309099994, 0.0], [112.55250226700002, -7.89855309099994, 0.0], [112.5525807890001, -7.898567366999941, 0.0], [112.55264503400008, -7.898624473999973, 0.0], [112.55276305500001, -7.898749663999979, 0.0], [112.55279137100001, -7.898781518999954, 0.0], [112.5528413400001, -7.898799364999945, 0.0], [112.55291272400007, -7.898799364999945, 0.0], [112.55297696900004, -7.898806502999946, 0.0], [112.55304478400001, -7.89884933299993, 0.0], [112.5530804760001, -7.898910009999952, 0.0], [112.5530769070001, -7.898931424999944, 0.0], [112.55304121500001, -7.898981393999975, 0.0], [112.55300909200002, -7.899024223999959, 0.0], [112.55301266100003, -7.8990777619999335, 0.0], [112.553037646, -7.899142006999966, 0.0], [112.55307333700011, -7.899195544999941, 0.0], [112.55312687500009, -7.89922409899998, 0.0], [112.55319112100005, -7.899245513999972, 0.0], [112.55338028800008, -7.899316897999938, 0.0], [112.55365630500012, -7.899395716999948, 0.0], [112.55377889300007, -7.899457305999931, 0.0], [112.55380507400002, -7.899399788999972, 0.0], [112.55382640000005, -7.899327935999963, 0.0], [112.55391201200007, -7.899121865999973, 0.0], [112.55401734800012, -7.899056876999964, 0.0], [112.55417062900005, -7.898979747999931, 0.0], [112.55426306800007, -7.89898169099996, 0.0], [112.5543439700001, -7.89898169099996, 0.0], [112.55454860300006, -7.899034038999957, 0.0], [112.55469375000007, -7.899086386999954, 0.0], [112.55478417000006, -7.8991315969999505, 0.0], [112.55484555600003, -7.899156673999926, 0.0], [112.55492012800005, -7.899206637999953, 0.0], [112.5549156510001, -7.899292783999954, 0.0], [112.55494951200001, -7.899364430999981, 0.0], [112.55499063500008, -7.899452799999949, 0.0], [112.5550053180001, -7.899529303999941, 0.0], [112.5550200460001, -7.899617770999953, 0.0], [112.55509825900003, -7.899681252999926, 0.0], [112.55520105500011, -7.899897014999965, 0.0], [112.55534968000006, -7.899858182999935, 0.0], [112.55548304000001, -7.899587337999947, 0.0], [112.55554385200003, -7.899445685999979, 0.0], [112.55563903100006, -7.8993505069999514, 0.0], [112.55583890600008, -7.8990887669999665, 0.0], [112.55595424800003, -7.898873127999934, 0.0], [112.55605781600002, -7.898679498999968, 0.0], [112.55626720900011, -7.898279749999972, 0.0], [112.55630528000006, -7.897927589999938, 0.0], [112.55630528000006, -7.897603982999954, 0.0], [112.55632431600009, -7.897442179999928, 0.0], [112.55639094100002, -7.8974136259999455, 0.0], [112.55659081500005, -7.897603982999954, 0.0]]]], "type": "MultiPolygon"}}, {"type": "Feature", "properties": {"village_name": "Mojorejo", "district_name": "Junrejo", "kecamatan": "Junrejo", "kabupaten": "Kota Batu", "provinsi": "Jawa Timur", "kode_desa": "35.79.03.2005", "last_updated": "2026-09-01T08:57:00.626128+00:00", "hourly_temp_today": [20.4, 19.7, 19.1, 18.8, 18.4, 17.7, 18.0, 21.4, 23.3, 25.4, 27.1, 28.4, 29.2, 29.4, 28.8, 28.1, 26.4, 24.4, 22.8, 22.1, 21.4, 20.5, 19.8, 19.3], "suhu_current": 28.1, "suhu_siang_1200": 29.2, "suhu_malam_2400": 20.4}, "geometry": {"coordinates": [[[[112.56144673600011, -7.8932848779999745, 0.0], [112.56150262500012, -7.893285650999928, 0.0], [112.56160017000002, -7.893294039999944, 0.0], [112.56169507600009, -7.893343602999948, 0.0], [112.56196602600005, -7.893906687999959, 0.0], [112.56211552200011, -7.89415792099993, 0.0], [112.56233488300006, -7.8944611439999335, 0.0], [112.56244748000006, -7.894584357999975, 0.0], [112.56249327900002, -7.894634477999944, 0.0], [112.56283495600007, -7.894866628999978, 0.0], [112.56320303000007, -7.895041212999956, 0.0], [112.56445329100006, -7.895089495999969, 0.0], [112.56516295100005, -7.895134508999945, 0.0], [112.5658328180001, -7.895419945999947, 0.0], [112.56627383000011, -7.895625711999969, 0.0], [112.56692520700005, -7.896051040999964, 0.0], [112.56709816300008, -7.89616885099997, 0.0], [112.56713043600007, -7.896190833999981, 0.0], [112.56725833200005, -7.896250320999968, 0.0], [112.5674100230001, -7.896250320999968, 0.0], [112.56744868900012, -7.896256269999981, 0.0], [112.56776099300009, -7.896202731999949, 0.0], [112.56791268400002, -7.896137296999939, 0.0], [112.56801083700009, -7.8961224249999304, 0.0], [112.56808816900002, -7.8961224249999304, 0.0], [112.56816252700003, -7.896140270999979, 0.0], [112.56819524500008, -7.896155141999941, 0.0], [112.56828447500004, -7.896217602999968, 0.0], [112.56836478100001, -7.896309806999966, 0.0], [112.56874103000007, -7.8966618489999405, 0.0], [112.56885152300003, -7.896747988999948, 0.0], [112.56891122000002, -7.896782491999943, 0.0], [112.56901571900005, -7.896826519999934, 0.0], [112.56934797300005, -7.89697916199998, 0.0], [112.56971343800001, -7.897152131999974, 0.0], [112.56992371700005, -7.897230711999953, 0.0], [112.57009583900003, -7.897205079999935, 0.0], [112.57023860700008, -7.897193181999967, 0.0], [112.57031593900001, -7.897190207999927, 0.0], [112.57034865700007, -7.897196156999939, 0.0], [112.57036650300006, -7.897196156999939, 0.0], [112.57039327200005, -7.897214002999931, 0.0], [112.57042598900011, -7.897249694999971, 0.0], [112.57050332200004, -7.897350821999964, 0.0], [112.57056280800009, -7.897422204999941, 0.0], [112.57062824400009, -7.8974697949999495, 0.0], [112.57077101100003, -7.897544152999956, 0.0], [112.57085429200004, -7.897591741999975, 0.0], [112.57100300900004, -7.897654202999945, 0.0], [112.57171195000001, -7.8979290199999355, 0.0], [112.5719459500001, -7.898019728999941, 0.0], [112.57222413300008, -7.898109713999929, 0.0], [112.57238876200006, -7.898166200999981, 0.0], [112.57274181000002, -7.898285758999975, 0.0], [112.57275522900011, -7.898351459999958, 0.0], [112.57280311500006, -7.898585900999933, 0.0], [112.57284594500004, -7.898728667999933, 0.0], [112.57278170000006, -7.89903561899996, 0.0], [112.57274600800008, -7.8993282929999395, 0.0], [112.57278883800006, -7.899528166999971, 0.0], [112.57290305200002, -7.8997137649999445, 0.0], [112.57302440500007, -7.899770871999976, 0.0], [112.57311720400003, -7.899770871999976, 0.0], [112.57319572600011, -7.899720903999935, 0.0], [112.57325997100008, -7.899570997999945, 0.0], [112.57338132400002, -7.8993497079999315, 0.0], [112.57361689000004, -7.899199801999941, 0.0], [112.57375252000008, -7.899214077999943, 0.0], [112.57394525600012, -7.899299738999957, 0.0], [112.57412371600003, -7.89947819899993, 0.0], [112.57425934500009, -7.8995995509999375, 0.0], [112.57431645200006, -7.899763733999976, 0.0], [112.57427362200008, -7.899935054999958, 0.0], [112.574187961, -7.900206313999945, 0.0], [112.57404519300007, -7.900491848999934, 0.0], [112.5739809480001, -7.90074883099993, 0.0], [112.57401664000008, -7.900848767999946, 0.0], [112.57413085400003, -7.900941566999961, 0.0], [112.57420223800011, -7.900984396999945, 0.0], [112.57434500500005, -7.901012950999927, 0.0], [112.5744877730001, -7.90107719599996, 0.0], [112.57457343400006, -7.901162856999974, 0.0], [112.57468764800001, -7.901384146999931, 0.0], [112.57477330800009, -7.901641128999927, 0.0], [112.57486610700005, -7.901841002999959, 0.0], [112.57491607600002, -7.902133676999938, 0.0], [112.57502315200009, -7.902376381999943, 0.0], [112.57502882500012, -7.902384646999963, 0.0], [112.57520694900006, -7.90264420099993, 0.0], [112.57517218900011, -7.902754775999938, 0.0], [112.57515315400008, -7.902773811999964, 0.0], [112.57509985400009, -7.902804268999944, 0.0], [112.57505987900004, -7.902819496999939, 0.0], [112.57498183200005, -7.902840435999963, 0.0], [112.57488665400001, -7.902855664999947, 0.0], [112.5745524140001, -7.903027892999944, 0.0], [112.57439340100007, -7.903030970999964, 0.0], [112.57433960300011, -7.903081414999974, 0.0], [112.57428590100005, -7.903156979999949, 0.0], [112.57421829000009, -7.903361787999927, 0.0], [112.57411809700011, -7.903516477999972, 0.0], [112.57391306000011, -7.903865350999979, 0.0], [112.57378408600005, -7.904023737999978, 0.0], [112.57373055900007, -7.904145954999933, 0.0], [112.573681695, -7.904268112999944, 0.0], [112.57357370700004, -7.904324945999974, 0.0], [112.57349942500002, -7.904349431999947, 0.0], [112.5734234250001, -7.904374483999959, 0.0], [112.57306902900007, -7.904491305999954, 0.0], [112.57246484100006, -7.9044838239999535, 0.0], [112.57223763600007, -7.90435254199997, 0.0], [112.57200363200002, -7.904339067999956, 0.0], [112.57172631300011, -7.904293457999927, 0.0], [112.57146360900003, -7.90430521199994, 0.0], [112.57120052900007, -7.904413009999928, 0.0], [112.57104104900009, -7.904354859999955, 0.0], [112.5708586510001, -7.9042321249999645, 0.0], [112.57074683000008, -7.904167948999941, 0.0], [112.57063518600012, -7.904150425999944, 0.0], [112.57042645700005, -7.904158387999928, 0.0], [112.5701824680001, -7.904360270999973, 0.0], [112.56980752900006, -7.904753290999963, 0.0], [112.56964398200012, -7.904823492999981, 0.0], [112.5693837010001, -7.90513352399995, 0.0], [112.56935678700006, -7.905316978999963, 0.0], [112.56925589700006, -7.905612032999954, 0.0], [112.56927683900005, -7.905732526999941, 0.0], [112.56932061900011, -7.9058994719999305, 0.0], [112.56938153300007, -7.906106960999978, 0.0], [112.56940437600008, -7.906213559999969, 0.0], [112.56940627900008, -7.906398206999938, 0.0], [112.56940437600008, -7.906445795999957, 0.0], [112.56936440100003, -7.90651622799993, 0.0], [112.56929016200002, -7.9065847559999725, 0.0], [112.56928536900011, -7.906668765999939, 0.0], [112.5692232350001, -7.906735988999969, 0.0], [112.56918989500002, -7.906803101999969, 0.0], [112.56912303500008, -7.906889480999951, 0.0], [112.56898373600006, -7.906856510999944, 0.0], [112.56888768400006, -7.906837731999929, 0.0], [112.56867757500004, -7.90689875399994, 0.0], [112.56858729500004, -7.907080320999967, 0.0], [112.56846801400002, -7.9072930149999365, 0.0], [112.56839643500007, -7.907433727999944, 0.0], [112.5683293730001, -7.907468820999952, 0.0], [112.56828766600006, -7.9074545829999465, 0.0], [112.56805801400003, -7.907376180999961, 0.0], [112.56792318600003, -7.907302793999975, 0.0], [112.5676624670001, -7.90716088399995, 0.0], [112.56756925900004, -7.907137090999981, 0.0], [112.56746610700009, -7.907110758999977, 0.0], [112.56734546200005, -7.907145124999943, 0.0], [112.56728613900009, -7.907162023999945, 0.0], [112.56720059300005, -7.907228092999958, 0.0], [112.5669891230001, -7.90739141499995, 0.0], [112.56683306000002, -7.907501445999969, 0.0], [112.56666886000005, -7.907526450999967, 0.0], [112.56640923600003, -7.9075215339999545, 0.0], [112.56628168000009, -7.907512378999968, 0.0], [112.566153514, -7.907503180999981, 0.0], [112.56586334000008, -7.907511954999961, 0.0], [112.56547323500001, -7.907523749999939, 0.0], [112.56454240200003, -7.907406484999967, 0.0], [112.56428735100008, -7.907380524999951, 0.0], [112.56398742300007, -7.9073846379999395, 0.0], [112.56369980700003, -7.907472441999971, 0.0], [112.56337909600006, -7.907533453999974, 0.0], [112.56297097400011, -7.907481151999946, 0.0], [112.56254930300008, -7.9074224919999665, 0.0], [112.5615229660001, -7.906876491999981, 0.0], [112.56113129000005, -7.906411426999966, 0.0], [112.56093589000011, -7.906295525999951, 0.0], [112.5606570000001, -7.906212456999981, 0.0], [112.5605213880001, -7.906141563999938, 0.0], [112.56048778800005, -7.905980198999941, 0.0], [112.5603283260001, -7.905849208999939, 0.0], [112.56012428800011, -7.905829037999979, 0.0], [112.55975837300002, -7.905833394999945, 0.0], [112.55950121300009, -7.905798509999954, 0.0], [112.5594797980001, -7.905680725999957, 0.0], [112.55943339900011, -7.9056093429999805, 0.0], [112.55929420000007, -7.905427313999951, 0.0], [112.55923709300009, -7.905298822999953, 0.0], [112.55922325800009, -7.905251302999943, 0.0], [112.55915500200001, -7.905016856999964, 0.0], [112.55905506400006, -7.90459569199993, 0.0], [112.55903364900007, -7.9045492929999455, 0.0], [112.5589586960001, -7.904467200999932, 0.0], [112.55894085000011, -7.904377970999974, 0.0], [112.55893728100011, -7.904270895999957, 0.0], [112.55887303600002, -7.904163819999951, 0.0], [112.55887303600002, -7.9040745899999365, 0.0], [112.55887660500002, -7.903949667999939, 0.0], [112.55887660500002, -7.903892560999964, 0.0], [112.55881235900006, -7.903810469999939, 0.0], [112.55869457600011, -7.903681978999941, 0.0], [112.5586838690001, -7.903582041999925, 0.0], [112.55885519000003, -7.903300075999937, 0.0], [112.558915866, -7.903278659999955, 0.0], [112.55908718700005, -7.903278659999955, 0.0], [112.5594476760001, -7.903210845999979, 0.0], [112.55939056800003, -7.902903894999952, 0.0], [112.55933920200005, -7.902720134999981, 0.0], [112.55913715600002, -7.9019973209999534, 0.0], [112.55904435700006, -7.901840275999973, 0.0], [112.5589444200001, -7.901426249999929, 0.0], [112.55890515800002, -7.901165698999932, 0.0], [112.55888374300002, -7.901030069999933, 0.0], [112.55858750000004, -7.900898009999935, 0.0], [112.55840547200012, -7.900783795999928, 0.0], [112.55830553400006, -7.900715980999962, 0.0], [112.5581948890001, -7.900516105999941, 0.0], [112.5576773570001, -7.899473901999954, 0.0], [112.55749532800007, -7.899034891999975, 0.0], [112.55735378300005, -7.8987635979999595, 0.0], [112.557152685, -7.8983781609999255, 0.0], [112.55725976100007, -7.898296068999969, 0.0], [112.55738111400001, -7.898181854999962, 0.0], [112.55750603500007, -7.89797484199994, 0.0], [112.55780941700004, -7.897432324999954, 0.0], [112.55801999900007, -7.897125373999927, 0.0], [112.55816276700011, -7.896975467999937, 0.0], [112.55851611700007, -7.896725624999931, 0.0], [112.55874454500008, -7.896586425999942, 0.0], [112.55907766900009, -7.896403921999934, 0.0], [112.55938699900003, -7.896227841999973, 0.0], [112.55965825800001, -7.896151698999972, 0.0], [112.55966301700005, -7.89507142399998, 0.0], [112.55964874000006, -7.894838235999941, 0.0], [112.55962850600008, -7.894711359999974, 0.0], [112.56004084100005, -7.894201488999954, 0.0], [112.56030420100001, -7.894020836999971, 0.0], [112.5604930290001, -7.893807445999926, 0.0], [112.56054457800008, -7.893766872999947, 0.0], [112.56060588900004, -7.893726148999974, 0.0], [112.56070517, -7.893740560999959, 0.0], [112.56084693900004, -7.893709788999956, 0.0], [112.56093559200008, -7.893665227999975, 0.0], [112.56108104400005, -7.893550876999939, 0.0], [112.56124289900004, -7.893418905999965, 0.0], [112.56142056200008, -7.8932848779999745, 0.0], [112.56144673600011, -7.8932848779999745, 0.0]]]], "type": "MultiPolygon"}}, {"type": "Feature", "properties": {"village_name": "Oro-oro Ombo", "district_name": "Batu", "kecamatan": "Batu", "kabupaten": "Kota Batu", "provinsi": "Jawa Timur", "kode_desa": "35.79.01.2006", "last_updated": "2026-09-01T08:57:00.626128+00:00", "hourly_temp_today": [16.4, 15.8, 15.5, 15.0, 14.3, 13.5, 13.6, 18.1, 19.8, 22.3, 24.3, 25.3, 25.7, 25.7, 26.0, 24.9, 23.0, 20.7, 18.8, 17.8, 17.2, 16.6, 16.0, 15.6], "suhu_current": 24.9, "suhu_siang_1200": 25.7, "suhu_malam_2400": 16.4}, "geometry": {"coordinates": [[[[112.53527954100002, -7.888123700999927, 0.0], [112.5370808450001, -7.88817047699996, 0.0], [112.53747929400004, -7.888271963999955, 0.0], [112.53887992700004, -7.888613414999952, 0.0], [112.53950629600001, -7.888782357999958, 0.0], [112.54022510900006, -7.8890123179999705, 0.0], [112.5413337230001, -7.889335581999944, 0.0], [112.54160900000011, -7.889294999999947, 0.0], [112.54176202600001, -7.889201855999943, 0.0], [112.54191431200002, -7.88911143699994, 0.0], [112.54206897600011, -7.889044811999952, 0.0], [112.54219270800002, -7.888992463999955, 0.0], [112.54232833800006, -7.889006740999946, 0.0], [112.54245682800001, -7.889068606999956, 0.0], [112.54250800000011, -7.889078999999981, 0.0], [112.54257818100007, -7.889051949999953, 0.0], [112.54267573900006, -7.889054329999965, 0.0], [112.54275902000006, -7.889101919999973, 0.0], [112.54282802500006, -7.889180440999951, 0.0], [112.54288751000001, -7.889273239999966, 0.0], [112.54291368500003, -7.889380315999972, 0.0], [112.54298268900004, -7.889511185999936, 0.0], [112.54305169400004, -7.889582569999959, 0.0], [112.54317800000001, -7.8895559999999705, 0.0], [112.54328845100008, -7.8897007499999745, 0.0], [112.54376957700003, -7.889483029999951, 0.0], [112.54393376000007, -7.889454475999969, 0.0], [112.5441407730001, -7.889436629999977, 0.0], [112.54430800000011, -7.889504999999929, 0.0], [112.54432994000001, -7.889692421999939, 0.0], [112.54433672100004, -7.889731748999964, 0.0], [112.54435373500007, -7.88983043099995, 0.0], [112.54429186800007, -7.8899684399999614, 0.0], [112.54433469900005, -7.89009693099996, 0.0], [112.54437752900003, -7.890115965999939, 0.0], [112.54445843100007, -7.890120724999974, 0.0], [112.54458216300009, -7.890177832999939, 0.0], [112.54462499300007, -7.8902016269999535, 0.0], [112.54472017100011, -7.8901492789999566, 0.0], [112.54482486800009, -7.890111206999961, 0.0], [112.54492956400009, -7.8900921719999815, 0.0], [112.54500570700009, -7.890111206999961, 0.0], [112.5450532960001, -7.890163554999958, 0.0], [112.54500700000006, -7.8902799999999615, 0.0], [112.54489625200006, -7.890468126999963, 0.0], [112.54484390400012, -7.89064420699998, 0.0], [112.54474872500009, -7.890772696999932, 0.0], [112.54474872600008, -7.890858357999946, 0.0], [112.54460595800003, -7.890967812999975, 0.0], [112.54448579500001, -7.891031264999981, 0.0], [112.54441084200005, -7.891402460999927, 0.0], [112.54430800000011, -7.89211599999993, 0.0], [112.54391316700003, -7.892077684999947, 0.0], [112.54376344900004, -7.892080150999959, 0.0], [112.54376039700003, -7.892292613999928, 0.0], [112.54374107000001, -7.892758038999943, 0.0], [112.54372868000007, -7.893056410999975, 0.0], [112.5437310640001, -7.893255013999976, 0.0], [112.54373423900006, -7.893519573999981, 0.0], [112.54367407600012, -7.893860484999948, 0.0], [112.54357716400011, -7.894049908999932, 0.0], [112.54350827400003, -7.894184559999928, 0.0], [112.54345996400002, -7.894259311999974, 0.0], [112.54339855900002, -7.894354325999927, 0.0], [112.5433384050001, -7.894447401999969, 0.0], [112.54300589700006, -7.894852478999951, 0.0], [112.54284694900002, -7.894954506999966, 0.0], [112.54281084200011, -7.894972505999931, 0.0], [112.54264193000006, -7.895056704999945, 0.0], [112.54237562000003, -7.89519549299996, 0.0], [112.54226742900005, -7.8952775559999395, 0.0], [112.5421803690001, -7.895343589999925, 0.0], [112.54199696300009, -7.895579685999962, 0.0], [112.54193931000009, -7.895702649999976, 0.0], [112.54188459400007, -7.895819348999964, 0.0], [112.54178559200011, -7.8960398219999774, 0.0], [112.54167727400011, -7.896034787999952, 0.0], [112.5415882310001, -7.896030650999933, 0.0], [112.5414803220001, -7.8960256359999335, 0.0], [112.54117319500006, -7.896028680999962, 0.0], [112.54087580800001, -7.896069969999928, 0.0], [112.54084902700004, -7.896076007999966, 0.0], [112.54069054000001, -7.896111736999956, 0.0], [112.54039246900004, -7.896178934999966, 0.0], [112.54015059500011, -7.896177910999938, 0.0], [112.5399835400001, -7.8961651289999395, 0.0], [112.53981148300011, -7.8961035689999335, 0.0], [112.53970290500001, -7.896064720999959, 0.0], [112.53963379300001, -7.89606306099995, 0.0], [112.53935931300009, -7.89606981299994, 0.0], [112.5392274730001, -7.89611113199993, 0.0], [112.53890786400007, -7.896141904999979, 0.0], [112.5385937750001, -7.896099074999938, 0.0], [112.53741356300009, -7.8961466649999466, 0.0], [112.53734693800004, -7.89615618299996, 0.0], [112.53733000000011, -7.896210999999937, 0.0], [112.53735068300011, -7.896856841999977, 0.0], [112.53738362400009, -7.89712497499994, 0.0], [112.53739768900004, -7.897239465999974, 0.0], [112.5375249970001, -7.897719109999969, 0.0], [112.53752875100008, -7.897733253999945, 0.0], [112.5373578440001, -7.897852737999926, 0.0], [112.53731025400009, -7.897894378999979, 0.0], [112.53726861400003, -7.897974685999941, 0.0], [112.5373328600001, -7.898245943999939, 0.0], [112.53747324800008, -7.898567170999968, 0.0], [112.53763029200002, -7.89895740299994, 0.0], [112.5376490000001, -7.899037999999962, 0.0], [112.53735903400002, -7.89913586199998, 0.0], [112.53683079300004, -7.899302423999927, 0.0], [112.53664898200009, -7.899348159999931, 0.0], [112.53606651100006, -7.899494684999979, 0.0], [112.53545736800004, -7.899626030999968, 0.0], [112.53525559000002, -7.8996907519999695, 0.0], [112.53524300000004, -7.899731999999972, 0.0], [112.53520229000003, -7.8997973519999505, 0.0], [112.53517754300003, -7.899852555999928, 0.0], [112.53514327900007, -7.899883012999965, 0.0], [112.53507094400004, -7.899953445999927, 0.0], [112.534923735, -7.900054334999936, 0.0], [112.53473800300003, -7.9001928449999355, 0.0], [112.53464295800006, -7.900263725999935, 0.0], [112.53438800000004, -7.9004209999999375, 0.0], [112.53432411100005, -7.900339869999925, 0.0], [112.53422893200002, -7.900344627999971, 0.0], [112.53404809300002, -7.900401735999935, 0.0], [112.53394339700003, -7.90042552999995, 0.0], [112.5337863520001, -7.900439806999941, 0.0], [112.53365786100005, -7.900515949999942, 0.0], [112.5335619550001, -7.900552619999928, 0.0], [112.53349605800008, -7.900577814999963, 0.0], [112.53340563900008, -7.900649198999929, 0.0], [112.53327714800002, -7.90072534199993, 0.0], [112.53320576400006, -7.90072534199993, 0.0], [112.53307727300012, -7.900649198999929, 0.0], [112.53298209400009, -7.90061112799998, 0.0], [112.53283456800011, -7.900568297999939, 0.0], [112.53251096100007, -7.900530226999933, 0.0], [112.53228253200007, -7.900496913999973, 0.0], [112.5321207290001, -7.90050643099994, 0.0], [112.53198272100008, -7.900539743999957, 0.0], [112.5318637470001, -7.90061112799998, 0.0], [112.53178284600006, -7.900682511999946, 0.0], [112.5316829090001, -7.9007824499999515, 0.0], [112.53157345300008, -7.90089190499998, 0.0], [112.53151158800006, -7.9010013599999525, 0.0], [112.5313497840001, -7.901220269999953, 0.0], [112.53115000000003, -7.901286999999968, 0.0], [112.53114291600002, -7.90128109799997, 0.0], [112.53110614000002, -7.901325241999928, 0.0], [112.53087887200002, -7.901512687999968, 0.0], [112.53085750200012, -7.901573774999974, 0.0], [112.53086514100005, -7.901693371999954, 0.0], [112.53093697100007, -7.901976618999981, 0.0], [112.53093688800004, -7.90197726599996, 0.0], [112.5309252190001, -7.902067595999938, 0.0], [112.53092414000002, -7.90207595399994, 0.0], [112.53089569000008, -7.902169365999953, 0.0], [112.53079291100005, -7.902278599999931, 0.0], [112.53057979800008, -7.902400201999967, 0.0], [112.53046298800007, -7.902443238999979, 0.0], [112.53018652600008, -7.902545096999972, 0.0], [112.53020295500005, -7.902597854999954, 0.0], [112.53020300000003, -7.902597999999955, 0.0], [112.53034505700009, -7.903157864999969, 0.0], [112.53043623200006, -7.903644453999959, 0.0], [112.53047100000003, -7.903829999999971, 0.0], [112.53064500000005, -7.904334999999946, 0.0], [112.53064089000009, -7.904346163999946, 0.0], [112.53056218200004, -7.90455996299994, 0.0], [112.53058716700002, -7.904919260999975, 0.0], [112.53060501300001, -7.9049371069999665, 0.0], [112.53071803700004, -7.90497279899995, 0.0], [112.53068234500006, -7.905639048999944, 0.0], [112.53102736700009, -7.905686637999963, 0.0], [112.53099500000008, -7.906085999999959, 0.0], [112.5311760840001, -7.9061006639999505, 0.0], [112.53136100000006, -7.906159999999943, 0.0], [112.531341397, -7.906498229999954, 0.0], [112.53130600000009, -7.907108999999934, 0.0], [112.53130433600006, -7.907133943999952, 0.0], [112.5311972610001, -7.907159642999943, 0.0], [112.53086175600004, -7.9071753469999635, 0.0], [112.53084177000005, -7.907189623999955, 0.0], [112.53084000000001, -7.907209999999964, 0.0], [112.53083763400002, -7.90727938699996, 0.0], [112.53082225100002, -7.907730454999978, 0.0], [112.53078256100002, -7.908029660999944, 0.0], [112.53079878500012, -7.908524846999967, 0.0], [112.53066700000011, -7.908591999999942, 0.0], [112.53067520700006, -7.908913304999942, 0.0], [112.53064181000002, -7.909122963999948, 0.0], [112.5305895460001, -7.9094510639999385, 0.0], [112.53047600000002, -7.909748999999977, 0.0], [112.53034188400011, -7.910126831999946, 0.0], [112.53034188600009, -7.910212868999963, 0.0], [112.5303400570001, -7.91028287599994, 0.0], [112.5303389710001, -7.910324408999941, 0.0], [112.53033057900006, -7.910645552999938, 0.0], [112.53032533600003, -7.910846134999929, 0.0], [112.53032252100002, -7.911021853999955, 0.0], [112.53031481000005, -7.9115030339999635, 0.0], [112.53040800000008, -7.911827999999957, 0.0], [112.53039942700002, -7.911910236999972, 0.0], [112.53061833800007, -7.911945928999955, 0.0], [112.5307277930001, -7.912005414999953, 0.0], [112.53078014100004, -7.9120553839999275, 0.0], [112.53084438600001, -7.912131525999939, 0.0], [112.53086818100007, -7.9121791159999475, 0.0], [112.53090863200009, -7.912193391999949, 0.0], [112.53122510100002, -7.9122005309999395, 0.0], [112.53157250200002, -7.912236221999933, 0.0], [112.53162722900004, -7.912267155999928, 0.0], [112.53164626500006, -7.912286191999954, 0.0], [112.531653, -7.912330999999938, 0.0], [112.53153681000003, -7.912940542999934, 0.0], [112.53145800000004, -7.913705999999934, 0.0], [112.531365488, -7.91374480099995, 0.0], [112.53121796100004, -7.913763836999976, 0.0], [112.53110850700011, -7.913754318999963, 0.0], [112.531018087, -7.913725764999981, 0.0], [112.53095146200008, -7.913611550999974, 0.0], [112.53089435600009, -7.913478300999941, 0.0], [112.53081345400005, -7.913287944999979, 0.0], [112.53074207000009, -7.913140417999955, 0.0], [112.53062785600002, -7.913016685999935, 0.0], [112.53050888300004, -7.912907230999963, 0.0], [112.53036135600007, -7.912812051999936, 0.0], [112.53017575800004, -7.9126835609999375, 0.0], [112.53011389200003, -7.912678802999949, 0.0], [112.53004055600002, -7.912701013999936, 0.0], [112.5300352590001, -7.912734440999941, 0.0], [112.53003264900008, -7.912750912999968, 0.0], [112.53001680200009, -7.912771516999953, 0.0], [112.52993521200005, -7.912877593999951, 0.0], [112.52981339100006, -7.912912564999942, 0.0], [112.52977988000009, -7.912922184999957, 0.0], [112.5297151100001, -7.912965419999978, 0.0], [112.52961806400003, -7.91303020099997, 0.0], [112.52946390800003, -7.913198239999929, 0.0], [112.52940400000011, -7.913345999999933, 0.0], [112.52926489800006, -7.913481266999952, 0.0], [112.52918243500005, -7.913470227999937, 0.0], [112.52902796700005, -7.913528586999973, 0.0], [112.52892906700004, -7.913606311999956, 0.0], [112.52872978300002, -7.9137629269999366, 0.0], [112.52837054700001, -7.913686192999933, 0.0], [112.52836859500007, -7.913685775999966, 0.0], [112.52805041400006, -7.913819006999972, 0.0], [112.52782987600006, -7.913881061999973, 0.0], [112.52763783800003, -7.913862624999979, 0.0], [112.52747244900002, -7.913782842999979, 0.0], [112.5273721960001, -7.91366645599993, 0.0], [112.52719955900011, -7.913703453999972, 0.0], [112.52707281800008, -7.913692433999927, 0.0], [112.52691615800006, -7.913832272999969, 0.0], [112.52680320400009, -7.913851324999939, 0.0], [112.52663722600005, -7.913741877999939, 0.0], [112.52647876500009, -7.913718531999962, 0.0], [112.5262239650001, -7.913599360999967, 0.0], [112.52610031000006, -7.913383531999955, 0.0], [112.52583438800002, -7.913110802999938, 0.0], [112.52565725600004, -7.91296981499994, 0.0], [112.52542906100007, -7.913037638999981, 0.0], [112.52521052700001, -7.913122653999949, 0.0], [112.52489998200008, -7.913244369999973, 0.0], [112.52466566300006, -7.913265705999947, 0.0], [112.5245691230001, -7.913274495999929, 0.0], [112.5242412020001, -7.913124280999966, 0.0], [112.5239389940001, -7.9128917169999795, 0.0], [112.5236285630001, -7.912848589999953, 0.0], [112.52357497900005, -7.912840618999951, 0.0], [112.523261219, -7.912793945999965, 0.0], [112.52292175200012, -7.912881314999936, 0.0], [112.5225063260001, -7.9127430449999565, 0.0], [112.52218194200009, -7.912624603999973, 0.0], [112.52167785000006, -7.912578591999932, 0.0], [112.52099339400002, -7.91242557399994, 0.0], [112.52072878100012, -7.9122471009999344, 0.0], [112.52039204700009, -7.912033002999976, 0.0], [112.52001949600003, -7.911866884999938, 0.0], [112.51955175, -7.911916437999935, 0.0], [112.5189650310001, -7.9122415609999734, 0.0], [112.51839902300003, -7.911669419999953, 0.0], [112.51769022300005, -7.911420784999962, 0.0], [112.51706689600007, -7.911578562999978, 0.0], [112.51666062600009, -7.912034616999961, 0.0], [112.51649348400008, -7.912262510999938, 0.0], [112.51632590600002, -7.912370782999972, 0.0], [112.51611011600005, -7.912419417999956, 0.0], [112.51578590700001, -7.912348819999977, 0.0], [112.51554594700008, -7.912349690999974, 0.0], [112.51525764400003, -7.912255037999955, 0.0], [112.51504115600005, -7.912112272999934, 0.0], [112.5147409000001, -7.9120296249999456, 0.0], [112.51441677800005, -7.91198295199996, 0.0], [112.51423676400009, -7.911971641999969, 0.0], [112.5139255580001, -7.912176133999935, 0.0], [112.51368771300008, -7.912208896999971, 0.0], [112.51348411800006, -7.912311316999933, 0.0], [112.51327463200005, -7.912443663999966, 0.0], [112.51301745900003, -7.912659921999932, 0.0], [112.51290411100001, -7.912833790999969, 0.0], [112.51275474500005, -7.913001806999944, 0.0], [112.51266577100012, -7.913213388999964, 0.0], [112.5122337360001, -7.913186244999963, 0.0], [112.51220651000006, -7.913616994999927, 0.0], [112.5120057790001, -7.913847402999977, 0.0], [112.51176128000009, -7.913920064999957, 0.0], [112.51138678200005, -7.913878355999941, 0.0], [112.51118641700009, -7.914209247999963, 0.0], [112.51104374700003, -7.914568641999949, 0.0], [112.51075668100009, -7.914813716999959, 0.0], [112.51036883100005, -7.915059157999963, 0.0], [112.51002312800006, -7.915017343999978, 0.0], [112.50966355000003, -7.915119129999937, 0.0], [112.50936208400003, -7.915364257999954, 0.0], [112.50897470200005, -7.915738890999933, 0.0], [112.50878789700005, -7.9158400519999645, 0.0], [112.5085137640001, -7.915683136999974, 0.0], [112.50819643900002, -7.915526378999971, 0.0], [112.50786508100009, -7.915470155999969, 0.0], [112.50605309600007, -7.916065259999925, 0.0], [112.50368005600001, -7.9167915769999695, 0.0], [112.50217374100009, -7.918304291999959, 0.0], [112.50160669200011, -7.918899678999935, 0.0], [112.50121450600011, -7.918986992999976, 0.0], [112.50082022700008, -7.919074770999941, 0.0], [112.4987280690001, -7.919177996999963, 0.0], [112.49809621800011, -7.919639631999928, 0.0], [112.49761586900001, -7.919526515999962, 0.0], [112.4971163240001, -7.919413468999949, 0.0], [112.49636797300002, -7.919511855999929, 0.0], [112.49583120700004, -7.919724323999958, 0.0], [112.49550402400007, -7.919495814999948, 0.0], [112.49481285000002, -7.919479152999941, 0.0], [112.49406518800004, -7.919768935999969, 0.0], [112.49230275000002, -7.92080882099998, 0.0], [112.49038569000004, -7.921562147999964, 0.0], [112.48996520300011, -7.922080437999966, 0.0], [112.48937076800007, -7.922273963999942, 0.0], [112.48875727200004, -7.922505839999928, 0.0], [112.4873778650001, -7.923295515999939, 0.0], [112.48661288000005, -7.924111706999952, 0.0], [112.48598912900002, -7.924161781999942, 0.0], [112.48405055900002, -7.924184308999941, 0.0], [112.48405046000005, -7.924184310999976, 0.0], [112.48400028000003, -7.923746914999981, 0.0], [112.48385235400008, -7.923309955999969, 0.0], [112.48350928200011, -7.922970971999973, 0.0], [112.48302022500002, -7.922632325999928, 0.0], [112.48262814400005, -7.922244964999948, 0.0], [112.4822844790001, -7.921614143999932, 0.0], [112.48218519200009, -7.921225741999933, 0.0], [112.48208583100006, -7.92069123999994, 0.0], [112.48198657000012, -7.920205468999939, 0.0], [112.48203250000006, -7.91947625399996, 0.0], [112.48261475400011, -7.918501753999976, 0.0], [112.48295531200006, -7.918160336999961, 0.0], [112.48310035400004, -7.917771065999943, 0.0], [112.48314700300011, -7.917138856999941, 0.0], [112.48314439500007, -7.916409724999937, 0.0], [112.48309305100008, -7.915729314999965, 0.0], [112.48318883400009, -7.915242939999928, 0.0], [112.48338208900009, -7.914658848999977, 0.0], [112.4835271290001, -7.91426957799996, 0.0], [112.48372018300006, -7.9137340369999265, 0.0], [112.48371914000006, -7.913442474999954, 0.0], [112.48352164300002, -7.9124428109999485, 0.0], [112.48302917400008, -7.9112292039999375, 0.0], [112.48272340300002, -7.910738288999937, 0.0], [112.48263653700008, -7.910598825999955, 0.0], [112.49635851100004, -7.903234395999959, 0.0], [112.49714843100003, -7.902693247999935, 0.0], [112.49804529200003, -7.90186461199994, 0.0], [112.49833039300006, -7.90107405599997, 0.0], [112.50005613100006, -7.900529546999962, 0.0], [112.50095414900011, -7.900023893999958, 0.0], [112.5016732360001, -7.899805983999954, 0.0], [112.50228460200003, -7.8996602359999315, 0.0], [112.50473614400005, -7.899101138999981, 0.0], [112.50532073800002, -7.898189876999936, 0.0], [112.50575135400004, -7.897829447999925, 0.0], [112.50618240300003, -7.8975886439999385, 0.0], [112.50680567400002, -7.897418921999929, 0.0], [112.50713017400005, -7.897573265999938, 0.0], [112.50789815400003, -7.8976063849999605, 0.0], [112.50818548900008, -7.897437872999944, 0.0], [112.5085567640001, -7.89725709399994, 0.0], [112.50894060200005, -7.897231784999974, 0.0], [112.50933613300003, -7.897122693999961, 0.0], [112.50964802700003, -7.897109604999969, 0.0], [112.50990049900008, -7.897252243999958, 0.0], [112.5101762270001, -7.897191435999957, 0.0], [112.51054815300006, -7.89719009199996, 0.0], [112.51095576700004, -7.897104881999951, 0.0], [112.51135160100011, -7.89707952599997, 0.0], [112.51203472500003, -7.896873692999975, 0.0], [112.51253853800006, -7.89684794599998, 0.0], [112.512922591, -7.896882443999971, 0.0], [112.51303013400002, -7.896762428999978, 0.0], [112.51324167500002, -7.896457293999958, 0.0], [112.51377661000004, -7.89626683299997, 0.0], [112.51420491300007, -7.896074096999939, 0.0], [112.51466177000009, -7.895952744999931, 0.0], [112.51550409800006, -7.89607409599995, 0.0], [112.51586101800001, -7.896095511999931, 0.0], [112.51625456700003, -7.89588360099998, 0.0], [112.51641781100011, -7.895795699999951, 0.0], [112.5168413560001, -7.895817114999943, 0.0], [112.51733033500011, -7.8955708409999374, 0.0], [112.51762100000008, -7.895476999999971, 0.0], [112.51794304600003, -7.895504215999949, 0.0], [112.51826665300007, -7.895508974999927, 0.0], [112.51842221400011, -7.895467951999933, 0.0], [112.51855898500003, -7.895397054999933, 0.0], [112.51858272700008, -7.895327584999961, 0.0], [112.51863771500007, -7.895272357999943, 0.0], [112.51874078000003, -7.89524088099995, 0.0], [112.51883188200009, -7.8952190179999775, 0.0], [112.51895662200002, -7.895208994999962, 0.0], [112.51901658300005, -7.89520159999995, 0.0], [112.5191288420001, -7.895143774999951, 0.0], [112.5192142630001, -7.895033535999971, 0.0], [112.51925651400006, -7.89497900899994, 0.0], [112.5192803870001, -7.894968434999953, 0.0], [112.51935852300005, -7.894874976999972, 0.0], [112.51941582200004, -7.894795815999942, 0.0], [112.51943485200002, -7.894750289999934, 0.0], [112.51944417000004, -7.894673694999938, 0.0], [112.51946067900008, -7.89459468299998, 0.0], [112.51948211600006, -7.894551540999942, 0.0], [112.51954201600006, -7.894527396999933, 0.0], [112.51961884400009, -7.894539080999948, 0.0], [112.51968142400005, -7.894591488999936, 0.0], [112.5197488450001, -7.894655840999974, 0.0], [112.51976880200004, -7.894700243999978, 0.0], [112.51987964600005, -7.8947519639999655, 0.0], [112.52004629600003, -7.89481417199994, 0.0], [112.52005305900002, -7.894816696999953, 0.0], [112.52014985700009, -7.894814648999954, 0.0], [112.52015090000009, -7.89481417199994, 0.0], [112.52025264000008, -7.894767705999925, 0.0], [112.52031390500008, -7.8947148179999544, 0.0], [112.52039850100005, -7.894619766999938, 0.0], [112.52050558100007, -7.894652181999959, 0.0], [112.52062180700011, -7.89466058499994, 0.0], [112.52067620000003, -7.894574256999931, 0.0], [112.5206758270001, -7.8944722649999335, 0.0], [112.52067571200007, -7.894440756999927, 0.0], [112.52076651100003, -7.8944722649999335, 0.0], [112.5207780610001, -7.8944762729999525, 0.0], [112.52090452900006, -7.894487055999946, 0.0], [112.52101454900003, -7.8944722649999335, 0.0], [112.52104414000007, -7.894468286999938, 0.0], [112.52115670100011, -7.894409260999964, 0.0], [112.52125602300009, -7.894273005999935, 0.0], [112.52135390400008, -7.894199773999958, 0.0], [112.52144342500003, -7.894140077999964, 0.0], [112.52153924800007, -7.89409666399996, 0.0], [112.5216399740001, -7.8940819429999465, 0.0], [112.52177442400011, -7.89410298599995, 0.0], [112.52193507600009, -7.894071298999961, 0.0], [112.52207168100006, -7.894025343999942, 0.0], [112.5221922930001, -7.894043678999935, 0.0], [112.52232626800003, -7.894026034999968, 0.0], [112.52254706400004, -7.894036953999944, 0.0], [112.5227852050001, -7.893869807999977, 0.0], [112.52298405800002, -7.893851378999955, 0.0], [112.52301810600011, -7.893843351999976, 0.0], [112.52319923200002, -7.893800648999957, 0.0], [112.52338254000006, -7.893633645999955, 0.0], [112.52369521600008, -7.8935731739999255, 0.0], [112.5238234850001, -7.893478920999939, 0.0], [112.52404922400001, -7.893272495999952, 0.0], [112.52410076500007, -7.893225364999978, 0.0], [112.52415521700004, -7.8931755719999614, 0.0], [112.52415578600005, -7.893167584999958, 0.0], [112.52417093600002, -7.8929551319999405, 0.0], [112.52436023000007, -7.892797816999973, 0.0], [112.5245024840001, -7.892675676999943, 0.0], [112.52468243500005, -7.8926225869999485, 0.0], [112.524884154, -7.8925249309999685, 0.0], [112.52496188700002, -7.89248016099998, 0.0], [112.5249795960001, -7.89246996199995, 0.0], [112.52507785700004, -7.89241336799995, 0.0], [112.52513713300004, -7.892308446999948, 0.0], [112.52518486300005, -7.892237454999929, 0.0], [112.52524033400005, -7.892183660999933, 0.0], [112.52529594700002, -7.89216814699995, 0.0], [112.52541800000006, -7.892174999999952, 0.0], [112.52553923800008, -7.89193561899998, 0.0], [112.52565821000007, -7.891849363999938, 0.0], [112.52580886200008, -7.891780419999975, 0.0], [112.52583600000003, -7.891767999999956, 0.0], [112.52588100000003, -7.891681999999946, 0.0], [112.5259349260001, -7.8916476519999605, 0.0], [112.52604784700009, -7.891575725999928, 0.0], [112.5261608720001, -7.891435932999968, 0.0], [112.52621440900009, -7.891293164999979, 0.0], [112.52624712700003, -7.891206909999937, 0.0], [112.5262709220001, -7.89111470499995, 0.0], [112.52631256200004, -7.891064141999948, 0.0], [112.52640476600004, -7.890894604999971, 0.0], [112.52644343300005, -7.8908024009999735, 0.0], [112.52653524000004, -7.8907096019999585, 0.0], [112.52667324900005, -7.8906382179999355, 0.0], [112.52687312400008, -7.890590628999973, 0.0], [112.52703968600008, -7.890571592999947, 0.0], [112.52730142600001, -7.890509727999927, 0.0], [112.52745847100005, -7.890490690999968, 0.0], [112.5275869620001, -7.8904288259999475, 0.0], [112.52765358700003, -7.890381235999939, 0.0], [112.52782014900004, -7.890347923999968, 0.0], [112.52795339800002, -7.890333646999977, 0.0], [112.52824369300004, -7.890319369999929, 0.0], [112.52849591600011, -7.890328887999942, 0.0], [112.52862440700005, -7.890371717999926, 0.0], [112.5287671750001, -7.890333646999977, 0.0], [112.5289337370001, -7.890286057999958, 0.0], [112.5290746820001, -7.890268290999927, 0.0], [112.5291813880001, -7.8902487609999525, 0.0], [112.52926545200012, -7.890271182999982, 0.0], [112.52946672300004, -7.890347863999978, 0.0], [112.52965139300011, -7.890308923999953, 0.0], [112.52983317300004, -7.89015756699996, 0.0], [112.52991407400009, -7.890076664999981, 0.0], [112.52998545900005, -7.88995293399995, 0.0], [112.53012346800006, -7.889819683999974, 0.0], [112.53033524000011, -7.8896620439999765, 0.0], [112.53045421200011, -7.889667992999932, 0.0], [112.53061780100006, -7.889656095999953, 0.0], [112.53071892700007, -7.889614454999958, 0.0], [112.53082029300003, -7.889515944999971, 0.0], [112.53091737500006, -7.889424573999975, 0.0], [112.5309859030001, -7.889365563999945, 0.0], [112.53110582800002, -7.8892361209999535, 0.0], [112.53122956000004, -7.8892342169999665, 0.0], [112.53156395300005, -7.88920471199998, 0.0], [112.53183521200003, -7.889123809999944, 0.0], [112.53203032800002, -7.889085738999938, 0.0], [112.53221592600005, -7.889028631999963, 0.0], [112.5323586930001, -7.88889538199993, 0.0], [112.53246814800002, -7.888705024999979, 0.0], [112.53259188100003, -7.888457560999939, 0.0], [112.53272037200009, -7.888362382999958, 0.0], [112.5328583810001, -7.888324311999952, 0.0], [112.53296307700009, -7.888219614999969, 0.0], [112.53311060300007, -7.8880244989999255, 0.0], [112.53334854900004, -7.887705650999976, 0.0], [112.5334627630001, -7.887610472999938, 0.0], [112.5335674590001, -7.887539088999972, 0.0], [112.53368167400004, -7.887515293999968, 0.0], [112.53381492300002, -7.88754384799995, 0.0], [112.53388630800009, -7.887539088999972, 0.0], [112.5341147360001, -7.8874677059999385, 0.0], [112.53414402600004, -7.887457127999937, 0.0], [112.53428605700003, -7.8874058399999285, 0.0], [112.53446689600003, -7.88733921499994, 0.0], [112.53469556100004, -7.88710062499996, 0.0], [112.53527954100002, -7.888123700999927, 0.0]]]], "type": "MultiPolygon"}}, {"type": "Feature", "properties": {"village_name": "Pendem", "district_name": "Junrejo", "kecamatan": "Junrejo", "kabupaten": "Kota Batu", "provinsi": "Jawa Timur", "kode_desa": "35.79.03.2006", "last_updated": "2026-09-01T08:57:00.626128+00:00", "hourly_temp_today": [19.3, 18.9, 18.3, 18.4, 18.0, 17.6, 17.8, 19.5, 21.7, 23.9, 25.6, 27.0, 27.9, 27.9, 27.3, 26.5, 25.3, 23.5, 22.3, 21.7, 20.8, 19.5, 18.4, 17.8], "suhu_current": 26.5, "suhu_siang_1200": 27.9, "suhu_malam_2400": 19.3}, "geometry": {"coordinates": [[[[112.57586730800006, -7.886985476999939, 0.0], [112.57593835000011, -7.887045237999928, 0.0], [112.57609821200003, -7.887140012999964, 0.0], [112.57608086500011, -7.887238980999939, 0.0], [112.5763326660001, -7.887283958999944, 0.0], [112.5768707100001, -7.887108897999951, 0.0], [112.57735592600011, -7.887043425999934, 0.0], [112.57765000800009, -7.8870176369999285, 0.0], [112.57772327200007, -7.886992860999953, 0.0], [112.57861210400006, -7.886798757999941, 0.0], [112.5787056910001, -7.887183436999976, 0.0], [112.57951311400006, -7.887035563999973, 0.0], [112.57994009000004, -7.886835605999977, 0.0], [112.58026785000004, -7.887290096999948, 0.0], [112.58048022300011, -7.887211546999936, 0.0], [112.58078644600005, -7.887724519999949, 0.0], [112.5809848350001, -7.887645932999931, 0.0], [112.5812076200001, -7.888359646999959, 0.0], [112.5813281290001, -7.888330894999967, 0.0], [112.58152662000009, -7.888259357999971, 0.0], [112.58157632600012, -7.888273363999929, 0.0], [112.5816724120001, -7.88842939999995, 0.0], [112.58187205200011, -7.888463541999954, 0.0], [112.5822817610001, -7.888521298999933, 0.0], [112.58241231700003, -7.888564102999965, 0.0], [112.58242896000002, -7.888569559999951, 0.0], [112.58241886200005, -7.888667325999961, 0.0], [112.58249597600002, -7.888691442999971, 0.0], [112.5824884430001, -7.888558848999935, 0.0], [112.58248712800003, -7.888536052999939, 0.0], [112.5824847230001, -7.888494352999942, 0.0], [112.58248099800005, -7.888429779999967, 0.0], [112.58260018200008, -7.888485198999945, 0.0], [112.58282340000005, -7.888598885999954, 0.0], [112.58282465400009, -7.888599524999961, 0.0], [112.58282508800005, -7.888599646999978, 0.0], [112.58289824000008, -7.888620129999936, 0.0], [112.58301701200003, -7.888567336999927, 0.0], [112.58316360100002, -7.8884551329999795, 0.0], [112.583267578, -7.88842481599994, 0.0], [112.58334124400005, -7.888466394999966, 0.0], [112.58344686400005, -7.88861253999994, 0.0], [112.58354522100001, -7.888716855999974, 0.0], [112.58366153600002, -7.888922265999952, 0.0], [112.58379917000002, -7.889207874999954, 0.0], [112.58384517900004, -7.889350719999925, 0.0], [112.58392307700001, -7.889580684999942, 0.0], [112.58402197400005, -7.889807133999966, 0.0], [112.58405249200007, -7.889864580999927, 0.0], [112.5841888870001, -7.890121334999947, 0.0], [112.58428280400005, -7.890298125999948, 0.0], [112.58432982200009, -7.8903522809999345, 0.0], [112.58470156700002, -7.890553287999978, 0.0], [112.58502551100003, -7.89104403999994, 0.0], [112.585098818, -7.890991418999931, 0.0], [112.5852850340001, -7.891172153999946, 0.0], [112.585310058, -7.891322039999977, 0.0], [112.58549272000005, -7.8914923019999605, 0.0], [112.58559244700007, -7.891661431999978, 0.0], [112.5856909470001, -7.89178319399997, 0.0], [112.58587246500008, -7.891653408999957, 0.0], [112.58591828500005, -7.891726552999955, 0.0], [112.5860373370001, -7.891746984999941, 0.0], [112.58609711300005, -7.891813024999976, 0.0], [112.5861600500001, -7.891805824999949, 0.0], [112.58619878700006, -7.891864982999948, 0.0], [112.58630395700004, -7.891892519999942, 0.0], [112.58648072100004, -7.892486111999972, 0.0], [112.58649181600003, -7.892523369999935, 0.0], [112.58656062900002, -7.892498115999956, 0.0], [112.58656873100006, -7.892495142999962, 0.0], [112.58663845700005, -7.8924250869999355, 0.0], [112.58671509300007, -7.892323633999979, 0.0], [112.58679198200002, -7.892288446999942, 0.0], [112.5868304920001, -7.892288300999951, 0.0], [112.58687633000011, -7.892385762999936, 0.0], [112.5869259970001, -7.89254613199995, 0.0], [112.58701595900004, -7.892683837999925, 0.0], [112.5870793140001, -7.892835021999929, 0.0], [112.58712546100003, -7.892945141999974, 0.0], [112.58727996200003, -7.893084048999981, 0.0], [112.58748361100004, -7.893221662999963, 0.0], [112.5874905610001, -7.893226358999925, 0.0], [112.58749334600009, -7.8932302159999495, 0.0], [112.58759611000005, -7.893372503999956, 0.0], [112.58766258500009, -7.893417818999978, 0.0], [112.58769792500004, -7.893441908999932, 0.0], [112.58783819000007, -7.893514603999961, 0.0], [112.58793709100007, -7.893741051999939, 0.0], [112.58794626200006, -7.893794634999949, 0.0], [112.58797288700009, -7.893950200999939, 0.0], [112.58801170400011, -7.894030332999932, 0.0], [112.588034418, -7.894038231999957, 0.0], [112.58838482700003, -7.894160091999936, 0.0], [112.58840251200002, -7.894208932999959, 0.0], [112.58842447100005, -7.894456556999955, 0.0], [112.58845678700004, -7.894655322999938, 0.0], [112.58852037100007, -7.894892500999958, 0.0], [112.5885455450001, -7.89498640599993, 0.0], [112.58860203400002, -7.895111762999932, 0.0], [112.58866511800011, -7.8951429839999605, 0.0], [112.58875620000003, -7.895147962999943, 0.0], [112.58878419200005, -7.895149492999963, 0.0], [112.58889262900004, -7.895131632999949, 0.0], [112.58903630300006, -7.895176469999967, 0.0], [112.58912396800008, -7.895221428999946, 0.0], [112.58916261200011, -7.895256177999954, 0.0], [112.58915231700007, -7.895301599999925, 0.0], [112.58909152100011, -7.895365010999967, 0.0], [112.58906167100008, -7.89539614499995, 0.0], [112.5890993060001, -7.895493761999944, 0.0], [112.58910162500001, -7.895499776999941, 0.0], [112.58920704200011, -7.895611024999937, 0.0], [112.58940363700003, -7.89576730999994, 0.0], [112.58950191200006, -7.8958296759999484, 0.0], [112.58954406300006, -7.8958818599999745, 0.0], [112.5897525370001, -7.896386967999945, 0.0], [112.5898123820001, -7.896470543999953, 0.0], [112.58985803400003, -7.896519188999946, 0.0], [112.59001934800006, -7.896581405999939, 0.0], [112.59013850800011, -7.896629770999937, 0.0], [112.5902086750001, -7.896674886999961, 0.0], [112.59030346300005, -7.896744317999946, 0.0], [112.59049160100005, -7.896839701999966, 0.0], [112.59089572900007, -7.89725438399995, 0.0], [112.59105766100004, -7.897184879999941, 0.0], [112.59107992200006, -7.897206103999963, 0.0], [112.5911420970001, -7.897265379999965, 0.0], [112.59115320300009, -7.897300568999981, 0.0], [112.59122423000008, -7.897525610999935, 0.0], [112.59135113900004, -7.897722750999947, 0.0], [112.59159189200011, -7.897829595999951, 0.0], [112.59176019100005, -7.897840978999966, 0.0], [112.59188967800003, -7.897930255999938, 0.0], [112.59213643700002, -7.898043134999966, 0.0], [112.59215663900011, -7.898101419999932, 0.0], [112.59217893300001, -7.8981657419999465, 0.0], [112.59223244500004, -7.89839190899994, 0.0], [112.5923470680001, -7.898505199999931, 0.0], [112.59259974100007, -7.898600065999972, 0.0], [112.59252330600009, -7.898834143999977, 0.0], [112.59249670600002, -7.898915605999946, 0.0], [112.59256609600004, -7.898991912999975, 0.0], [112.59258785100008, -7.899005216999967, 0.0], [112.59272770100006, -7.899090741999942, 0.0], [112.59288181000011, -7.899395056999936, 0.0], [112.5929443340001, -7.899518519999958, 0.0], [112.59312955900009, -7.899770401999945, 0.0], [112.59315445700008, -7.899827803999926, 0.0], [112.59320381200007, -7.899886377999962, 0.0], [112.59330728900011, -7.899959391999971, 0.0], [112.59337633100006, -7.900022772999932, 0.0], [112.59344684300004, -7.900138220999963, 0.0], [112.59351141800005, -7.900324024999975, 0.0], [112.59361039200007, -7.900509607999936, 0.0], [112.59365015700007, -7.90062200899996, 0.0], [112.59368014600011, -7.900758946999929, 0.0], [112.59369499000002, -7.9007882709999535, 0.0], [112.59378848400002, -7.900831941999968, 0.0], [112.5938427750001, -7.900890496999978, 0.0], [112.59386289300005, -7.901007854999932, 0.0], [112.5938820670001, -7.901142512999968, 0.0], [112.59388310500003, -7.9011498019999635, 0.0], [112.59390282800007, -7.9011839889999465, 0.0], [112.59390424000003, -7.901184771999965, 0.0], [112.5939816660001, -7.901227714999948, 0.0], [112.59408013300003, -7.901281129999973, 0.0], [112.59412943200005, -7.90132505899993, 0.0], [112.5941443700001, -7.901378791999946, 0.0], [112.59418525000001, -7.9015085459999455, 0.0], [112.5942590950001, -7.901557172999958, 0.0], [112.59429861700005, -7.90160592999996, 0.0], [112.59440708700004, -7.9017131869999275, 0.0], [112.59451060300012, -7.901796053999931, 0.0], [112.59473709500003, -7.901927359999945, 0.0], [112.59478374800005, -7.902077935999955, 0.0], [112.59484158700002, -7.902264618999936, 0.0], [112.59486620900009, -7.90228902399997, 0.0], [112.59490185700008, -7.902308394999977, 0.0], [112.59496467600002, -7.902342528999952, 0.0], [112.59510748900004, -7.9024349189999725, 0.0], [112.59516172400004, -7.902478827999971, 0.0], [112.59535937300006, -7.902771704999964, 0.0], [112.59543344500003, -7.9028595649999716, 0.0], [112.59552709000002, -7.902942378999967, 0.0], [112.59558277600001, -7.903013494999925, 0.0], [112.59562243000005, -7.903096604999973, 0.0], [112.59566244100006, -7.903272648999973, 0.0], [112.59568225900011, -7.903331335999951, 0.0], [112.59574154200004, -7.903404516999956, 0.0], [112.59574159900001, -7.903419161999977, 0.0], [112.59574190000001, -7.903497450999964, 0.0], [112.59573752800009, -7.903644372999963, 0.0], [112.59571816200003, -7.903722735999963, 0.0], [112.59568907500011, -7.90382075499997, 0.0], [112.5956946120001, -7.903977311999938, 0.0], [112.59567534000007, -7.904080174999933, 0.0], [112.59563161500012, -7.904202747999932, 0.0], [112.59558718900007, -7.904317910999964, 0.0], [112.5954606680001, -7.9046511699999655, 0.0], [112.59540187200002, -7.9046856579999485, 0.0], [112.59531851200006, -7.904730092999955, 0.0], [112.59528477200001, -7.904901536999944, 0.0], [112.59519726500002, -7.905131857999947, 0.0], [112.59513500100002, -7.905567749999932, 0.0], [112.59514990200012, -7.905592192999961, 0.0], [112.59514920100003, -7.905662981999967, 0.0], [112.59508614700007, -7.905873681999935, 0.0], [112.59504711400007, -7.905952119999938, 0.0], [112.59500798600004, -7.906006149999939, 0.0], [112.594944123, -7.906006393999974, 0.0], [112.59491467900011, -7.906011388999957, 0.0], [112.59485612800006, -7.906109518999926, 0.0], [112.5947972570001, -7.906144006999966, 0.0], [112.59471879500006, -7.906178569999952, 0.0], [112.59458630300003, -7.906223101999956, 0.0], [112.59450787800006, -7.906267427999978, 0.0], [112.59448353800008, -7.906336046999968, 0.0], [112.59447424900009, -7.906468251999968, 0.0], [112.59447952300002, -7.906556375999969, 0.0], [112.59450429600008, -7.906619924999973, 0.0], [112.59424936700009, -7.906912630999955, 0.0], [112.5940914360001, -7.9067979689999675, 0.0], [112.59398047100001, -7.90670328799996, 0.0], [112.5934910420001, -7.9063378459999285, 0.0], [112.5932731370001, -7.906652015999953, 0.0], [112.59320175500011, -7.906699840999977, 0.0], [112.59310982400007, -7.906791046999956, 0.0], [112.59305195700006, -7.906755829999952, 0.0], [112.59292390400003, -7.906924378999975, 0.0], [112.59291067800007, -7.906946577999975, 0.0], [112.59295509100002, -7.906964036999966, 0.0], [112.5929685960001, -7.906994993999945, 0.0], [112.5929509, -7.907021549999968, 0.0], [112.59287576800011, -7.907105821999949, 0.0], [112.59257071100001, -7.907412097999952, 0.0], [112.5924777140001, -7.907478807999951, 0.0], [112.59239793300003, -7.907501261999926, 0.0], [112.59234911800002, -7.907505877999938, 0.0], [112.59232699300003, -7.9075280199999725, 0.0], [112.59231376700006, -7.907550219999962, 0.0], [112.59230050600002, -7.907563468999967, 0.0], [112.59225624600003, -7.9075857869999595, 0.0], [112.5922119280001, -7.907612443999938, 0.0], [112.59216773600008, -7.907652480999957, 0.0], [112.59212799900001, -7.907723327999975, 0.0], [112.5920527830001, -7.907785540999953, 0.0], [112.59200860700003, -7.907829916999958, 0.0], [112.59195116500007, -7.907905351999943, 0.0], [112.59179204300005, -7.908065068999974, 0.0], [112.59169461600004, -7.908127366999963, 0.0], [112.59162548200004, -7.908171227999958, 0.0], [112.59161046600002, -7.908180754999933, 0.0], [112.59148149700002, -7.908110550999936, 0.0], [112.59116761900009, -7.9078718149999645, 0.0], [112.59113978500011, -7.907867943999975, 0.0], [112.59111994600005, -7.907881850999956, 0.0], [112.59104472900003, -7.907963409999979, 0.0], [112.59101699400003, -7.907985302999975, 0.0], [112.59099906200004, -7.907989258999976, 0.0], [112.59097325500011, -7.907987458999969, 0.0], [112.59095131400011, -7.907979586999943, 0.0], [112.59091742100009, -7.907955939999965, 0.0], [112.59088753700007, -7.9079243219999285, 0.0], [112.59084158900009, -7.907877034999956, 0.0], [112.59074976000011, -7.907780290999938, 0.0], [112.59070789600003, -7.907744831999935, 0.0], [112.59062214000005, -7.907671840999967, 0.0], [112.5904684950001, -7.907543690999944, 0.0], [112.59044892200006, -7.907513598999969, 0.0], [112.59043253800007, -7.907488410999974, 0.0], [112.59040049900011, -7.907440979999933, 0.0], [112.59039447000009, -7.907409270999949, 0.0], [112.59039440100003, -7.907391461999964, 0.0], [112.59040220700001, -7.907359700999962, 0.0], [112.59041598700003, -7.907326017999935, 0.0], [112.5904159260001, -7.907310197999948, 0.0], [112.59039594400008, -7.907286497999962, 0.0], [112.59033469000008, -7.907245686999943, 0.0], [112.59030071500001, -7.907200252999928, 0.0], [112.59028263900007, -7.907166691999976, 0.0], [112.59027236600002, -7.907081570999935, 0.0], [112.59026434100008, -7.907055835999927, 0.0], [112.59023839100007, -7.907036136999977, 0.0], [112.59020656300004, -7.907024323999963, 0.0], [112.59016876900012, -7.907016602999931, 0.0], [112.5901011520001, -7.907012882999936, 0.0], [112.58994991300005, -7.906985704999954, 0.0], [112.58983440400004, -7.906934704999969, 0.0], [112.58970092400011, -7.906857917999957, 0.0], [112.58940203800012, -7.906686744999945, 0.0], [112.58927863100007, -7.906838821999941, 0.0], [112.5888650070001, -7.907345482999972, 0.0], [112.58860729900005, -7.907538570999975, 0.0], [112.58828264700003, -7.907786698999928, 0.0], [112.58823183600009, -7.907826716999978, 0.0], [112.58787824700005, -7.908105192999926, 0.0], [112.58731702500006, -7.908481688999927, 0.0], [112.58728323900004, -7.9084857049999755, 0.0], [112.58720364800001, -7.908460332999937, 0.0], [112.58706621900001, -7.908387537999943, 0.0], [112.58700239100006, -7.9083382389999315, 0.0], [112.58693650600003, -7.908279093999965, 0.0], [112.58679283700008, -7.908138971999961, 0.0], [112.58674604900011, -7.908106693999969, 0.0], [112.58670620500004, -7.908091024999976, 0.0], [112.5866305620001, -7.908061569999973, 0.0], [112.58656283100004, -7.908028105999961, 0.0], [112.58650305700007, -7.907982859999947, 0.0], [112.5864312110001, -7.907909815999972, 0.0], [112.58635921500002, -7.907816972999967, 0.0], [112.58629536400008, -7.9077419989999385, 0.0], [112.58625546600001, -7.907712407999952, 0.0], [112.58620173600002, -7.907702667999956, 0.0], [112.58614004000003, -7.907683103999943, 0.0], [112.58607238500008, -7.907669528999975, 0.0], [112.58604846200001, -7.9076518099999475, 0.0], [112.58603052900003, -7.907635966999976, 0.0], [112.58596411500002, -7.9076929029999405, 0.0], [112.58566299900008, -7.907975292999936, 0.0], [112.58504409700004, -7.908601068999928, 0.0], [112.58454496000002, -7.909100184999943, 0.0], [112.58430032900003, -7.909467792999976, 0.0], [112.5842078610001, -7.909458198999971, 0.0], [112.58393655000009, -7.90943879699995, 0.0], [112.58369605000007, -7.909419367999931, 0.0], [112.58353220000004, -7.909399558999951, 0.0], [112.5833735110001, -7.90937981999997, 0.0], [112.58318928500012, -7.909370302999946, 0.0], [112.58309719300007, -7.909380866999982, 0.0], [112.58290280000006, -7.909391819999939, 0.0], [112.58275951900009, -7.909392362999938, 0.0], [112.58265207400007, -7.909377401999961, 0.0], [112.58259145300008, -7.909358262999945, 0.0], [112.58250861700003, -7.909332110999969, 0.0], [112.58247439700006, -7.909320397999977, 0.0], [112.58230428700006, -7.909245341999963, 0.0], [112.58217880000007, -7.909059207999974, 0.0], [112.582054459, -7.908708127999944, 0.0], [112.58189027600008, -7.908501114999979, 0.0], [112.58176178500003, -7.9084368689999565, 0.0], [112.58161901800008, -7.9084154539999645, 0.0], [112.58153335700001, -7.908422591999965, 0.0], [112.58139772800007, -7.908522529999971, 0.0], [112.58118357600006, -7.908758095999929, 0.0], [112.58094087100005, -7.909036492999974, 0.0], [112.58079810400011, -7.90915070799997, 0.0], [112.58066961300005, -7.909164983999972, 0.0], [112.5805839520001, -7.909157845999971, 0.0], [112.58040549300006, -7.909065046999956, 0.0], [112.58028414000012, -7.908972247999941, 0.0], [112.58020561800004, -7.908843756999943, 0.0], [112.58013423400007, -7.9084939759999315, 0.0], [112.5800557120001, -7.9082084409999425, 0.0], [112.5798201450001, -7.907937181999955, 0.0], [112.57967023900005, -7.907865798999978, 0.0], [112.57948556800011, -7.907866008999974, 0.0], [112.57928878100006, -7.907859574999975, 0.0], [112.57915876200002, -7.907742837999933, 0.0], [112.57911502500008, -7.907599456999947, 0.0], [112.57920624400003, -7.907408941999961, 0.0], [112.57927049000011, -7.907273312999962, 0.0], [112.57948464100002, -7.907137683999963, 0.0], [112.57967737700005, -7.906973500999925, 0.0], [112.57978530100002, -7.906783350999945, 0.0], [112.57982728400009, -7.906709380999928, 0.0], [112.5798201450001, -7.90647381399998, 0.0], [112.57974120800009, -7.906060913999966, 0.0], [112.57972734600003, -7.90598840399997, 0.0], [112.57969165400004, -7.905824220999932, 0.0], [112.57959885500009, -7.905745698999965, 0.0], [112.57946322600003, -7.905724283999973, 0.0], [112.57927762800011, -7.905745698999965, 0.0], [112.57900636900001, -7.90580280599994, 0.0], [112.57871369600002, -7.905852774999971, 0.0], [112.57864716600011, -7.905857613999956, 0.0], [112.57832108500008, -7.905881327999964, 0.0], [112.57809265600008, -7.905759975999956, 0.0], [112.57806643700007, -7.9053928069999415, 0.0], [112.57799382500002, -7.905228002999934, 0.0], [112.57792460700011, -7.905009356999926, 0.0], [112.5777928440001, -7.9048748159999604, 0.0], [112.57766435300005, -7.904425097999933, 0.0], [112.57769125700008, -7.904220732999931, 0.0], [112.5777443180001, -7.9039765039999565, 0.0], [112.5777797930001, -7.903840000999935, 0.0], [112.57772136000006, -7.903617723999957, 0.0], [112.57758583100008, -7.903489969999953, 0.0], [112.57745734000002, -7.903411447999929, 0.0], [112.57722035200004, -7.9033696259999715, 0.0], [112.57709328300007, -7.9033472019999635, 0.0], [112.57668639500002, -7.9032758179999405, 0.0], [112.57624381500011, -7.903247264999948, 0.0], [112.57590831100003, -7.903261541999939, 0.0], [112.57583692700007, -7.903282956999931, 0.0], [112.57561563800004, -7.903204434999964, 0.0], [112.57548000800011, -7.903018836999934, 0.0], [112.57527299500009, -7.9027404399999455, 0.0], [112.57520694900006, -7.90264420099993, 0.0], [112.57502882500012, -7.902384646999963, 0.0], [112.57502315200009, -7.902376381999943, 0.0], [112.57491607600002, -7.902133676999938, 0.0], [112.57486610700005, -7.901841002999959, 0.0], [112.57477330800009, -7.901641128999927, 0.0], [112.57468764800001, -7.901384146999931, 0.0], [112.57457343400006, -7.901162856999974, 0.0], [112.5744877730001, -7.90107719599996, 0.0], [112.57434500500005, -7.901012950999927, 0.0], [112.57420223800011, -7.900984396999945, 0.0], [112.57413085400003, -7.900941566999961, 0.0], [112.57401664000008, -7.900848767999946, 0.0], [112.5739809480001, -7.90074883099993, 0.0], [112.57404519300007, -7.900491848999934, 0.0], [112.574187961, -7.900206313999945, 0.0], [112.57427362200008, -7.899935054999958, 0.0], [112.57431645200006, -7.899763733999976, 0.0], [112.57425934500009, -7.8995995509999375, 0.0], [112.57412371600003, -7.89947819899993, 0.0], [112.57394525600012, -7.899299738999957, 0.0], [112.57375252000008, -7.899214077999943, 0.0], [112.57361689000004, -7.899199801999941, 0.0], [112.57338132400002, -7.8993497079999315, 0.0], [112.57325997100008, -7.899570997999945, 0.0], [112.57319572600011, -7.899720903999935, 0.0], [112.57311720400003, -7.899770871999976, 0.0], [112.57302440500007, -7.899770871999976, 0.0], [112.57290305200002, -7.8997137649999445, 0.0], [112.57278883800006, -7.899528166999971, 0.0], [112.57274600800008, -7.8993282929999395, 0.0], [112.57278170000006, -7.89903561899996, 0.0], [112.57284594500004, -7.898728667999933, 0.0], [112.57280311500006, -7.898585900999933, 0.0], [112.57275522900011, -7.898351459999958, 0.0], [112.57274181000002, -7.898285758999975, 0.0], [112.5728292450001, -7.897847533999936, 0.0], [112.57283816800009, -7.897695842999951, 0.0], [112.57284709100009, -7.897496563999937, 0.0], [112.57293334700012, -7.897249694999971, 0.0], [112.57301365300009, -7.897044465999954, 0.0], [112.5730701660001, -7.896943338999961, 0.0], [112.5730701660001, -7.896871954999938, 0.0], [112.57299935700007, -7.896585872999935, 0.0], [112.5728903260001, -7.896355617999973, 0.0], [112.57278760500003, -7.896161090999954, 0.0], [112.57277273300008, -7.89605996399996, 0.0], [112.57277273300008, -7.895970733999945, 0.0], [112.57278165600007, -7.895905298999935, 0.0], [112.57292739800005, -7.895530533999931, 0.0], [112.57306895300007, -7.895341130999952, 0.0], [112.57313857500003, -7.895247972999925, 0.0], [112.57329324000011, -7.895123050999928, 0.0], [112.57342411000002, -7.895054641999934, 0.0], [112.57353118600008, -7.894998129999976, 0.0], [112.57355795500007, -7.894956488999981, 0.0], [112.57356687800007, -7.894908899999962, 0.0], [112.57356687800007, -7.89479290099996, 0.0], [112.57343600800004, -7.894415161999973, 0.0], [112.57333785500009, -7.894195060999948, 0.0], [112.5733200090001, -7.894153420999942, 0.0], [112.57331703500006, -7.8941266519999544, 0.0], [112.57331703500006, -7.894099882999967, 0.0], [112.57332595800005, -7.89407311399998, 0.0], [112.57338544400011, -7.8940314739999735, 0.0], [112.57351334000009, -7.893977935999942, 0.0], [112.57366503100002, -7.893909525999959, 0.0], [112.57376318400009, -7.893885731999944, 0.0], [112.5738196960001, -7.893823270999974, 0.0], [112.57387323400008, -7.893719168999951, 0.0], [112.57395948900012, -7.893463376999932, 0.0], [112.57397941700003, -7.893235685999969, 0.0], [112.57394461700005, -7.8930529199999455, 0.0], [112.57384646500009, -7.892910152999946, 0.0], [112.57360554400009, -7.892704923999929, 0.0], [112.57333190600002, -7.892547284999978, 0.0], [112.57323077900003, -7.892478874999938, 0.0], [112.573192113, -7.8924164139999675, 0.0], [112.57318319000001, -7.892327184999942, 0.0], [112.57318319000001, -7.892291492999959, 0.0], [112.57323375300007, -7.892196313999932, 0.0], [112.57331703500006, -7.892071392999981, 0.0], [112.57343898200008, -7.891967290999958, 0.0], [112.57365015900007, -7.891732318999971, 0.0], [112.57380185000011, -7.891512218999935, 0.0], [112.57384051600002, -7.891414065999982, 0.0], [112.57384349000006, -7.891339707999975, 0.0], [112.57382216300005, -7.891278111999952, 0.0], [112.57378249800001, -7.891256117999944, 0.0], [112.57362645100011, -7.891169586999979, 0.0], [112.57323215400004, -7.89097110299997, 0.0], [112.57307810500004, -7.8908940969999435, 0.0], [112.57305431000009, -7.890846508999971, 0.0], [112.57302619900008, -7.890699909999967, 0.0], [112.57300240400002, -7.890652320999948, 0.0], [112.57301755800006, -7.89055855099997, 0.0], [112.57310134900001, -7.89044974899997, 0.0], [112.57338544400011, -7.890235637999979, 0.0], [112.57342113600009, -7.890185669999937, 0.0], [112.57351393500005, -7.889950102999933, 0.0], [112.57352107300005, -7.889828750999925, 0.0], [112.5732723220001, -7.888997120999932, 0.0], [112.57421669500002, -7.887751536999929, 0.0], [112.57533590000003, -7.8870369279999295, 0.0], [112.57568552700002, -7.886710608999977, 0.0], [112.57586730800006, -7.886985476999939, 0.0]]]], "type": "MultiPolygon"}}, {"type": "Feature", "properties": {"village_name": "Beji", "district_name": "Junrejo", "kecamatan": "Junrejo", "kabupaten": "Kota Batu", "provinsi": "Jawa Timur", "kode_desa": "35.79.03.2002", "last_updated": "2026-09-01T08:57:00.626128+00:00", "hourly_temp_today": [19.6, 18.9, 18.3, 18.0, 17.6, 16.9, 17.2, 20.6, 22.5, 24.6, 26.3, 27.6, 28.4, 28.6, 28.0, 27.3, 25.6, 23.6, 22.0, 21.3, 20.6, 19.7, 19.0, 18.5], "suhu_current": 27.3, "suhu_siang_1200": 28.4, "suhu_malam_2400": 19.6}, "geometry": {"coordinates": [[[[112.55069186600008, -7.885521038999968, 0.0], [112.55095598600008, -7.885763742999927, 0.0], [112.55122724400007, -7.885942202999956, 0.0], [112.55151991800005, -7.886149215999978, 0.0], [112.55179831500004, -7.886306260999959, 0.0], [112.5521909260001, -7.886377644999925, 0.0], [112.55249474800007, -7.8864046019999705, 0.0], [112.55256307600007, -7.886420258999976, 0.0], [112.55260496200003, -7.886460510999939, 0.0], [112.55266023000001, -7.886530684999968, 0.0], [112.55271656000002, -7.886636290999945, 0.0], [112.5527114460001, -7.886753225999939, 0.0], [112.55267607400003, -7.887018285999943, 0.0], [112.55265289400006, -7.8871563739999715, 0.0], [112.55261803600001, -7.8873640289999685, 0.0], [112.55270578600005, -7.887421290999953, 0.0], [112.55280691400003, -7.887528366999959, 0.0], [112.55296752700008, -7.887718723999967, 0.0], [112.55315788400003, -7.887894208999967, 0.0], [112.55328280600008, -7.887980464999941, 0.0], [112.5533796200001, -7.888072182999963, 0.0], [112.55339583000011, -7.888087539999958, 0.0], [112.55321737100007, -7.888417689999926, 0.0], [112.55325306200007, -7.888450407999926, 0.0], [112.55338393300008, -7.888548560999936, 0.0], [112.55350885500002, -7.888634815999978, 0.0], [112.55362187900005, -7.888744865999968, 0.0], [112.55365757100003, -7.888679430999957, 0.0], [112.5536902880001, -7.888578303999964, 0.0], [112.55374340700007, -7.888484344999938, 0.0], [112.55378147900001, -7.888451984999961, 0.0], [112.55383305600003, -7.888423638999939, 0.0], [112.55387469700008, -7.888423638999939, 0.0], [112.55398177200004, -7.8884355359999745, 0.0], [112.55402638700002, -7.888500971999974, 0.0], [112.55405315600001, -7.888548560999936, 0.0], [112.55405315600001, -7.888613995999947, 0.0], [112.55405613100004, -7.88868537999997, 0.0], [112.55407100200011, -7.888729994999949, 0.0], [112.55410966800002, -7.888741891999928, 0.0], [112.5541899750001, -7.888786506999963, 0.0], [112.5542911020001, -7.888866813999925, 0.0], [112.5543476150001, -7.88889060799994, 0.0], [112.55439222900009, -7.888950094999927, 0.0], [112.5544219730001, -7.8889887609999505, 0.0], [112.55451120200007, -7.889048247999938, 0.0], [112.55455226400011, -7.889073608999979, 0.0], [112.55461233000005, -7.889110708999965, 0.0], [112.55466289300011, -7.889119630999971, 0.0], [112.55469561100006, -7.889116656999931, 0.0], [112.55475509700011, -7.889075016999925, 0.0], [112.55475772500006, -7.889073608999979, 0.0], [112.55483837800011, -7.889030401999946, 0.0], [112.55489786500004, -7.889006606999942, 0.0], [112.5550138640001, -7.888991734999934, 0.0], [112.55510904200003, -7.889009580999925, 0.0], [112.5551893490001, -7.889033375999929, 0.0], [112.55523209700004, -7.889073608999979, 0.0], [112.55523991200005, -7.889080964999948, 0.0], [112.55532616800008, -7.88916722099998, 0.0], [112.55541539800004, -7.889193989999967, 0.0], [112.555477859, -7.889188040999954, 0.0], [112.55550760200003, -7.889185066999971, 0.0], [112.55557303700004, -7.88916424599995, 0.0], [112.55561170300007, -7.889158297999927, 0.0], [112.55570390700007, -7.88916424599995, 0.0], [112.55578718800007, -7.88916424599995, 0.0], [112.55587047000006, -7.889185066999971, 0.0], [112.55591508400005, -7.889232655999933, 0.0], [112.55596862200002, -7.889298090999944, 0.0], [112.55598349400009, -7.889333782999927, 0.0], [112.55602513500003, -7.889384346999975, 0.0], [112.55606974900002, -7.889420037999969, 0.0], [112.55610544100011, -7.889428960999965, 0.0], [112.55613518500002, -7.889431935999937, 0.0], [112.5562065680001, -7.889420037999969, 0.0], [112.55628687500007, -7.889399217999937, 0.0], [112.55635825900004, -7.889387320999958, 0.0], [112.55638800200006, -7.889375423999979, 0.0], [112.55646236100006, -7.889339731999939, 0.0], [112.55651589800004, -7.889327833999971, 0.0], [112.55656943600002, -7.889342705999979, 0.0], [112.55659918000003, -7.889399217999937, 0.0], [112.55663487100003, -7.889420037999969, 0.0], [112.55666461500005, -7.889423012999941, 0.0], [112.55673005000006, -7.88940516699995, 0.0], [112.55676871600008, -7.889363525999954, 0.0], [112.55678061300011, -7.889345679999963, 0.0], [112.55681333100006, -7.889318910999975, 0.0], [112.55684307400008, -7.889315936999935, 0.0], [112.55690791500001, -7.889330808999944, 0.0], [112.55699714400009, -7.889330808999944, 0.0], [112.55708637400005, -7.8893099879999795, 0.0], [112.55713396300007, -7.889304039999956, 0.0], [112.55717263000008, -7.8893070139999395, 0.0], [112.55719345000011, -7.8893099879999795, 0.0], [112.55720534700004, -7.889348654999935, 0.0], [112.55720832200006, -7.889399217999937, 0.0], [112.55723211600002, -7.889464652999948, 0.0], [112.55726483400008, -7.889482498999939, 0.0], [112.55731837200005, -7.889491421999935, 0.0], [112.55735406400004, -7.889506293999943, 0.0], [112.55741355000009, -7.889506293999943, 0.0], [112.55742842200004, -7.889485473999969, 0.0], [112.55741949900005, -7.889428960999965, 0.0], [112.55741355000009, -7.889363525999954, 0.0], [112.55742247300009, -7.889292141999931, 0.0], [112.55743437000001, -7.889265372999944, 0.0], [112.55747601100006, -7.889208860999929, 0.0], [112.55754085100011, -7.889182686999959, 0.0], [112.55760509700008, -7.889182686999959, 0.0], [112.55768123900009, -7.88919696399995, 0.0], [112.55774548500005, -7.889232655999933, 0.0], [112.55778101700002, -7.889253113999928, 0.0], [112.55782400700002, -7.889277865999929, 0.0], [112.55790490900006, -7.889292141999931, 0.0], [112.55797391300007, -7.889327833999971, 0.0], [112.55806433300006, -7.889337351999927, 0.0], [112.55814285500003, -7.889349248999963, 0.0], [112.55816427000002, -7.88938256199998, 0.0], [112.55817140800002, -7.889415873999951, 0.0], [112.55822851500011, -7.889458704999981, 0.0], [112.55828562300007, -7.889530088999948, 0.0], [112.55829989900008, -7.889584815999967, 0.0], [112.55832369400002, -7.88968237399996, 0.0], [112.5583474880001, -7.88970140999993, 0.0], [112.55839031900007, -7.8897228249999785, 0.0], [112.5584236310001, -7.889725203999944, 0.0], [112.5584684690001, -7.889699581999935, 0.0], [112.55847360000007, -7.8896966509999515, 0.0], [112.5584783590001, -7.8896871329999385, 0.0], [112.55848073800007, -7.88968237399996, 0.0], [112.55848787700006, -7.8896776149999255, 0.0], [112.55851881000001, -7.8896704769999815, 0.0], [112.55855212200004, -7.8896776149999255, 0.0], [112.55859733200009, -7.8897085479999305, 0.0], [112.55864611100003, -7.889732342999935, 0.0], [112.55876984300005, -7.8897489989999485, 0.0], [112.55878887900008, -7.8897489989999485, 0.0], [112.55882759600001, -7.88975752999994, 0.0], [112.55892926700005, -7.8897799319999535, 0.0], [112.55899827100006, -7.889794208999945, 0.0], [112.5590101680001, -7.889794208999945, 0.0], [112.55909107000002, -7.8898108649999585, 0.0], [112.55915055700007, -7.889827520999972, 0.0], [112.55917197200006, -7.889848935999964, 0.0], [112.55919576600002, -7.8898846279999475, 0.0], [112.55923145800011, -7.8899464939999575, 0.0], [112.55929570400008, -7.890015498999958, 0.0], [112.55936470800009, -7.8900916409999695, 0.0], [112.55940040000007, -7.890151127999957, 0.0], [112.55940991800003, -7.890189198999963, 0.0], [112.55941705600003, -7.890203475999954, 0.0], [112.55944798900009, -7.890210613999955, 0.0], [112.55947035100007, -7.890232975999936, 0.0], [112.55951461400002, -7.890277238999943, 0.0], [112.55954078800005, -7.89031055199996, 0.0], [112.55961931000002, -7.890417626999977, 0.0], [112.55964868400008, -7.890453076999961, 0.0], [112.55975731900003, -7.89058418999997, 0.0], [112.55985487700002, -7.890762648999953, 0.0], [112.56005951100008, -7.891117188999942, 0.0], [112.56011899700002, -7.89123854199994, 0.0], [112.56022131400005, -7.891445554999962, 0.0], [112.56026176500006, -7.891607357999931, 0.0], [112.5602736620001, -7.8916549469999495, 0.0], [112.56028555900002, -7.8916644649999625, 0.0], [112.56030697500012, -7.8916763619999415, 0.0], [112.56033790800006, -7.8916858799999545, 0.0], [112.56040045600002, -7.891697607999959, 0.0], [112.56041405000008, -7.891700156999946, 0.0], [112.56056395600001, -7.891719192999972, 0.0], [112.5606139250001, -7.89172395199995, 0.0], [112.56062820200009, -7.891733468999973, 0.0], [112.56064247900008, -7.891757263999978, 0.0], [112.56066627300004, -7.891797714999939, 0.0], [112.5606972060001, -7.89184054499998, 0.0], [112.5607662110001, -7.89186671899995, 0.0], [112.56083045600008, -7.891964276999943, 0.0], [112.56083045600008, -7.892014245999974, 0.0], [112.56081855900004, -7.892047557999945, 0.0], [112.5607947640001, -7.89208562999994, 0.0], [112.5607947640001, -7.892109423999955, 0.0], [112.56081855900004, -7.892164151999964, 0.0], [112.56092801400007, -7.892230776999952, 0.0], [112.56103984900005, -7.892314057999954, 0.0], [112.56113026800006, -7.892385441999977, 0.0], [112.56125875900011, -7.892513932999975, 0.0], [112.56128138600002, -7.892547002999947, 0.0], [112.56132062500001, -7.892604351999978, 0.0], [112.56137297300006, -7.892685253999957, 0.0], [112.56141342400008, -7.89287085199993, 0.0], [112.56142056200008, -7.892913681999971, 0.0], [112.56142056200008, -7.892961270999933, 0.0], [112.56139438800005, -7.893063587999961, 0.0], [112.56136583500006, -7.893220632999942, 0.0], [112.56138249100002, -7.89326108299997, 0.0], [112.56140390600001, -7.8932801189999395, 0.0], [112.56142056200008, -7.8932848779999745, 0.0], [112.56124289900004, -7.893418905999965, 0.0], [112.56108104400005, -7.893550876999939, 0.0], [112.56093559200008, -7.893665227999975, 0.0], [112.56084693900004, -7.893709788999956, 0.0], [112.56070517, -7.893740560999959, 0.0], [112.56060588900004, -7.893726148999974, 0.0], [112.56054457800008, -7.893766872999947, 0.0], [112.5604930290001, -7.893807445999926, 0.0], [112.56030420100001, -7.894020836999971, 0.0], [112.56004084100005, -7.894201488999954, 0.0], [112.55962850600008, -7.894711359999974, 0.0], [112.55964874000006, -7.894838235999941, 0.0], [112.55966301700005, -7.89507142399998, 0.0], [112.55965825800001, -7.896151698999972, 0.0], [112.55938699900003, -7.896227841999973, 0.0], [112.55907766900009, -7.896403921999934, 0.0], [112.55874454500008, -7.896586425999942, 0.0], [112.55851611700007, -7.896725624999931, 0.0], [112.55816276700011, -7.896975467999937, 0.0], [112.55801999900007, -7.897125373999927, 0.0], [112.55780941700004, -7.897432324999954, 0.0], [112.55750603500007, -7.89797484199994, 0.0], [112.55738111400001, -7.898181854999962, 0.0], [112.55725976100007, -7.898296068999969, 0.0], [112.557152685, -7.8983781609999255, 0.0], [112.55681924400005, -7.897908553999969, 0.0], [112.55659081500005, -7.897603982999954, 0.0], [112.55639094100002, -7.8974136259999455, 0.0], [112.55632431600009, -7.897442179999928, 0.0], [112.55630528000006, -7.897603982999954, 0.0], [112.55630528000006, -7.897927589999938, 0.0], [112.55626720900011, -7.898279749999972, 0.0], [112.55605781600002, -7.898679498999968, 0.0], [112.55595424800003, -7.898873127999934, 0.0], [112.55583890600008, -7.8990887669999665, 0.0], [112.55563903100006, -7.8993505069999514, 0.0], [112.55554385200003, -7.899445685999979, 0.0], [112.55548304000001, -7.899587337999947, 0.0], [112.55534968000006, -7.899858182999935, 0.0], [112.55520105500011, -7.899897014999965, 0.0], [112.55509825900003, -7.899681252999926, 0.0], [112.5550200460001, -7.899617770999953, 0.0], [112.5550053180001, -7.899529303999941, 0.0], [112.55499063500008, -7.899452799999949, 0.0], [112.55494951200001, -7.899364430999981, 0.0], [112.5549156510001, -7.899292783999954, 0.0], [112.55492012800005, -7.899206637999953, 0.0], [112.55484555600003, -7.899156673999926, 0.0], [112.55478417000006, -7.8991315969999505, 0.0], [112.55469375000007, -7.899086386999954, 0.0], [112.55454860300006, -7.899034038999957, 0.0], [112.5543439700001, -7.89898169099996, 0.0], [112.55426306800007, -7.89898169099996, 0.0], [112.55417062900005, -7.898979747999931, 0.0], [112.55401734800012, -7.899056876999964, 0.0], [112.55391201200007, -7.899121865999973, 0.0], [112.55382640000005, -7.899327935999963, 0.0], [112.55380507400002, -7.899399788999972, 0.0], [112.55377889300007, -7.899457305999931, 0.0], [112.55365630500012, -7.899395716999948, 0.0], [112.55338028800008, -7.899316897999938, 0.0], [112.55319112100005, -7.899245513999972, 0.0], [112.55312687500009, -7.89922409899998, 0.0], [112.55307333700011, -7.899195544999941, 0.0], [112.553037646, -7.899142006999966, 0.0], [112.55301266100003, -7.8990777619999335, 0.0], [112.55300909200002, -7.899024223999959, 0.0], [112.55304121500001, -7.898981393999975, 0.0], [112.5530769070001, -7.898931424999944, 0.0], [112.5530804760001, -7.898910009999952, 0.0], [112.55304478400001, -7.89884933299993, 0.0], [112.55297696900004, -7.898806502999946, 0.0], [112.55291272400007, -7.898799364999945, 0.0], [112.5528413400001, -7.898799364999945, 0.0], [112.55279137100001, -7.898781518999954, 0.0], [112.55276305500001, -7.898749663999979, 0.0], [112.55264503400008, -7.898624473999973, 0.0], [112.5525807890001, -7.898567366999941, 0.0], [112.55250226700002, -7.89855309099994, 0.0], [112.55243445200006, -7.89855309099994, 0.0], [112.55229882300011, -7.89859235199998, 0.0], [112.55220245500004, -7.8986173359999725, 0.0], [112.55216915000005, -7.898638885999958, 0.0], [112.5520811020001, -7.89869585799994, 0.0], [112.55197902600003, -7.898793281999929, 0.0], [112.55187052000008, -7.898874317999969, 0.0], [112.55178842800001, -7.898959977999937, 0.0], [112.55173132100003, -7.899049207999951, 0.0], [112.55169206000005, -7.899152714999957, 0.0], [112.55166350700006, -7.899202682999942, 0.0], [112.55163495300008, -7.899216959999933, 0.0], [112.55158855400009, -7.899209821999932, 0.0], [112.55155286200011, -7.89918840699994, 0.0], [112.55123163500002, -7.899134868999965, 0.0], [112.55102462200011, -7.899095607999925, 0.0], [112.55098536000003, -7.8990920389999815, 0.0], [112.55095323800003, -7.899109883999927, 0.0], [112.55092111500005, -7.899152714999957, 0.0], [112.55091397700005, -7.899220528999933, 0.0], [112.55087471500008, -7.899288343999956, 0.0], [112.55065342600005, -7.899448957999937, 0.0], [112.55039644400006, -7.899630985999977, 0.0], [112.55032149100009, -7.89966667799996, 0.0], [112.55008235500009, -7.899677385999951, 0.0], [112.54966476000004, -7.899734492999926, 0.0], [112.54861184800006, -7.899834429999942, 0.0], [112.54819782200002, -7.899855844999934, 0.0], [112.5481487400001, -7.8998606009999435, 0.0], [112.54797177300009, -7.899877745999959, 0.0], [112.54772193000008, -7.899859899999967, 0.0], [112.54747803500004, -7.899842054999965, 0.0], [112.54695455300009, -7.899842054999965, 0.0], [112.54668091500002, -7.8998361059999525, 0.0], [112.54649015100006, -7.899879822999935, 0.0], [112.54639538000004, -7.899901540999963, 0.0], [112.54630020200011, -7.899931283999933, 0.0], [112.5461693310001, -7.899966975999973, 0.0], [112.54606225600003, -7.899937232999946, 0.0], [112.54581241200003, -7.899794464999957, 0.0], [112.54552687700004, -7.899693337999963, 0.0], [112.54530677700006, -7.899693337999963, 0.0], [112.54516995800009, -7.899764721999929, 0.0], [112.54505693300007, -7.899848002999931, 0.0], [112.54492606300005, -7.899889643999927, 0.0], [112.54484873000001, -7.899901540999963, 0.0], [112.54477139800008, -7.899901540999963, 0.0], [112.54465837400005, -7.8999074899999755, 0.0], [112.54450965700005, -7.899943181999959, 0.0], [112.54435499200008, -7.900062154999944, 0.0], [112.54423057700001, -7.9001581319999445, 0.0], [112.54414678900002, -7.900222767999935, 0.0], [112.54401591900012, -7.90037743299996, 0.0], [112.54393263800011, -7.900538046999941, 0.0], [112.54385530600007, -7.900686762999953, 0.0], [112.54375417800009, -7.9010793739999485, 0.0], [112.54371253800002, -7.901418446999969, 0.0], [112.5430522370001, -7.901382755999975, 0.0], [112.54276670200011, -7.901418446999969, 0.0], [112.54239193700005, -7.901483882999969, 0.0], [112.54189819900012, -7.901495779999948, 0.0], [112.541713791, -7.901537420999944, 0.0], [112.54158292000011, -7.901626649999969, 0.0], [112.54146989600008, -7.901662341999952, 0.0], [112.54094046600005, -7.901817006999977, 0.0], [112.5399351430001, -7.901930031999939, 0.0], [112.53957822400002, -7.901935979999962, 0.0], [112.53953658400007, -7.9019538259999536, 0.0], [112.53947114900006, -7.90206090199996, 0.0], [112.53948074300001, -7.902132518999963, 0.0], [112.53951531700011, -7.902390605999926, 0.0], [112.53956290700012, -7.902604756999949, 0.0], [112.53962239300006, -7.903330492999942, 0.0], [112.53958670100008, -7.903497054999946, 0.0], [112.53950342000007, -7.904008638999926, 0.0], [112.53931306300001, -7.9039075119999325, 0.0], [112.53909296300003, -7.903871819999949, 0.0], [112.53850999500003, -7.9038123339999515, 0.0], [112.53800436000006, -7.903806384999939, 0.0], [112.53790918100003, -7.903937255999949, 0.0], [112.53779020800005, -7.904317968999976, 0.0], [112.53758795400006, -7.904716528999927, 0.0], [112.5375359520001, -7.9050642899999275, 0.0], [112.53749277500003, -7.905353034999962, 0.0], [112.5373321620001, -7.905347085999949, 0.0], [112.53726951100009, -7.9059741049999275, 0.0], [112.53692244800004, -7.905924848999973, 0.0], [112.53679455200006, -7.905927822999956, 0.0], [112.53673804000005, -7.905901054999958, 0.0], [112.53671424600009, -7.905835618999959, 0.0], [112.53671722000001, -7.905725568999969, 0.0], [112.53673962300002, -7.905586350999954, 0.0], [112.53675886000008, -7.9054668029999675, 0.0], [112.53672911700005, -7.905332957999974, 0.0], [112.53621158400006, -7.9042711239999335, 0.0], [112.53619373800007, -7.9035513369999535, 0.0], [112.53634840300003, -7.903039752999973, 0.0], [112.53562861700004, -7.903265800999975, 0.0], [112.53451621800002, -7.903259852999952, 0.0], [112.53445078300001, -7.90365841299996, 0.0], [112.53439724500004, -7.903795231999936, 0.0], [112.53429017000008, -7.903878512999938, 0.0], [112.53423068300003, -7.904152150999948, 0.0], [112.53409386400006, -7.904217585999959, 0.0], [112.53326105300005, -7.90414025299998, 0.0], [112.53317777200004, -7.904283020999969, 0.0], [112.5320534760001, -7.904175944999963, 0.0], [112.53210701400008, -7.903670309999939, 0.0], [112.53113738400009, -7.903652463999947, 0.0], [112.5311118840001, -7.90404953999996, 0.0], [112.53109574300004, -7.904300866999961, 0.0], [112.53068528600011, -7.904336558999944, 0.0], [112.53064500000005, -7.904334999999946, 0.0], [112.53047100000003, -7.903829999999971, 0.0], [112.53043623200006, -7.903644453999959, 0.0], [112.53034505700009, -7.903157864999969, 0.0], [112.53020300000003, -7.902597999999955, 0.0], [112.53020295500005, -7.902597854999954, 0.0], [112.53018652600008, -7.902545096999972, 0.0], [112.53046298800007, -7.902443238999979, 0.0], [112.53057979800008, -7.902400201999967, 0.0], [112.53079291100005, -7.902278599999931, 0.0], [112.53089569000008, -7.902169365999953, 0.0], [112.53092414000002, -7.90207595399994, 0.0], [112.5309252190001, -7.902067595999938, 0.0], [112.53093688800004, -7.90197726599996, 0.0], [112.53093697100007, -7.901976618999981, 0.0], [112.53086514100005, -7.901693371999954, 0.0], [112.53085750200012, -7.901573774999974, 0.0], [112.53087887200002, -7.901512687999968, 0.0], [112.53110614000002, -7.901325241999928, 0.0], [112.53114291600002, -7.90128109799997, 0.0], [112.53115000000003, -7.901286999999968, 0.0], [112.5313497840001, -7.901220269999953, 0.0], [112.53151158800006, -7.9010013599999525, 0.0], [112.53157345300008, -7.90089190499998, 0.0], [112.5316829090001, -7.9007824499999515, 0.0], [112.53178284600006, -7.900682511999946, 0.0], [112.5318637470001, -7.90061112799998, 0.0], [112.53198272100008, -7.900539743999957, 0.0], [112.5321207290001, -7.90050643099994, 0.0], [112.53228253200007, -7.900496913999973, 0.0], [112.53251096100007, -7.900530226999933, 0.0], [112.53283456800011, -7.900568297999939, 0.0], [112.53298209400009, -7.90061112799998, 0.0], [112.53307727300012, -7.900649198999929, 0.0], [112.53320576400006, -7.90072534199993, 0.0], [112.53327714800002, -7.90072534199993, 0.0], [112.53340563900008, -7.900649198999929, 0.0], [112.53349605800008, -7.900577814999963, 0.0], [112.5335619550001, -7.900552619999928, 0.0], [112.53365786100005, -7.900515949999942, 0.0], [112.5337863520001, -7.900439806999941, 0.0], [112.53394339700003, -7.90042552999995, 0.0], [112.53404809300002, -7.900401735999935, 0.0], [112.53422893200002, -7.900344627999971, 0.0], [112.53432411100005, -7.900339869999925, 0.0], [112.53438800000004, -7.9004209999999375, 0.0], [112.53464295800006, -7.900263725999935, 0.0], [112.53473800300003, -7.9001928449999355, 0.0], [112.534923735, -7.900054334999936, 0.0], [112.53507094400004, -7.899953445999927, 0.0], [112.53514327900007, -7.899883012999965, 0.0], [112.53517754300003, -7.899852555999928, 0.0], [112.53520229000003, -7.8997973519999505, 0.0], [112.53524300000004, -7.899731999999972, 0.0], [112.53525559000002, -7.8996907519999695, 0.0], [112.53545736800004, -7.899626030999968, 0.0], [112.53606651100006, -7.899494684999979, 0.0], [112.53664898200009, -7.899348159999931, 0.0], [112.53683079300004, -7.899302423999927, 0.0], [112.53735903400002, -7.89913586199998, 0.0], [112.5376490000001, -7.899037999999962, 0.0], [112.53763029200002, -7.89895740299994, 0.0], [112.53747324800008, -7.898567170999968, 0.0], [112.5373328600001, -7.898245943999939, 0.0], [112.53726861400003, -7.897974685999941, 0.0], [112.53731025400009, -7.897894378999979, 0.0], [112.5373578440001, -7.897852737999926, 0.0], [112.53752875100008, -7.897733253999945, 0.0], [112.5375249970001, -7.897719109999969, 0.0], [112.53739768900004, -7.897239465999974, 0.0], [112.53738362400009, -7.89712497499994, 0.0], [112.53735068300011, -7.896856841999977, 0.0], [112.53733000000011, -7.896210999999937, 0.0], [112.53734693800004, -7.89615618299996, 0.0], [112.53741356300009, -7.8961466649999466, 0.0], [112.5385937750001, -7.896099074999938, 0.0], [112.53890786400007, -7.896141904999979, 0.0], [112.5392274730001, -7.89611113199993, 0.0], [112.53935931300009, -7.89606981299994, 0.0], [112.53963379300001, -7.89606306099995, 0.0], [112.53970290500001, -7.896064720999959, 0.0], [112.53981148300011, -7.8961035689999335, 0.0], [112.5399835400001, -7.8961651289999395, 0.0], [112.54015059500011, -7.896177910999938, 0.0], [112.54039246900004, -7.896178934999966, 0.0], [112.54069054000001, -7.896111736999956, 0.0], [112.54084902700004, -7.896076007999966, 0.0], [112.54087580800001, -7.896069969999928, 0.0], [112.54117319500006, -7.896028680999962, 0.0], [112.5414803220001, -7.8960256359999335, 0.0], [112.5415882310001, -7.896030650999933, 0.0], [112.54167727400011, -7.896034787999952, 0.0], [112.54178559200011, -7.8960398219999774, 0.0], [112.54188459400007, -7.895819348999964, 0.0], [112.54193931000009, -7.895702649999976, 0.0], [112.54199696300009, -7.895579685999962, 0.0], [112.5421803690001, -7.895343589999925, 0.0], [112.54226742900005, -7.8952775559999395, 0.0], [112.54237562000003, -7.89519549299996, 0.0], [112.54264193000006, -7.895056704999945, 0.0], [112.54281084200011, -7.894972505999931, 0.0], [112.54284694900002, -7.894954506999966, 0.0], [112.54300589700006, -7.894852478999951, 0.0], [112.5433384050001, -7.894447401999969, 0.0], [112.54339855900002, -7.894354325999927, 0.0], [112.54345996400002, -7.894259311999974, 0.0], [112.54350827400003, -7.894184559999928, 0.0], [112.54357716400011, -7.894049908999932, 0.0], [112.54367407600012, -7.893860484999948, 0.0], [112.54373423900006, -7.893519573999981, 0.0], [112.5437310640001, -7.893255013999976, 0.0], [112.54372868000007, -7.893056410999975, 0.0], [112.54374107000001, -7.892758038999943, 0.0], [112.54376039700003, -7.892292613999928, 0.0], [112.54376344900004, -7.892080150999959, 0.0], [112.54391316700003, -7.892077684999947, 0.0], [112.54430800000011, -7.89211599999993, 0.0], [112.54441084200005, -7.891402460999927, 0.0], [112.54448579500001, -7.891031264999981, 0.0], [112.54460595800003, -7.890967812999975, 0.0], [112.54474872600008, -7.890858357999946, 0.0], [112.54474872500009, -7.890772696999932, 0.0], [112.54484390400012, -7.89064420699998, 0.0], [112.54489625200006, -7.890468126999963, 0.0], [112.54500700000006, -7.8902799999999615, 0.0], [112.5450532960001, -7.890163554999958, 0.0], [112.54500570700009, -7.890111206999961, 0.0], [112.54492956400009, -7.8900921719999815, 0.0], [112.54482486800009, -7.890111206999961, 0.0], [112.54472017100011, -7.8901492789999566, 0.0], [112.54462499300007, -7.8902016269999535, 0.0], [112.54458216300009, -7.890177832999939, 0.0], [112.54445843100007, -7.890120724999974, 0.0], [112.54437752900003, -7.890115965999939, 0.0], [112.54433469900005, -7.89009693099996, 0.0], [112.54429186800007, -7.8899684399999614, 0.0], [112.54435373500007, -7.88983043099995, 0.0], [112.54433672100004, -7.889731748999964, 0.0], [112.54432994000001, -7.889692421999939, 0.0], [112.54430800000011, -7.889504999999929, 0.0], [112.5441407730001, -7.889436629999977, 0.0], [112.54393376000007, -7.889454475999969, 0.0], [112.54376957700003, -7.889483029999951, 0.0], [112.54328845100008, -7.8897007499999745, 0.0], [112.54317800000001, -7.8895559999999705, 0.0], [112.54305169400004, -7.889582569999959, 0.0], [112.54298268900004, -7.889511185999936, 0.0], [112.54291368500003, -7.889380315999972, 0.0], [112.54288751000001, -7.889273239999966, 0.0], [112.54282802500006, -7.889180440999951, 0.0], [112.54275902000006, -7.889101919999973, 0.0], [112.54267573900006, -7.889054329999965, 0.0], [112.54257818100007, -7.889051949999953, 0.0], [112.54250800000011, -7.889078999999981, 0.0], [112.54245682800001, -7.889068606999956, 0.0], [112.54232833800006, -7.889006740999946, 0.0], [112.54219270800002, -7.888992463999955, 0.0], [112.54206897600011, -7.889044811999952, 0.0], [112.54191431200002, -7.88911143699994, 0.0], [112.54176202600001, -7.889201855999943, 0.0], [112.54160900000011, -7.889294999999947, 0.0], [112.54166691900002, -7.8889693839999495, 0.0], [112.5417899040001, -7.888585479999961, 0.0], [112.54194784200001, -7.888244709999981, 0.0], [112.54199096100001, -7.888111118999973, 0.0], [112.54203083000004, -7.887813256999948, 0.0], [112.54211808700006, -7.887499000999981, 0.0], [112.54214303100002, -7.88734236099998, 0.0], [112.54215625000006, -7.887297613999976, 0.0], [112.54219450000005, -7.8872591939999666, 0.0], [112.54229610100003, -7.887222452999936, 0.0], [112.54246425500003, -7.887136584999951, 0.0], [112.5425651380001, -7.887083227999938, 0.0], [112.54266402500002, -7.887058938999928, 0.0], [112.54272993200004, -7.887037761999977, 0.0], [112.54295683400005, -7.886898797999947, 0.0], [112.54322924200005, -7.88702570199996, 0.0], [112.54325816800008, -7.887061482999968, 0.0], [112.5438167430001, -7.88751614499995, 0.0], [112.54403257000001, -7.887288755999975, 0.0], [112.5443101510001, -7.886996303999979, 0.0], [112.5445840000001, -7.886657999999954, 0.0], [112.54480507900007, -7.886458545999972, 0.0], [112.54510846300002, -7.8862474969999425, 0.0], [112.54513344400004, -7.886230117999958, 0.0], [112.5454142210001, -7.886230117999958, 0.0], [112.54557602400007, -7.886239635999971, 0.0], [112.54595197900005, -7.8863824029999705, 0.0], [112.54623182900002, -7.886361258999955, 0.0], [112.54648735800004, -7.8863419519999525, 0.0], [112.54755538000006, -7.8863179349999655, 0.0], [112.54778573100009, -7.886275201999979, 0.0], [112.54822586400007, -7.8861935509999626, 0.0], [112.5483892640001, -7.886121040999967, 0.0], [112.54861632600011, -7.885925836999945, 0.0], [112.548835886, -7.885678082999959, 0.0], [112.54903576100003, -7.8856709449999585, 0.0], [112.54921609400003, -7.885756102999949, 0.0], [112.54929274200003, -7.885792296999966, 0.0], [112.54972104600006, -7.885806573999957, 0.0], [112.55012079500011, -7.885485345999939, 0.0], [112.55037777700011, -7.885421100999963, 0.0], [112.55069186600008, -7.885521038999968, 0.0]]]], "type": "MultiPolygon"}}, {"type": "Feature", "properties": {"village_name": "Torongrejo", "district_name": "Junrejo", "kecamatan": "Junrejo", "kabupaten": "Kota Batu", "provinsi": "Jawa Timur", "kode_desa": "35.79.03.2007", "last_updated": "2026-09-01T08:57:00.626128+00:00", "hourly_temp_today": [20.0, 19.3, 18.7, 18.4, 18.0, 17.3, 17.6, 21.0, 22.9, 25.0, 26.7, 28.0, 28.8, 29.0, 28.4, 27.7, 26.0, 24.0, 22.4, 21.7, 21.0, 20.1, 19.4, 18.9], "suhu_current": 27.7, "suhu_siang_1200": 28.8, "suhu_malam_2400": 20.0}, "geometry": {"coordinates": [[[[112.55526509900005, -7.874866758999929, 0.0], [112.55551372800005, -7.874904030999971, 0.0], [112.55598316100009, -7.874999184999979, 0.0], [112.55621143500002, -7.8754218529999775, 0.0], [112.55637777400011, -7.875700564999931, 0.0], [112.55666068000005, -7.875962684999934, 0.0], [112.55713629500008, -7.876427449999937, 0.0], [112.55752063800003, -7.876545645999954, 0.0], [112.5579458520001, -7.876364630999944, 0.0], [112.55838268200011, -7.8760818929999346, 0.0], [112.55870616900006, -7.8759670469999605, 0.0], [112.55888661200004, -7.87609796299995, 0.0], [112.55891147800003, -7.87633113499993, 0.0], [112.5590027290001, -7.876671721999969, 0.0], [112.55887266600007, -7.877180603999932, 0.0], [112.55876059900004, -7.877689418999978, 0.0], [112.55870267300008, -7.878239900999972, 0.0], [112.55872876900003, -7.878802032999943, 0.0], [112.55893954200008, -7.879022551999981, 0.0], [112.55939647200012, -7.879301965999957, 0.0], [112.55946341800006, -7.879558906999932, 0.0], [112.5594349480001, -7.87996573199996, 0.0], [112.55956232500012, -7.8803420699999265, 0.0], [112.55992306000007, -7.880562029999965, 0.0], [112.56030742900009, -7.880686203999971, 0.0], [112.56086519400003, -7.880660200999955, 0.0], [112.56117214500011, -7.8809341909999375, 0.0], [112.56137739200005, -7.88128033199996, 0.0], [112.56157753700006, -7.881865738999977, 0.0], [112.5616337890001, -7.882469625999931, 0.0], [112.56173713100009, -7.88283409099995, 0.0], [112.56203127900005, -7.8828928059999726, 0.0], [112.56224086600002, -7.882796324999958, 0.0], [112.56264217900002, -7.882639317999974, 0.0], [112.56313879300001, -7.882302520999929, 0.0], [112.56351027000005, -7.882187493999936, 0.0], [112.56400807400007, -7.882167691999939, 0.0], [112.564583115, -7.881950222999933, 0.0], [112.56506757200009, -7.881571601999951, 0.0], [112.56517379200011, -7.88156683699998, 0.0], [112.56518280400007, -7.8816268559999685, 0.0], [112.56542301200011, -7.881563395999933, 0.0], [112.56579340700011, -7.881465541999944, 0.0], [112.5661826270001, -7.881167106999953, 0.0], [112.56649028000004, -7.881012268999939, 0.0], [112.56656233400008, -7.881063258999973, 0.0], [112.566596333, -7.881147023999972, 0.0], [112.56660384600002, -7.881165532999944, 0.0], [112.56664850200002, -7.88131461699993, 0.0], [112.56665110100005, -7.88132329299998, 0.0], [112.56676853900001, -7.881650932999946, 0.0], [112.56692441900009, -7.881920660999981, 0.0], [112.56704127900002, -7.882074634999981, 0.0], [112.5674735560001, -7.882696548999945, 0.0], [112.56749612200008, -7.8827290149999385, 0.0], [112.56791891900002, -7.883337289999929, 0.0], [112.56829340700006, -7.883813044999954, 0.0], [112.56853404300011, -7.88413027799993, 0.0], [112.56866822000006, -7.884394842999939, 0.0], [112.56888268600005, -7.884791819999975, 0.0], [112.5690706800001, -7.885268271999962, 0.0], [112.56908976900002, -7.885329379999973, 0.0], [112.56917755300003, -7.885610387999975, 0.0], [112.56917823900005, -7.885612582999954, 0.0], [112.56936603400004, -7.885956591999957, 0.0], [112.56947296700002, -7.886115032999953, 0.0], [112.56952648400011, -7.886167899999975, 0.0], [112.56971268100006, -7.886167201999967, 0.0], [112.56995229300003, -7.8861132359999715, 0.0], [112.5702185780001, -7.88619188399997, 0.0], [112.57032571200011, -7.886324014999957, 0.0], [112.57053958000006, -7.886641346999966, 0.0], [112.57064701400009, -7.886853033999955, 0.0], [112.57064771900002, -7.886854944999925, 0.0], [112.5707544490001, -7.887144275999958, 0.0], [112.57080906600004, -7.887488693999956, 0.0], [112.57085148700003, -7.88773574399994, 0.0], [112.57086365800001, -7.88780662299996, 0.0], [112.57102401000009, -7.887991712999963, 0.0], [112.57126425000001, -7.888202719999981, 0.0], [112.57153083700007, -7.888360830999943, 0.0], [112.57246567900006, -7.889179188999947, 0.0], [112.57273156500003, -7.889151610999932, 0.0], [112.57299752400002, -7.889044656999943, 0.0], [112.5732369640001, -7.889043756999968, 0.0], [112.5732723220001, -7.888997120999932, 0.0], [112.57352107300005, -7.889828750999925, 0.0], [112.57351393500005, -7.889950102999933, 0.0], [112.57342113600009, -7.890185669999937, 0.0], [112.57338544400011, -7.890235637999979, 0.0], [112.57310134900001, -7.89044974899997, 0.0], [112.57301755800006, -7.89055855099997, 0.0], [112.57300240400002, -7.890652320999948, 0.0], [112.57302619900008, -7.890699909999967, 0.0], [112.57305431000009, -7.890846508999971, 0.0], [112.57307810500004, -7.8908940969999435, 0.0], [112.57323215400004, -7.89097110299997, 0.0], [112.57362645100011, -7.891169586999979, 0.0], [112.57378249800001, -7.891256117999944, 0.0], [112.57382216300005, -7.891278111999952, 0.0], [112.57384349000006, -7.891339707999975, 0.0], [112.57384051600002, -7.891414065999982, 0.0], [112.57380185000011, -7.891512218999935, 0.0], [112.57365015900007, -7.891732318999971, 0.0], [112.57343898200008, -7.891967290999958, 0.0], [112.57331703500006, -7.892071392999981, 0.0], [112.57323375300007, -7.892196313999932, 0.0], [112.57318319000001, -7.892291492999959, 0.0], [112.57318319000001, -7.892327184999942, 0.0], [112.573192113, -7.8924164139999675, 0.0], [112.57323077900003, -7.892478874999938, 0.0], [112.57333190600002, -7.892547284999978, 0.0], [112.57360554400009, -7.892704923999929, 0.0], [112.57384646500009, -7.892910152999946, 0.0], [112.57394461700005, -7.8930529199999455, 0.0], [112.57397941700003, -7.893235685999969, 0.0], [112.57395948900012, -7.893463376999932, 0.0], [112.57387323400008, -7.893719168999951, 0.0], [112.5738196960001, -7.893823270999974, 0.0], [112.57376318400009, -7.893885731999944, 0.0], [112.57366503100002, -7.893909525999959, 0.0], [112.57351334000009, -7.893977935999942, 0.0], [112.57338544400011, -7.8940314739999735, 0.0], [112.57332595800005, -7.89407311399998, 0.0], [112.57331703500006, -7.894099882999967, 0.0], [112.57331703500006, -7.8941266519999544, 0.0], [112.5733200090001, -7.894153420999942, 0.0], [112.57333785500009, -7.894195060999948, 0.0], [112.57343600800004, -7.894415161999973, 0.0], [112.57356687800007, -7.89479290099996, 0.0], [112.57356687800007, -7.894908899999962, 0.0], [112.57355795500007, -7.894956488999981, 0.0], [112.57353118600008, -7.894998129999976, 0.0], [112.57342411000002, -7.895054641999934, 0.0], [112.57329324000011, -7.895123050999928, 0.0], [112.57313857500003, -7.895247972999925, 0.0], [112.57306895300007, -7.895341130999952, 0.0], [112.57292739800005, -7.895530533999931, 0.0], [112.57278165600007, -7.895905298999935, 0.0], [112.57277273300008, -7.895970733999945, 0.0], [112.57277273300008, -7.89605996399996, 0.0], [112.57278760500003, -7.896161090999954, 0.0], [112.5728903260001, -7.896355617999973, 0.0], [112.57299935700007, -7.896585872999935, 0.0], [112.5730701660001, -7.896871954999938, 0.0], [112.5730701660001, -7.896943338999961, 0.0], [112.57301365300009, -7.897044465999954, 0.0], [112.57293334700012, -7.897249694999971, 0.0], [112.57284709100009, -7.897496563999937, 0.0], [112.57283816800009, -7.897695842999951, 0.0], [112.5728292450001, -7.897847533999936, 0.0], [112.57274181000002, -7.898285758999975, 0.0], [112.57238876200006, -7.898166200999981, 0.0], [112.57222413300008, -7.898109713999929, 0.0], [112.5719459500001, -7.898019728999941, 0.0], [112.57171195000001, -7.8979290199999355, 0.0], [112.57100300900004, -7.897654202999945, 0.0], [112.57085429200004, -7.897591741999975, 0.0], [112.57077101100003, -7.897544152999956, 0.0], [112.57062824400009, -7.8974697949999495, 0.0], [112.57056280800009, -7.897422204999941, 0.0], [112.57050332200004, -7.897350821999964, 0.0], [112.57042598900011, -7.897249694999971, 0.0], [112.57039327200005, -7.897214002999931, 0.0], [112.57036650300006, -7.897196156999939, 0.0], [112.57034865700007, -7.897196156999939, 0.0], [112.57031593900001, -7.897190207999927, 0.0], [112.57023860700008, -7.897193181999967, 0.0], [112.57009583900003, -7.897205079999935, 0.0], [112.56992371700005, -7.897230711999953, 0.0], [112.56971343800001, -7.897152131999974, 0.0], [112.56934797300005, -7.89697916199998, 0.0], [112.56901571900005, -7.896826519999934, 0.0], [112.56891122000002, -7.896782491999943, 0.0], [112.56885152300003, -7.896747988999948, 0.0], [112.56874103000007, -7.8966618489999405, 0.0], [112.56836478100001, -7.896309806999966, 0.0], [112.56828447500004, -7.896217602999968, 0.0], [112.56819524500008, -7.896155141999941, 0.0], [112.56816252700003, -7.896140270999979, 0.0], [112.56808816900002, -7.8961224249999304, 0.0], [112.56801083700009, -7.8961224249999304, 0.0], [112.56791268400002, -7.896137296999939, 0.0], [112.56776099300009, -7.896202731999949, 0.0], [112.56744868900012, -7.896256269999981, 0.0], [112.5674100230001, -7.896250320999968, 0.0], [112.56725833200005, -7.896250320999968, 0.0], [112.56713043600007, -7.896190833999981, 0.0], [112.56709816300008, -7.89616885099997, 0.0], [112.56692520700005, -7.896051040999964, 0.0], [112.56627383000011, -7.895625711999969, 0.0], [112.5658328180001, -7.895419945999947, 0.0], [112.56516295100005, -7.895134508999945, 0.0], [112.56445329100006, -7.895089495999969, 0.0], [112.56320303000007, -7.895041212999956, 0.0], [112.56283495600007, -7.894866628999978, 0.0], [112.56249327900002, -7.894634477999944, 0.0], [112.56244748000006, -7.894584357999975, 0.0], [112.56233488300006, -7.8944611439999335, 0.0], [112.56211552200011, -7.89415792099993, 0.0], [112.56196602600005, -7.893906687999959, 0.0], [112.56169507600009, -7.893343602999948, 0.0], [112.56160017000002, -7.893294039999944, 0.0], [112.56150262500012, -7.893285650999928, 0.0], [112.56144673600011, -7.8932848779999745, 0.0], [112.56142056200008, -7.8932848779999745, 0.0], [112.56140390600001, -7.8932801189999395, 0.0], [112.56138249100002, -7.89326108299997, 0.0], [112.56136583500006, -7.893220632999942, 0.0], [112.56139438800005, -7.893063587999961, 0.0], [112.56142056200008, -7.892961270999933, 0.0], [112.56142056200008, -7.892913681999971, 0.0], [112.56141342400008, -7.89287085199993, 0.0], [112.56137297300006, -7.892685253999957, 0.0], [112.56132062500001, -7.892604351999978, 0.0], [112.56128138600002, -7.892547002999947, 0.0], [112.56125875900011, -7.892513932999975, 0.0], [112.56113026800006, -7.892385441999977, 0.0], [112.56103984900005, -7.892314057999954, 0.0], [112.56092801400007, -7.892230776999952, 0.0], [112.56081855900004, -7.892164151999964, 0.0], [112.5607947640001, -7.892109423999955, 0.0], [112.5607947640001, -7.89208562999994, 0.0], [112.56081855900004, -7.892047557999945, 0.0], [112.56083045600008, -7.892014245999974, 0.0], [112.56083045600008, -7.891964276999943, 0.0], [112.5607662110001, -7.89186671899995, 0.0], [112.5606972060001, -7.89184054499998, 0.0], [112.56066627300004, -7.891797714999939, 0.0], [112.56064247900008, -7.891757263999978, 0.0], [112.56062820200009, -7.891733468999973, 0.0], [112.5606139250001, -7.89172395199995, 0.0], [112.56056395600001, -7.891719192999972, 0.0], [112.56041405000008, -7.891700156999946, 0.0], [112.56040045600002, -7.891697607999959, 0.0], [112.56033790800006, -7.8916858799999545, 0.0], [112.56030697500012, -7.8916763619999415, 0.0], [112.56028555900002, -7.8916644649999625, 0.0], [112.5602736620001, -7.8916549469999495, 0.0], [112.56026176500006, -7.891607357999931, 0.0], [112.56022131400005, -7.891445554999962, 0.0], [112.56011899700002, -7.89123854199994, 0.0], [112.56005951100008, -7.891117188999942, 0.0], [112.55985487700002, -7.890762648999953, 0.0], [112.55975731900003, -7.89058418999997, 0.0], [112.55964868400008, -7.890453076999961, 0.0], [112.55961931000002, -7.890417626999977, 0.0], [112.55954078800005, -7.89031055199996, 0.0], [112.55951461400002, -7.890277238999943, 0.0], [112.55947035100007, -7.890232975999936, 0.0], [112.55944798900009, -7.890210613999955, 0.0], [112.55941705600003, -7.890203475999954, 0.0], [112.55940991800003, -7.890189198999963, 0.0], [112.55940040000007, -7.890151127999957, 0.0], [112.55936470800009, -7.8900916409999695, 0.0], [112.55929570400008, -7.890015498999958, 0.0], [112.55923145800011, -7.8899464939999575, 0.0], [112.55919576600002, -7.8898846279999475, 0.0], [112.55917197200006, -7.889848935999964, 0.0], [112.55915055700007, -7.889827520999972, 0.0], [112.55909107000002, -7.8898108649999585, 0.0], [112.5590101680001, -7.889794208999945, 0.0], [112.55899827100006, -7.889794208999945, 0.0], [112.55892926700005, -7.8897799319999535, 0.0], [112.55882759600001, -7.88975752999994, 0.0], [112.55878887900008, -7.8897489989999485, 0.0], [112.55876984300005, -7.8897489989999485, 0.0], [112.55864611100003, -7.889732342999935, 0.0], [112.55859733200009, -7.8897085479999305, 0.0], [112.55855212200004, -7.8896776149999255, 0.0], [112.55851881000001, -7.8896704769999815, 0.0], [112.55848787700006, -7.8896776149999255, 0.0], [112.55848073800007, -7.88968237399996, 0.0], [112.5584783590001, -7.8896871329999385, 0.0], [112.55847360000007, -7.8896966509999515, 0.0], [112.5584684690001, -7.889699581999935, 0.0], [112.5584236310001, -7.889725203999944, 0.0], [112.55839031900007, -7.8897228249999785, 0.0], [112.5583474880001, -7.88970140999993, 0.0], [112.55832369400002, -7.88968237399996, 0.0], [112.55829989900008, -7.889584815999967, 0.0], [112.55828562300007, -7.889530088999948, 0.0], [112.55822851500011, -7.889458704999981, 0.0], [112.55817140800002, -7.889415873999951, 0.0], [112.55816427000002, -7.88938256199998, 0.0], [112.55814285500003, -7.889349248999963, 0.0], [112.55806433300006, -7.889337351999927, 0.0], [112.55797391300007, -7.889327833999971, 0.0], [112.55790490900006, -7.889292141999931, 0.0], [112.55782400700002, -7.889277865999929, 0.0], [112.55778101700002, -7.889253113999928, 0.0], [112.55774548500005, -7.889232655999933, 0.0], [112.55768123900009, -7.88919696399995, 0.0], [112.55760509700008, -7.889182686999959, 0.0], [112.55754085100011, -7.889182686999959, 0.0], [112.55747601100006, -7.889208860999929, 0.0], [112.55743437000001, -7.889265372999944, 0.0], [112.55742247300009, -7.889292141999931, 0.0], [112.55741355000009, -7.889363525999954, 0.0], [112.55741949900005, -7.889428960999965, 0.0], [112.55742842200004, -7.889485473999969, 0.0], [112.55741355000009, -7.889506293999943, 0.0], [112.55735406400004, -7.889506293999943, 0.0], [112.55731837200005, -7.889491421999935, 0.0], [112.55726483400008, -7.889482498999939, 0.0], [112.55723211600002, -7.889464652999948, 0.0], [112.55720832200006, -7.889399217999937, 0.0], [112.55720534700004, -7.889348654999935, 0.0], [112.55719345000011, -7.8893099879999795, 0.0], [112.55717263000008, -7.8893070139999395, 0.0], [112.55713396300007, -7.889304039999956, 0.0], [112.55708637400005, -7.8893099879999795, 0.0], [112.55699714400009, -7.889330808999944, 0.0], [112.55690791500001, -7.889330808999944, 0.0], [112.55684307400008, -7.889315936999935, 0.0], [112.55681333100006, -7.889318910999975, 0.0], [112.55678061300011, -7.889345679999963, 0.0], [112.55676871600008, -7.889363525999954, 0.0], [112.55673005000006, -7.88940516699995, 0.0], [112.55666461500005, -7.889423012999941, 0.0], [112.55663487100003, -7.889420037999969, 0.0], [112.55659918000003, -7.889399217999937, 0.0], [112.55656943600002, -7.889342705999979, 0.0], [112.55651589800004, -7.889327833999971, 0.0], [112.55646236100006, -7.889339731999939, 0.0], [112.55638800200006, -7.889375423999979, 0.0], [112.55635825900004, -7.889387320999958, 0.0], [112.55628687500007, -7.889399217999937, 0.0], [112.5562065680001, -7.889420037999969, 0.0], [112.55613518500002, -7.889431935999937, 0.0], [112.55610544100011, -7.889428960999965, 0.0], [112.55606974900002, -7.889420037999969, 0.0], [112.55602513500003, -7.889384346999975, 0.0], [112.55598349400009, -7.889333782999927, 0.0], [112.55596862200002, -7.889298090999944, 0.0], [112.55591508400005, -7.889232655999933, 0.0], [112.55587047000006, -7.889185066999971, 0.0], [112.55578718800007, -7.88916424599995, 0.0], [112.55570390700007, -7.88916424599995, 0.0], [112.55561170300007, -7.889158297999927, 0.0], [112.55557303700004, -7.88916424599995, 0.0], [112.55550760200003, -7.889185066999971, 0.0], [112.555477859, -7.889188040999954, 0.0], [112.55541539800004, -7.889193989999967, 0.0], [112.55532616800008, -7.88916722099998, 0.0], [112.55523991200005, -7.889080964999948, 0.0], [112.55523209700004, -7.889073608999979, 0.0], [112.5551893490001, -7.889033375999929, 0.0], [112.55510904200003, -7.889009580999925, 0.0], [112.5550138640001, -7.888991734999934, 0.0], [112.55489786500004, -7.889006606999942, 0.0], [112.55483837800011, -7.889030401999946, 0.0], [112.55475772500006, -7.889073608999979, 0.0], [112.55475509700011, -7.889075016999925, 0.0], [112.55469561100006, -7.889116656999931, 0.0], [112.55466289300011, -7.889119630999971, 0.0], [112.55461233000005, -7.889110708999965, 0.0], [112.55455226400011, -7.889073608999979, 0.0], [112.55451120200007, -7.889048247999938, 0.0], [112.5544219730001, -7.8889887609999505, 0.0], [112.55439222900009, -7.888950094999927, 0.0], [112.5543476150001, -7.88889060799994, 0.0], [112.5542911020001, -7.888866813999925, 0.0], [112.5541899750001, -7.888786506999963, 0.0], [112.55410966800002, -7.888741891999928, 0.0], [112.55407100200011, -7.888729994999949, 0.0], [112.55405613100004, -7.88868537999997, 0.0], [112.55405315600001, -7.888613995999947, 0.0], [112.55405315600001, -7.888548560999936, 0.0], [112.55402638700002, -7.888500971999974, 0.0], [112.55398177200004, -7.8884355359999745, 0.0], [112.55387469700008, -7.888423638999939, 0.0], [112.55383305600003, -7.888423638999939, 0.0], [112.55378147900001, -7.888451984999961, 0.0], [112.55374340700007, -7.888484344999938, 0.0], [112.5536902880001, -7.888578303999964, 0.0], [112.55365757100003, -7.888679430999957, 0.0], [112.55362187900005, -7.888744865999968, 0.0], [112.55350885500002, -7.888634815999978, 0.0], [112.55338393300008, -7.888548560999936, 0.0], [112.55325306200007, -7.888450407999926, 0.0], [112.55321737100007, -7.888417689999926, 0.0], [112.55339583000011, -7.888087539999958, 0.0], [112.5533796200001, -7.888072182999963, 0.0], [112.55328280600008, -7.887980464999941, 0.0], [112.55315788400003, -7.887894208999967, 0.0], [112.55296752700008, -7.887718723999967, 0.0], [112.55280691400003, -7.887528366999959, 0.0], [112.55270578600005, -7.887421290999953, 0.0], [112.55261803600001, -7.8873640289999685, 0.0], [112.55265289400006, -7.8871563739999715, 0.0], [112.55267607400003, -7.887018285999943, 0.0], [112.5527114460001, -7.886753225999939, 0.0], [112.55271656000002, -7.886636290999945, 0.0], [112.55266023000001, -7.886530684999968, 0.0], [112.55260496200003, -7.886460510999939, 0.0], [112.55256307600007, -7.886420258999976, 0.0], [112.55249474800007, -7.8864046019999705, 0.0], [112.55246099500005, -7.886132608999958, 0.0], [112.55231346800008, -7.885982703999957, 0.0], [112.55225874000007, -7.885920837999947, 0.0], [112.5522563610001, -7.885858970999948, 0.0], [112.55234916000006, -7.885789966999937, 0.0], [112.55239437000012, -7.885706685999935, 0.0], [112.55241340600003, -7.885571056999936, 0.0], [112.55242768200003, -7.885425909999981, 0.0], [112.55242054300004, -7.885364043999971, 0.0], [112.55239764500004, -7.885300324999946, 0.0], [112.55236581600002, -7.8852117579999685, 0.0], [112.55236819600009, -7.885166547999972, 0.0], [112.55249430700007, -7.885007124999959, 0.0], [112.55255141400005, -7.884910755999954, 0.0], [112.55259424500002, -7.884739434999972, 0.0], [112.55255141400005, -7.884527662999972, 0.0], [112.55250620400011, -7.884358721999945, 0.0], [112.5525070000001, -7.884299999999939, 0.0], [112.55254308600001, -7.884289716999945, 0.0], [112.55265611100003, -7.88437597199993, 0.0], [112.55293569700007, -7.8845008939999275, 0.0], [112.55298328700007, -7.884483047999936, 0.0], [112.55306061800002, -7.884292690999928, 0.0], [112.5531177260001, -7.884222893999947, 0.0], [112.5531284430001, -7.883837068999981, 0.0], [112.55312962300002, -7.8837945899999795, 0.0], [112.55312367500005, -7.883443620999969, 0.0], [112.55307013600009, -7.883372236999946, 0.0], [112.5529404560001, -7.883360339999967, 0.0], [112.55291904100011, -7.883135480999954, 0.0], [112.55295830200009, -7.88289991399995, 0.0], [112.55273313300006, -7.88283540599997, 0.0], [112.55188700000008, -7.882592999999929, 0.0], [112.55177888200001, -7.882592565999971, 0.0], [112.55168667900011, -7.882496010999944, 0.0], [112.5515566580001, -7.882374475999939, 0.0], [112.55130874600002, -7.882167248999963, 0.0], [112.55125569100005, -7.882095671999934, 0.0], [112.551132886, -7.881978894999975, 0.0], [112.55101498700003, -7.881890809999959, 0.0], [112.55097646200011, -7.881855065999957, 0.0], [112.55094993600005, -7.881819275999931, 0.0], [112.55094017800002, -7.881776247999937, 0.0], [112.55091369500008, -7.881752421999977, 0.0], [112.5508801310001, -7.881759722999959, 0.0], [112.55086486000005, -7.881764626999939, 0.0], [112.55085810500009, -7.881807720999973, 0.0], [112.55081994700004, -7.8818355479999695, 0.0], [112.55075083200006, -7.881821568999953, 0.0], [112.55071170800011, -7.881785826999931, 0.0], [112.55050432700011, -7.881669960999943, 0.0], [112.55043448700008, -7.881848984999976, 0.0], [112.55015192600001, -7.881575346999966, 0.0], [112.5497556470001, -7.881208271999981, 0.0], [112.54973700000005, -7.881190999999944, 0.0], [112.54988780600002, -7.880771683999967, 0.0], [112.54997703600009, -7.880277945999978, 0.0], [112.54982832000007, -7.879986461999977, 0.0], [112.5498937540001, -7.879867488999935, 0.0], [112.55000677900011, -7.879831796999952, 0.0], [112.5498580630001, -7.879195290999974, 0.0], [112.5498394870001, -7.879018816999974, 0.0], [112.54979857600006, -7.878630168999962, 0.0], [112.5496710000001, -7.878491999999937, 0.0], [112.54970070700006, -7.878423636999969, 0.0], [112.54975400000001, -7.878300999999965, 0.0], [112.54989420100003, -7.87826021199993, 0.0], [112.55009942900006, -7.87821857199998, 0.0], [112.55015296700003, -7.87794493399997, 0.0], [112.55014107000011, -7.877718884999979, 0.0], [112.55003399400005, -7.877367914999979, 0.0], [112.55003101900002, -7.877275709999935, 0.0], [112.55009100000007, -7.877187999999933, 0.0], [112.55021661800004, -7.877131395999982, 0.0], [112.55008843100006, -7.877135060999933, 0.0], [112.54999813600011, -7.877114340999981, 0.0], [112.5498828530001, -7.877084142999934, 0.0], [112.549863587, -7.877065074999962, 0.0], [112.54980780100004, -7.877032743999962, 0.0], [112.54975385600005, -7.876979350999932, 0.0], [112.549742132, -7.876923888999954, 0.0], [112.54973431200006, -7.8768856389999655, 0.0], [112.54975142400008, -7.876841553999952, 0.0], [112.54980885900011, -7.87680114799997, 0.0], [112.54986096000005, -7.876794017999941, 0.0], [112.5499341310001, -7.876791353999977, 0.0], [112.55006235500002, -7.876752599999975, 0.0], [112.55019543900005, -7.876730575999943, 0.0], [112.5503370670001, -7.876747995999949, 0.0], [112.5504629940001, -7.876736763999929, 0.0], [112.55058418400006, -7.876742296999964, 0.0], [112.55064895300006, -7.876738468999974, 0.0], [112.55072106300008, -7.876703092999946, 0.0], [112.55083686400008, -7.876628853999932, 0.0], [112.55078689600009, -7.876524157999938, 0.0], [112.55066316300008, -7.876438496999981, 0.0], [112.55063395000002, -7.876407021999967, 0.0], [112.55064412800004, -7.876214827999945, 0.0], [112.55061795400002, -7.876069680999933, 0.0], [112.55057988200008, -7.875957845999949, 0.0], [112.55063800000005, -7.875845999999967, 0.0], [112.55079641300006, -7.875660413999981, 0.0], [112.55118337300007, -7.875336773999948, 0.0], [112.55137390400012, -7.875508055999944, 0.0], [112.55169484200007, -7.875796617999981, 0.0], [112.55189392600005, -7.875879405999967, 0.0], [112.55219668900008, -7.8759486229999425, 0.0], [112.5524809740001, -7.875855373999968, 0.0], [112.55300921500009, -7.875593633999927, 0.0], [112.55322693500011, -7.875393758999962, 0.0], [112.55348391700011, -7.875275975999955, 0.0], [112.55372305300011, -7.875193883999941, 0.0], [112.55407640300007, -7.875108223999973, 0.0], [112.55422630900011, -7.875129638999965, 0.0], [112.5544145560001, -7.8750769929999365, 0.0], [112.55482236400007, -7.874958316999937, 0.0], [112.55499427900008, -7.874929558999952, 0.0], [112.55520799200008, -7.874855337999975, 0.0], [112.55526509900005, -7.874866758999929, 0.0]]]], "type": "MultiPolygon"}}, {"type": "Feature", "properties": {"village_name": "Temas", "district_name": "Batu", "kecamatan": "Batu", "kabupaten": "Kota Batu", "provinsi": "Jawa Timur", "kode_desa": "35.79.01.1001", "last_updated": "2026-09-01T08:57:00.626128+00:00", "hourly_temp_today": [19.4, 18.7, 18.2, 17.9, 17.4, 16.7, 17.0, 20.5, 22.3, 24.5, 26.2, 27.5, 28.3, 28.4, 27.9, 27.1, 25.5, 23.4, 21.9, 21.1, 20.5, 19.6, 18.9, 18.3], "suhu_current": 27.1, "suhu_siang_1200": 28.3, "suhu_malam_2400": 19.4}, "geometry": {"coordinates": [[[[112.53808055400009, -7.868742496999971, 0.0], [112.53835740400007, -7.868992693999928, 0.0], [112.538728762, -7.86949614699995, 0.0], [112.53882475400007, -7.869663267999954, 0.0], [112.53883744900008, -7.869774155999949, 0.0], [112.5388755780001, -7.870107186999974, 0.0], [112.53886459400007, -7.870288721999941, 0.0], [112.538866342, -7.870293341999968, 0.0], [112.53896490700004, -7.8705539199999635, 0.0], [112.53897671800007, -7.870591898999976, 0.0], [112.53912166700002, -7.871057999999948, 0.0], [112.53917022300004, -7.871214134999946, 0.0], [112.5391807530001, -7.8712479959999655, 0.0], [112.5392915860001, -7.871345699999949, 0.0], [112.53957166700002, -7.871516665999934, 0.0], [112.53994075500009, -7.8718821149999485, 0.0], [112.539740101, -7.872422317999963, 0.0], [112.53973501500002, -7.8724360129999695, 0.0], [112.53987448500004, -7.872601225999972, 0.0], [112.53991013900009, -7.872643460999939, 0.0], [112.5400112640001, -7.872794773999942, 0.0], [112.5400753880001, -7.872864978999928, 0.0], [112.5401094980001, -7.872902445999955, 0.0], [112.54032187300004, -7.873165837999977, 0.0], [112.54037924900001, -7.873302318999947, 0.0], [112.54043912000009, -7.87344473099995, 0.0], [112.54043537000007, -7.873478979999959, 0.0], [112.54042287200002, -7.873593124999957, 0.0], [112.54041558900008, -7.87363007099998, 0.0], [112.54037482500007, -7.873836856999958, 0.0], [112.54032586000005, -7.8740915969999605, 0.0], [112.54033487000004, -7.87412166799993, 0.0], [112.54036240700009, -7.874213580999935, 0.0], [112.54049500000008, -7.874294999999961, 0.0], [112.54068361300006, -7.874373661999925, 0.0], [112.54099972800009, -7.874383635999948, 0.0], [112.54100515800008, -7.874381410999945, 0.0], [112.54105226800004, -7.874362109999936, 0.0], [112.54110634800008, -7.874339950999968, 0.0], [112.54121774200007, -7.87429431299995, 0.0], [112.5414067690001, -7.874152460999937, 0.0], [112.54139996100002, -7.873933573999977, 0.0], [112.54139142700001, -7.873837460999937, 0.0], [112.54137617700007, -7.873665702999972, 0.0], [112.54139373500004, -7.87363007099998, 0.0], [112.5414488130001, -7.873518297999965, 0.0], [112.54162527100004, -7.8735463599999775, 0.0], [112.54173037100009, -7.87363007099998, 0.0], [112.5417447320001, -7.873641508999981, 0.0], [112.5418869350001, -7.873753305999969, 0.0], [112.54195379500004, -7.873871227999928, 0.0], [112.54199177400005, -7.873918437999976, 0.0], [112.54214468500004, -7.874108517999957, 0.0], [112.54224204100001, -7.874229537999952, 0.0], [112.54239611300011, -7.8743952219999755, 0.0], [112.54252405500006, -7.874492636999946, 0.0], [112.54264867200004, -7.874466299999938, 0.0], [112.5427850000001, -7.874431665999964, 0.0], [112.54330680900011, -7.874078482999948, 0.0], [112.54361589700011, -7.873961308999981, 0.0], [112.54372738200004, -7.873959523999929, 0.0], [112.54381051100006, -7.873958190999929, 0.0], [112.54409014700002, -7.873953710999956, 0.0], [112.54410054400012, -7.87395354399996, 0.0], [112.54437731400003, -7.873856825999951, 0.0], [112.54442969500008, -7.873740593999969, 0.0], [112.5444620830001, -7.87366872399997, 0.0], [112.54446434200008, -7.87363007099998, 0.0], [112.54447147300004, -7.873508056999981, 0.0], [112.54447760800008, -7.873403081999982, 0.0], [112.54464615400002, -7.873238575999949, 0.0], [112.54482229300004, -7.873180507999962, 0.0], [112.54487430500001, -7.873187227999949, 0.0], [112.5450203370001, -7.873206094999944, 0.0], [112.54512390800005, -7.873313375999942, 0.0], [112.54524791300003, -7.87346348899996, 0.0], [112.54525887900002, -7.873476762999928, 0.0], [112.54535423200002, -7.873496867999961, 0.0], [112.54544571000008, -7.87328260299995, 0.0], [112.54554145400004, -7.873174303999974, 0.0], [112.54562777900003, -7.873076656999956, 0.0], [112.54586203100007, -7.872966695999935, 0.0], [112.54599154100003, -7.872905543999934, 0.0], [112.54618681800002, -7.872813337999958, 0.0], [112.54632058000004, -7.872474995999937, 0.0], [112.54658767600006, -7.872347542999933, 0.0], [112.54681709200008, -7.872432493999952, 0.0], [112.54694743000005, -7.872640157999967, 0.0], [112.54724273500005, -7.872689310999931, 0.0], [112.54745782300006, -7.872458839999979, 0.0], [112.54758668900001, -7.872467840999946, 0.0], [112.5478134980001, -7.872483682999928, 0.0], [112.5483196890001, -7.872333959999935, 0.0], [112.54864818100009, -7.872289364999972, 0.0], [112.54890832000001, -7.87207607299996, 0.0], [112.54954577700005, -7.871705874999975, 0.0], [112.54975760600007, -7.871551887999942, 0.0], [112.54999484100006, -7.871484964999979, 0.0], [112.55014562600002, -7.871505802999934, 0.0], [112.55020127300008, -7.871559025999943, 0.0], [112.55035597800008, -7.871737889999963, 0.0], [112.55040323200001, -7.871899977999931, 0.0], [112.55045682600007, -7.872113727999931, 0.0], [112.55046777900009, -7.872168432999956, 0.0], [112.55052670100008, -7.872462718999941, 0.0], [112.55055387300001, -7.872598430999972, 0.0], [112.55062750800005, -7.873000422999951, 0.0], [112.550640326, -7.873070398999971, 0.0], [112.55064261300004, -7.873210924999967, 0.0], [112.55072880300008, -7.873306458999934, 0.0], [112.5509005770001, -7.873496854999928, 0.0], [112.55093870300004, -7.8735467089999815, 0.0], [112.55087595200007, -7.873720789999936, 0.0], [112.55080059900001, -7.874401999999975, 0.0], [112.55087407700012, -7.874758883999959, 0.0], [112.55102518900003, -7.875095014999943, 0.0], [112.55118337300007, -7.875336773999948, 0.0], [112.55079641300006, -7.875660413999981, 0.0], [112.55063800000005, -7.875845999999967, 0.0], [112.55057988200008, -7.875957845999949, 0.0], [112.55061795400002, -7.876069680999933, 0.0], [112.55064412800004, -7.876214827999945, 0.0], [112.55063395000002, -7.876407021999967, 0.0], [112.55066316300008, -7.876438496999981, 0.0], [112.55078689600009, -7.876524157999938, 0.0], [112.55083686400008, -7.876628853999932, 0.0], [112.55072106300008, -7.876703092999946, 0.0], [112.55064895300006, -7.876738468999974, 0.0], [112.55058418400006, -7.876742296999964, 0.0], [112.5504629940001, -7.876736763999929, 0.0], [112.5503370670001, -7.876747995999949, 0.0], [112.55019543900005, -7.876730575999943, 0.0], [112.55006235500002, -7.876752599999975, 0.0], [112.5499341310001, -7.876791353999977, 0.0], [112.54986096000005, -7.876794017999941, 0.0], [112.54980885900011, -7.87680114799997, 0.0], [112.54975142400008, -7.876841553999952, 0.0], [112.54973431200006, -7.8768856389999655, 0.0], [112.549742132, -7.876923888999954, 0.0], [112.54975385600005, -7.876979350999932, 0.0], [112.54980780100004, -7.877032743999962, 0.0], [112.549863587, -7.877065074999962, 0.0], [112.5498828530001, -7.877084142999934, 0.0], [112.54999813600011, -7.877114340999981, 0.0], [112.55008843100006, -7.877135060999933, 0.0], [112.55021661800004, -7.877131395999982, 0.0], [112.55009100000007, -7.877187999999933, 0.0], [112.55003101900002, -7.877275709999935, 0.0], [112.55003399400005, -7.877367914999979, 0.0], [112.55014107000011, -7.877718884999979, 0.0], [112.55015296700003, -7.87794493399997, 0.0], [112.55009942900006, -7.87821857199998, 0.0], [112.54989420100003, -7.87826021199993, 0.0], [112.54975400000001, -7.878300999999965, 0.0], [112.54970070700006, -7.878423636999969, 0.0], [112.5496710000001, -7.878491999999937, 0.0], [112.54979857600006, -7.878630168999962, 0.0], [112.5498394870001, -7.879018816999974, 0.0], [112.5498580630001, -7.879195290999974, 0.0], [112.55000677900011, -7.879831796999952, 0.0], [112.5498937540001, -7.879867488999935, 0.0], [112.54982832000007, -7.879986461999977, 0.0], [112.54997703600009, -7.880277945999978, 0.0], [112.54988780600002, -7.880771683999967, 0.0], [112.54973700000005, -7.881190999999944, 0.0], [112.5497556470001, -7.881208271999981, 0.0], [112.55015192600001, -7.881575346999966, 0.0], [112.55043448700008, -7.881848984999976, 0.0], [112.55050432700011, -7.881669960999943, 0.0], [112.55071170800011, -7.881785826999931, 0.0], [112.55075083200006, -7.881821568999953, 0.0], [112.55081994700004, -7.8818355479999695, 0.0], [112.55085810500009, -7.881807720999973, 0.0], [112.55086486000005, -7.881764626999939, 0.0], [112.5508801310001, -7.881759722999959, 0.0], [112.55091369500008, -7.881752421999977, 0.0], [112.55094017800002, -7.881776247999937, 0.0], [112.55094993600005, -7.881819275999931, 0.0], [112.55097646200011, -7.881855065999957, 0.0], [112.55101498700003, -7.881890809999959, 0.0], [112.551132886, -7.881978894999975, 0.0], [112.55125569100005, -7.882095671999934, 0.0], [112.55130874600002, -7.882167248999963, 0.0], [112.5515566580001, -7.882374475999939, 0.0], [112.55168667900011, -7.882496010999944, 0.0], [112.55177888200001, -7.882592565999971, 0.0], [112.55188700000008, -7.882592999999929, 0.0], [112.55273313300006, -7.88283540599997, 0.0], [112.55295830200009, -7.88289991399995, 0.0], [112.55291904100011, -7.883135480999954, 0.0], [112.5529404560001, -7.883360339999967, 0.0], [112.55307013600009, -7.883372236999946, 0.0], [112.55312367500005, -7.883443620999969, 0.0], [112.55312962300002, -7.8837945899999795, 0.0], [112.5531284430001, -7.883837068999981, 0.0], [112.5531177260001, -7.884222893999947, 0.0], [112.55306061800002, -7.884292690999928, 0.0], [112.55298328700007, -7.884483047999936, 0.0], [112.55293569700007, -7.8845008939999275, 0.0], [112.55265611100003, -7.88437597199993, 0.0], [112.55254308600001, -7.884289716999945, 0.0], [112.5525070000001, -7.884299999999939, 0.0], [112.55250620400011, -7.884358721999945, 0.0], [112.55255141400005, -7.884527662999972, 0.0], [112.55259424500002, -7.884739434999972, 0.0], [112.55255141400005, -7.884910755999954, 0.0], [112.55249430700007, -7.885007124999959, 0.0], [112.55236819600009, -7.885166547999972, 0.0], [112.55236581600002, -7.8852117579999685, 0.0], [112.55239764500004, -7.885300324999946, 0.0], [112.55242054300004, -7.885364043999971, 0.0], [112.55242768200003, -7.885425909999981, 0.0], [112.55241340600003, -7.885571056999936, 0.0], [112.55239437000012, -7.885706685999935, 0.0], [112.55234916000006, -7.885789966999937, 0.0], [112.5522563610001, -7.885858970999948, 0.0], [112.55225874000007, -7.885920837999947, 0.0], [112.55231346800008, -7.885982703999957, 0.0], [112.55246099500005, -7.886132608999958, 0.0], [112.55249474800007, -7.8864046019999705, 0.0], [112.5521909260001, -7.886377644999925, 0.0], [112.55179831500004, -7.886306260999959, 0.0], [112.55151991800005, -7.886149215999978, 0.0], [112.55122724400007, -7.885942202999956, 0.0], [112.55095598600008, -7.885763742999927, 0.0], [112.55069186600008, -7.885521038999968, 0.0], [112.55037777700011, -7.885421100999963, 0.0], [112.55012079500011, -7.885485345999939, 0.0], [112.54972104600006, -7.885806573999957, 0.0], [112.54929274200003, -7.885792296999966, 0.0], [112.54921609400003, -7.885756102999949, 0.0], [112.54903576100003, -7.8856709449999585, 0.0], [112.548835886, -7.885678082999959, 0.0], [112.54861632600011, -7.885925836999945, 0.0], [112.5483892640001, -7.886121040999967, 0.0], [112.54822586400007, -7.8861935509999626, 0.0], [112.54778573100009, -7.886275201999979, 0.0], [112.54755538000006, -7.8863179349999655, 0.0], [112.54648735800004, -7.8863419519999525, 0.0], [112.54623182900002, -7.886361258999955, 0.0], [112.54595197900005, -7.8863824029999705, 0.0], [112.54557602400007, -7.886239635999971, 0.0], [112.5454142210001, -7.886230117999958, 0.0], [112.54513344400004, -7.886230117999958, 0.0], [112.54510846300002, -7.8862474969999425, 0.0], [112.54480507900007, -7.886458545999972, 0.0], [112.5445840000001, -7.886657999999954, 0.0], [112.5443101510001, -7.886996303999979, 0.0], [112.54403257000001, -7.887288755999975, 0.0], [112.5438167430001, -7.88751614499995, 0.0], [112.54325816800008, -7.887061482999968, 0.0], [112.54322924200005, -7.88702570199996, 0.0], [112.54295683400005, -7.886898797999947, 0.0], [112.54272993200004, -7.887037761999977, 0.0], [112.54266402500002, -7.887058938999928, 0.0], [112.5425651380001, -7.887083227999938, 0.0], [112.54246425500003, -7.887136584999951, 0.0], [112.54229610100003, -7.887222452999936, 0.0], [112.54219450000005, -7.8872591939999666, 0.0], [112.54215625000006, -7.887297613999976, 0.0], [112.54214303100002, -7.88734236099998, 0.0], [112.54211808700006, -7.887499000999981, 0.0], [112.54203083000004, -7.887813256999948, 0.0], [112.54199096100001, -7.888111118999973, 0.0], [112.54194784200001, -7.888244709999981, 0.0], [112.5417899040001, -7.888585479999961, 0.0], [112.54166691900002, -7.8889693839999495, 0.0], [112.54160900000011, -7.889294999999947, 0.0], [112.5413337230001, -7.889335581999944, 0.0], [112.54022510900006, -7.8890123179999705, 0.0], [112.53950629600001, -7.888782357999958, 0.0], [112.53887992700004, -7.888613414999952, 0.0], [112.53747929400004, -7.888271963999955, 0.0], [112.5370808450001, -7.88817047699996, 0.0], [112.53527954100002, -7.888123700999927, 0.0], [112.53469556100004, -7.88710062499996, 0.0], [112.53446689600003, -7.88733921499994, 0.0], [112.53428605700003, -7.8874058399999285, 0.0], [112.53414402600004, -7.887457127999937, 0.0], [112.5341147360001, -7.8874677059999385, 0.0], [112.53388630800009, -7.887539088999972, 0.0], [112.53381492300002, -7.88754384799995, 0.0], [112.53368167400004, -7.887515293999968, 0.0], [112.5335674590001, -7.887539088999972, 0.0], [112.5334627630001, -7.887610472999938, 0.0], [112.53334854900004, -7.887705650999976, 0.0], [112.53311060300007, -7.8880244989999255, 0.0], [112.53296307700009, -7.888219614999969, 0.0], [112.5328583810001, -7.888324311999952, 0.0], [112.53272037200009, -7.888362382999958, 0.0], [112.53259188100003, -7.888457560999939, 0.0], [112.53246814800002, -7.888705024999979, 0.0], [112.5323586930001, -7.88889538199993, 0.0], [112.53221592600005, -7.889028631999963, 0.0], [112.53203032800002, -7.889085738999938, 0.0], [112.53183521200003, -7.889123809999944, 0.0], [112.53156395300005, -7.88920471199998, 0.0], [112.53122956000004, -7.8892342169999665, 0.0], [112.53110582800002, -7.8892361209999535, 0.0], [112.5309859030001, -7.889365563999945, 0.0], [112.53091737500006, -7.889424573999975, 0.0], [112.53082029300003, -7.889515944999971, 0.0], [112.53071892700007, -7.889614454999958, 0.0], [112.53061780100006, -7.889656095999953, 0.0], [112.53045421200011, -7.889667992999932, 0.0], [112.53033524000011, -7.8896620439999765, 0.0], [112.53029300000003, -7.889521999999943, 0.0], [112.530274469, -7.888870665999946, 0.0], [112.53022044300008, -7.888795259999938, 0.0], [112.530161281, -7.888686028999928, 0.0], [112.53009792600005, -7.88862536299996, 0.0], [112.52995884200004, -7.888543130999949, 0.0], [112.52989272600007, -7.888400260999958, 0.0], [112.52983850700002, -7.888272221999955, 0.0], [112.5295284230001, -7.887991996999972, 0.0], [112.52945102900003, -7.887825762999967, 0.0], [112.52939894300005, -7.887763516999939, 0.0], [112.52931590300011, -7.887393762999977, 0.0], [112.5293428440001, -7.887311770999929, 0.0], [112.52935828200009, -7.887065165999957, 0.0], [112.52982000000009, -7.886980999999935, 0.0], [112.5302014880001, -7.886885162999931, 0.0], [112.53033694400006, -7.886580355999968, 0.0], [112.5303542470001, -7.886339413999963, 0.0], [112.53032957100004, -7.886126321999939, 0.0], [112.53026929900011, -7.886028427999975, 0.0], [112.53007279600001, -7.885623173999932, 0.0], [112.52999941000007, -7.885502859999974, 0.0], [112.52936813600002, -7.884529984999972, 0.0], [112.52893137700005, -7.884253092999927, 0.0], [112.52839912900004, -7.8843708329999345, 0.0], [112.52838234000001, -7.884765177999952, 0.0], [112.52807796600007, -7.884753847999946, 0.0], [112.52807103200007, -7.884934744999953, 0.0], [112.52800870500005, -7.8849337529999275, 0.0], [112.52778860700005, -7.885739282999964, 0.0], [112.52599431200008, -7.885623391999957, 0.0], [112.52605429900007, -7.884599158999947, 0.0], [112.52602364400002, -7.884407750999969, 0.0], [112.52585255300005, -7.8842131189999805, 0.0], [112.52580093800009, -7.88408138799997, 0.0], [112.52580436300002, -7.883968449999941, 0.0], [112.5258766820001, -7.883797839999943, 0.0], [112.52640630200005, -7.88300473299995, 0.0], [112.52645185300003, -7.882877188999942, 0.0], [112.52645627000004, -7.882864819999952, 0.0], [112.52644342100007, -7.882830555999931, 0.0], [112.5263950000001, -7.882790999999941, 0.0], [112.52631921300008, -7.882776304999936, 0.0], [112.52607222500001, -7.8827805869999565, 0.0], [112.52577812400011, -7.882793436999975, 0.0], [112.52551188300004, -7.882760584999971, 0.0], [112.52548559600007, -7.88265875999997, 0.0], [112.52549116000012, -7.882567863999952, 0.0], [112.52553756000009, -7.882532171999969, 0.0], [112.52563035900005, -7.882489340999939, 0.0], [112.52572684900008, -7.8825048099999435, 0.0], [112.52585164900006, -7.882507186999931, 0.0], [112.52596311700006, -7.882483612999977, 0.0], [112.5260793970001, -7.8824580679999485, 0.0], [112.52617410000005, -7.882437386999925, 0.0], [112.52632035900001, -7.882408143999953, 0.0], [112.52642271900004, -7.882367988999931, 0.0], [112.52653693400009, -7.882289466999964, 0.0], [112.52663330200005, -7.882250204999934, 0.0], [112.5267140850001, -7.882139705999975, 0.0], [112.5268240480001, -7.882027336999954, 0.0], [112.52691526800004, -7.882032484999968, 0.0], [112.52691310000012, -7.881714611999939, 0.0], [112.5269138750001, -7.8815985729999625, 0.0], [112.52699346800011, -7.88149797799997, 0.0], [112.52710263600011, -7.881430828999953, 0.0], [112.52725922000002, -7.881371520999949, 0.0], [112.52731677200006, -7.881355913999926, 0.0], [112.52797748300009, -7.881176753999966, 0.0], [112.52859498600003, -7.8810093069999425, 0.0], [112.52968296800009, -7.880692672999942, 0.0], [112.53021543800003, -7.880537706999974, 0.0], [112.53112153600011, -7.8802369439999325, 0.0], [112.53204286300002, -7.879924758999948, 0.0], [112.53274218000001, -7.879667825999945, 0.0], [112.5329050250001, -7.879625681999926, 0.0], [112.53327522900008, -7.879529872999967, 0.0], [112.53457552200007, -7.87918097599993, 0.0], [112.53474712800005, -7.879356793999932, 0.0], [112.53529295300007, -7.879232950999949, 0.0], [112.5358216520001, -7.8791401659999565, 0.0], [112.53620861400009, -7.879090107999957, 0.0], [112.53617836600006, -7.878862597999955, 0.0], [112.53610850900009, -7.878337194999972, 0.0], [112.53623920000007, -7.878316379999944, 0.0], [112.536534157, -7.878269841999952, 0.0], [112.53680665500008, -7.878221086999929, 0.0], [112.53691087000004, -7.878195288999962, 0.0], [112.53690404100007, -7.878114571999959, 0.0], [112.53692623200004, -7.878103994999947, 0.0], [112.53688340100007, -7.877807751999967, 0.0], [112.53679838300002, -7.877449096999953, 0.0], [112.53677304600001, -7.877257938999946, 0.0], [112.53669090200003, -7.877105120999943, 0.0], [112.53662822700005, -7.877026398999931, 0.0], [112.5365390180001, -7.87690949399996, 0.0], [112.53643958800001, -7.8768389319999415, 0.0], [112.53633374600008, -7.876779824999971, 0.0], [112.53669100000002, -7.87639699999994, 0.0], [112.53620053100008, -7.876165793999974, 0.0], [112.53602551100005, -7.8762042389999465, 0.0], [112.53587104700011, -7.876220116999946, 0.0], [112.53581069600011, -7.876250961999972, 0.0], [112.5357179560001, -7.876347958999929, 0.0], [112.53563637100001, -7.876505950999956, 0.0], [112.53553900000009, -7.876620999999943, 0.0], [112.53544430300008, -7.87651451499994, 0.0], [112.53555652300008, -7.876405647999945, 0.0], [112.53556833200003, -7.876354763999927, 0.0], [112.53555919100006, -7.876315918999978, 0.0], [112.53553204400009, -7.876274149999972, 0.0], [112.53554077800004, -7.876202342999932, 0.0], [112.53560937300006, -7.87609742099994, 0.0], [112.53565717400011, -7.876046404999954, 0.0], [112.53571397200005, -7.875995356999965, 0.0], [112.5357648480001, -7.8759652639999445, 0.0], [112.53583968500004, -7.875926111999945, 0.0], [112.53585939200002, -7.875885117999928, 0.0], [112.53588433200002, -7.875833239999963, 0.0], [112.53587519100006, -7.875794394999957, 0.0], [112.53584490100002, -7.87571375999994, 0.0], [112.53575315700004, -7.875635184999965, 0.0], [112.53563418400006, -7.875482898999962, 0.0], [112.53561191200004, -7.875468725999951, 0.0], [112.53537244400002, -7.875316336999958, 0.0], [112.5351107030001, -7.8752068819999295, 0.0], [112.53481565000004, -7.87510694499997, 0.0], [112.53454915000009, -7.875059354999962, 0.0], [112.5343825870001, -7.875030801999969, 0.0], [112.53434542200011, -7.874939297999958, 0.0], [112.53426931400008, -7.874867956999935, 0.0], [112.53448906800008, -7.874834693999958, 0.0], [112.53463183600002, -7.874791864999963, 0.0], [112.53484241800004, -7.874677649999967, 0.0], [112.53503158600006, -7.8745598669999595, 0.0], [112.53519219900011, -7.874492051999937, 0.0], [112.53536708900003, -7.874456360999943, 0.0], [112.53551342700007, -7.874399253999968, 0.0], [112.53563120900003, -7.874370699999929, 0.0], [112.5356990250001, -7.874317161999954, 0.0], [112.53572400900009, -7.874217223999949, 0.0], [112.53579182300007, -7.874138702999971, 0.0], [112.53585963800003, -7.874131563999981, 0.0], [112.53598099100009, -7.874188670999956, 0.0], [112.5360212170001, -7.874224735999974, 0.0], [112.53608449700005, -7.874281469999971, 0.0], [112.53615588100001, -7.8744063909999795, 0.0], [112.53615945000001, -7.874520605999976, 0.0], [112.53620765000005, -7.874605070999962, 0.0], [112.53631901900008, -7.874664105999955, 0.0], [112.53644444600002, -7.874728611999956, 0.0], [112.53657088600005, -7.874835856999937, 0.0], [112.53663772200002, -7.87486324799994, 0.0], [112.53671008700007, -7.874896073999935, 0.0], [112.53689400500002, -7.874965016999965, 0.0], [112.53707641000005, -7.874978702999954, 0.0], [112.53740774500011, -7.8751018849999355, 0.0], [112.53755184300007, -7.875129625999932, 0.0], [112.53765199600002, -7.875149568999973, 0.0], [112.53778571600003, -7.875104578999981, 0.0], [112.53790209300007, -7.875040990999935, 0.0], [112.53798710400008, -7.875060775999941, 0.0], [112.53812988900006, -7.8751305599999455, 0.0], [112.53820612200002, -7.875113084999953, 0.0], [112.53822535500001, -7.875109590999955, 0.0], [112.53828549800005, -7.875098664999939, 0.0], [112.53838699000005, -7.8750135799999725, 0.0], [112.53857110900003, -7.8749057609999795, 0.0], [112.53873004200011, -7.874812688999953, 0.0], [112.53865600000006, -7.8745609999999715, 0.0], [112.53865312500011, -7.874438513999962, 0.0], [112.53882801500004, -7.8743814079999765, 0.0], [112.53887798400001, -7.874302884999963, 0.0], [112.53885656900002, -7.874181532999955, 0.0], [112.53880660000004, -7.8741172879999795, 0.0], [112.5386959550001, -7.874045903999956, 0.0], [112.53860672600001, -7.873985226999935, 0.0], [112.53855318800004, -7.873924550999959, 0.0], [112.53844611200009, -7.8738924279999765, 0.0], [112.53832832900002, -7.873910273999968, 0.0], [112.53821768300008, -7.873913842999968, 0.0], [112.5381391620001, -7.873913842999968, 0.0], [112.53807491600003, -7.873903135999967, 0.0], [112.53799639400006, -7.873835321999934, 0.0], [112.5379484230001, -7.87379001599993, 0.0], [112.5379321480001, -7.873774644999969, 0.0], [112.53793222400009, -7.873774406999928, 0.0], [112.53795356400008, -7.873706829999946, 0.0], [112.53800710100006, -7.873681845999954, 0.0], [112.53814273100011, -7.873578338999948, 0.0], [112.53827122100006, -7.873503385999982, 0.0], [112.53837472900011, -7.873474832999932, 0.0], [112.53850321900006, -7.873496247999981, 0.0], [112.53873164700008, -7.8735497859999555, 0.0], [112.5389208150001, -7.873249973999975, 0.0], [112.53910641300001, -7.873010837999971, 0.0], [112.53911427000003, -7.87296631199996, 0.0], [112.53911712000001, -7.872950161999938, 0.0], [112.53907429000003, -7.872900192999964, 0.0], [112.53910300000007, -7.87274599999995, 0.0], [112.53904326200006, -7.8725142389999405, 0.0], [112.53899398300007, -7.872323054999981, 0.0], [112.53904680700009, -7.872308063999981, 0.0], [112.53899170400007, -7.872095670999954, 0.0], [112.53902188300003, -7.872081204999972, 0.0], [112.53895908900006, -7.871840272999975, 0.0], [112.53885621100005, -7.87165977899997, 0.0], [112.53870416400002, -7.8715323599999465, 0.0], [112.53866609400006, -7.871370555999931, 0.0], [112.53858995000007, -7.871227787999942, 0.0], [112.53854236100005, -7.871142127999974, 0.0], [112.53851631200007, -7.87111731899995, 0.0], [112.5384424240001, -7.871046949999936, 0.0], [112.53828062100001, -7.870989841999972, 0.0], [112.53817116500011, -7.870923216999927, 0.0], [112.53803137200009, -7.870997971999941, 0.0], [112.5378930280001, -7.871038962999933, 0.0], [112.53785996200008, -7.871008784999958, 0.0], [112.5378454690001, -7.870982519999927, 0.0], [112.53782142200009, -7.870968252999944, 0.0], [112.537790169, -7.870951620999961, 0.0], [112.53774689300008, -7.870927854999934, 0.0], [112.53770119, -7.87089691999995, 0.0], [112.53767461300004, -7.870846774999961, 0.0], [112.53763594100008, -7.870770356999969, 0.0], [112.53758316200003, -7.870670384999926, 0.0], [112.53757795100012, -7.8706605149999405, 0.0], [112.53753922700002, -7.87056974199993, 0.0], [112.53749327700007, -7.870471818999931, 0.0], [112.5374760850001, -7.870364219999942, 0.0], [112.53747330600004, -7.870261352999933, 0.0], [112.5375042070001, -7.870182288999956, 0.0], [112.53751120300001, -7.870127234999927, 0.0], [112.5374774180001, -7.870074724999938, 0.0], [112.53747718700004, -7.870074415999966, 0.0], [112.53743642600011, -7.8700198469999805, 0.0], [112.53736036400005, -7.869941491999953, 0.0], [112.53736036400005, -7.8698558309999385, 0.0], [112.53727039500006, -7.869782542999928, 0.0], [112.53727890000005, -7.869751820999966, 0.0], [112.53728697000008, -7.8697226699999305, 0.0], [112.5373129840001, -7.869619697999951, 0.0], [112.53730557400002, -7.869562304999931, 0.0], [112.53729822600008, -7.869521658999929, 0.0], [112.53732453900011, -7.869500030999973, 0.0], [112.53735543100004, -7.869418572999962, 0.0], [112.5373384500001, -7.869368392999945, 0.0], [112.53731906200005, -7.869315828999959, 0.0], [112.53730204600004, -7.8692560789999675, 0.0], [112.53729832400006, -7.869168507999973, 0.0], [112.5373372250001, -7.869144439999957, 0.0], [112.53740012000003, -7.869120285999941, 0.0], [112.53744203100007, -7.869099197999958, 0.0], [112.53749586100002, -7.869057131999966, 0.0], [112.53752866500008, -7.869006171999956, 0.0], [112.53762295500007, -7.868955949999929, 0.0], [112.53763474400012, -7.868949670999939, 0.0], [112.53769029300008, -7.868917056999976, 0.0], [112.53773091500011, -7.868871450999961, 0.0], [112.53777629000001, -7.8688138639999465, 0.0], [112.537823204, -7.868692752999948, 0.0], [112.53783863600006, -7.868667289999962, 0.0], [112.53793704800012, -7.868514259999927, 0.0], [112.53808055400009, -7.868742496999971, 0.0]]]], "type": "MultiPolygon"}}, {"type": "Feature", "properties": {"village_name": "Ngaglik", "district_name": "Batu", "kecamatan": "Batu", "kabupaten": "Kota Batu", "provinsi": "Jawa Timur", "kode_desa": "35.79.01.1002", "last_updated": "2026-09-01T08:57:00.626128+00:00", "hourly_temp_today": [16.4, 15.8, 15.5, 15.0, 14.3, 13.5, 13.6, 18.1, 19.8, 22.3, 24.3, 25.3, 25.7, 25.7, 26.0, 24.9, 23.0, 20.7, 18.8, 17.8, 17.2, 16.6, 16.0, 15.6], "suhu_current": 24.9, "suhu_siang_1200": 25.7, "suhu_malam_2400": 16.4}, "geometry": {"coordinates": [[[[112.5215115950001, -7.862468134999972, 0.0], [112.52159580700004, -7.862488703999929, 0.0], [112.52167185200005, -7.862550633999945, 0.0], [112.52169805000005, -7.862629012999946, 0.0], [112.5217146660001, -7.862711254999965, 0.0], [112.5217817460001, -7.862907426999925, 0.0], [112.52184599100008, -7.863110871999936, 0.0], [112.52184761600006, -7.86311853199993, 0.0], [112.52187097600006, -7.8632286549999435, 0.0], [112.52189902900011, -7.863249125999971, 0.0], [112.5220030370001, -7.8633250219999695, 0.0], [112.5221945830001, -7.863368566999952, 0.0], [112.52228214700006, -7.863399023999932, 0.0], [112.52234115700003, -7.863473262999946, 0.0], [112.5224268180001, -7.863644583999928, 0.0], [112.52248392500007, -7.863707402999978, 0.0], [112.5225791040001, -7.863766411999961, 0.0], [112.52267150600005, -7.863781617999962, 0.0], [112.52272948600012, -7.863791158999959, 0.0], [112.52281381300008, -7.863858862999962, 0.0], [112.522830236, -7.863880067999958, 0.0], [112.52320594900004, -7.864365211999939, 0.0], [112.52325163500007, -7.864401379999947, 0.0], [112.52330683800005, -7.864456582999935, 0.0], [112.52333503600005, -7.864479660999962, 0.0], [112.52336137300006, -7.864595840999925, 0.0], [112.5233687760001, -7.864651798999944, 0.0], [112.52338331800001, -7.864691939999943, 0.0], [112.52339440300011, -7.864736407999942, 0.0], [112.52348958100004, -7.8648068399999715, 0.0], [112.5236304450001, -7.86484300799998, 0.0], [112.5237582520001, -7.864865709999947, 0.0], [112.52381737400003, -7.8648927709999725, 0.0], [112.5238360300001, -7.864970546999928, 0.0], [112.52382841600001, -7.865115217999971, 0.0], [112.52382612400004, -7.865251210999929, 0.0], [112.52382521100003, -7.865305400999944, 0.0], [112.52384041200003, -7.8653879179999535, 0.0], [112.52384186800009, -7.8653958199999465, 0.0], [112.52383710900006, -7.865483860999973, 0.0], [112.5238961120001, -7.86556047199997, 0.0], [112.52392806900002, -7.865638828999977, 0.0], [112.5240153090001, -7.865674682999952, 0.0], [112.52407505500003, -7.8656456629999525, 0.0], [112.5241678540001, -7.865645663999942, 0.0], [112.52421620500002, -7.865697116999968, 0.0], [112.52423951600008, -7.865777974999958, 0.0], [112.52424161700003, -7.865781292999941, 0.0], [112.52426541200009, -7.86591692199994, 0.0], [112.5243344160001, -7.866047791999961, 0.0], [112.52434953300008, -7.8660681419999605, 0.0], [112.52439628200011, -7.866131072999963, 0.0], [112.5245009780001, -7.866166765999935, 0.0], [112.52457932100003, -7.866182433999938, 0.0], [112.52472749000003, -7.866151749999972, 0.0], [112.52488942700006, -7.866343517999951, 0.0], [112.5249630620001, -7.866402106999942, 0.0], [112.52508292100003, -7.866503591999958, 0.0], [112.52513635900004, -7.866550768999957, 0.0], [112.5252186890001, -7.866625115999966, 0.0], [112.52542812900003, -7.866815276999944, 0.0], [112.52524000000005, -7.866832999999929, 0.0], [112.52514974600001, -7.866825905999974, 0.0], [112.52509361900002, -7.866831133999938, 0.0], [112.52501456000005, -7.866863719999969, 0.0], [112.52495069600002, -7.866950797999948, 0.0], [112.52486503600005, -7.867029319999972, 0.0], [112.52484074000006, -7.867028307999931, 0.0], [112.5247508220001, -7.867024560999937, 0.0], [112.52457425300008, -7.866931600999976, 0.0], [112.52456509600006, -7.867116593999981, 0.0], [112.52455594300011, -7.867301507999969, 0.0], [112.52453183900002, -7.867353372999958, 0.0], [112.52442281600008, -7.867587954999976, 0.0], [112.5243604310001, -7.86772218699997, 0.0], [112.52435399500007, -7.867835179999929, 0.0], [112.52435027900003, -7.867900408999958, 0.0], [112.52434001900008, -7.868024285999979, 0.0], [112.5243421030001, -7.868069255999956, 0.0], [112.52434814500009, -7.8681467509999266, 0.0], [112.52433000000008, -7.868222999999944, 0.0], [112.52430053100011, -7.868265317999942, 0.0], [112.5242512850001, -7.868336032999935, 0.0], [112.52434209400008, -7.868401718999962, 0.0], [112.5243112180001, -7.868468180999969, 0.0], [112.52442110200002, -7.868534040999975, 0.0], [112.5244498290001, -7.868534110999974, 0.0], [112.5245910000001, -7.868595999999968, 0.0], [112.52475208100009, -7.8685413869999365, 0.0], [112.5251150680001, -7.868696031999946, 0.0], [112.52509525100004, -7.868748916999948, 0.0], [112.5252405330001, -7.86878747399993, 0.0], [112.52518939700008, -7.868976188999966, 0.0], [112.52516436200006, -7.8689695629999505, 0.0], [112.52515025000002, -7.869011856999975, 0.0], [112.52509335400009, -7.869167113999936, 0.0], [112.52512374800006, -7.869176879999941, 0.0], [112.52515269800006, -7.869219839999971, 0.0], [112.52514132800002, -7.869260074999943, 0.0], [112.52509144500004, -7.8693980649999276, 0.0], [112.52507566800011, -7.86941391299996, 0.0], [112.52505860500003, -7.869457736999948, 0.0], [112.5250314540001, -7.869527476999963, 0.0], [112.525021132, -7.869580589999941, 0.0], [112.52506479300007, -7.869598504999942, 0.0], [112.5250430640001, -7.869666280999979, 0.0], [112.52503753500002, -7.869683524999971, 0.0], [112.52498489900006, -7.869796894999979, 0.0], [112.52503059300011, -7.869837343999961, 0.0], [112.52512969700001, -7.869908362999979, 0.0], [112.52529499200011, -7.86999949799997, 0.0], [112.52541784700009, -7.870142614999963, 0.0], [112.5253540970001, -7.870385010999939, 0.0], [112.5253723720001, -7.870395652999946, 0.0], [112.52574900000002, -7.87061499999993, 0.0], [112.52593300000001, -7.87070499999993, 0.0], [112.52591417300005, -7.8707758519999516, 0.0], [112.52602020800009, -7.870819879999942, 0.0], [112.52601804200003, -7.870850989999951, 0.0], [112.5260187020001, -7.870900272999961, 0.0], [112.52602945500007, -7.871032555999932, 0.0], [112.52598878000003, -7.871036395999965, 0.0], [112.5254343470001, -7.871172085999945, 0.0], [112.52547062500003, -7.871488205999981, 0.0], [112.52547356000002, -7.871503506999943, 0.0], [112.52552154400007, -7.871502375999967, 0.0], [112.52553732000001, -7.871676999999977, 0.0], [112.52560380200009, -7.871674890999941, 0.0], [112.52560752900001, -7.871715324999968, 0.0], [112.52561129800006, -7.871756208999955, 0.0], [112.52554357600002, -7.871753029999979, 0.0], [112.52542649700001, -7.871756326999957, 0.0], [112.52500718300007, -7.871783690999962, 0.0], [112.52500320100012, -7.87182680199993, 0.0], [112.52501856200001, -7.8723761469999545, 0.0], [112.52469852400009, -7.872378525999977, 0.0], [112.524587612, -7.872374216999958, 0.0], [112.52436915700002, -7.872370706999959, 0.0], [112.5243747500001, -7.872453018999977, 0.0], [112.52438520600003, -7.872556336999935, 0.0], [112.52439435600002, -7.873090309999952, 0.0], [112.52441505600007, -7.8732395259999635, 0.0], [112.52445404500008, -7.873665728999981, 0.0], [112.52451026400001, -7.87433085899994, 0.0], [112.52447412200002, -7.875005914999974, 0.0], [112.52442137500009, -7.87572202299998, 0.0], [112.52439370600007, -7.876078880999955, 0.0], [112.52434636900011, -7.876070927999933, 0.0], [112.52324789800002, -7.875869165999973, 0.0], [112.52287697400004, -7.875810699999931, 0.0], [112.52254297100001, -7.875766580999937, 0.0], [112.52253654600008, -7.875806734999969, 0.0], [112.52249861400003, -7.87612515099994, 0.0], [112.52249056800008, -7.876440135999928, 0.0], [112.52246259600008, -7.876665131999971, 0.0], [112.52241450500003, -7.876965565999967, 0.0], [112.52229055100008, -7.876945042999978, 0.0], [112.52226564000011, -7.877266366999947, 0.0], [112.52225936000002, -7.877517601999955, 0.0], [112.52224376100003, -7.877845431999958, 0.0], [112.52216891900002, -7.877884003999952, 0.0], [112.5220885660001, -7.878382528999964, 0.0], [112.52204799700007, -7.87863422199996, 0.0], [112.52226400000006, -7.879018999999971, 0.0], [112.52220528400005, -7.879579417999935, 0.0], [112.52218785700006, -7.87974574499998, 0.0], [112.52197971900011, -7.879734773999928, 0.0], [112.52195171700009, -7.8801354799999785, 0.0], [112.52112100000011, -7.880061696999974, 0.0], [112.52058122100004, -7.879989368999929, 0.0], [112.52052125300008, -7.8799811589999535, 0.0], [112.52051120800002, -7.880211671999973, 0.0], [112.52042105800001, -7.88127140499995, 0.0], [112.5203764360001, -7.881637504999958, 0.0], [112.5203357040001, -7.881983833999925, 0.0], [112.52026651200003, -7.882711775999951, 0.0], [112.52024594000011, -7.882991773999947, 0.0], [112.52020712300009, -7.883401032999927, 0.0], [112.52017945600005, -7.883709766999971, 0.0], [112.52014378500007, -7.884192224999936, 0.0], [112.52013424800009, -7.884340116999965, 0.0], [112.52009858600002, -7.884430681999959, 0.0], [112.51999363700008, -7.884473593999928, 0.0], [112.51982193600008, -7.88445670699997, 0.0], [112.51937848200009, -7.884358648999978, 0.0], [112.51919410000005, -7.884330607999971, 0.0], [112.51918617500007, -7.884530898999969, 0.0], [112.51919680800006, -7.884612435999941, 0.0], [112.5192408370001, -7.884841955999946, 0.0], [112.51932762700005, -7.88528305899996, 0.0], [112.51936436100004, -7.885486288999971, 0.0], [112.51936846700005, -7.885625038999933, 0.0], [112.51936982500001, -7.885742193999931, 0.0], [112.51930795900012, -7.885818336999932, 0.0], [112.51918230100011, -7.8858972639999365, 0.0], [112.51911423900003, -7.885986032999938, 0.0], [112.51909882600012, -7.8860363319999465, 0.0], [112.51912804300002, -7.8861522629999286, 0.0], [112.5191840120001, -7.8863661889999435, 0.0], [112.51919765900004, -7.886489352999945, 0.0], [112.5192100270001, -7.886590989999945, 0.0], [112.51920551600006, -7.88666995899996, 0.0], [112.51920549900001, -7.886994142999981, 0.0], [112.519196867, -7.887258545999941, 0.0], [112.51920350800003, -7.887434371999973, 0.0], [112.5192282270001, -7.88763285999994, 0.0], [112.51933264000002, -7.88829998999995, 0.0], [112.51932934700005, -7.8883837389999485, 0.0], [112.51932794600009, -7.888554874999954, 0.0], [112.51921944300011, -7.888560585999926, 0.0], [112.51906713100004, -7.888394516999938, 0.0], [112.51871903200004, -7.888399113999981, 0.0], [112.51858711400007, -7.888413946999947, 0.0], [112.51846393400001, -7.888445449999949, 0.0], [112.51837919800005, -7.888508445999946, 0.0], [112.5183668520001, -7.888551097999937, 0.0], [112.518369, -7.8886099999999715, 0.0], [112.5183703240001, -7.88862504399998, 0.0], [112.51839492900001, -7.8889046859999326, 0.0], [112.51837732700005, -7.888993096999968, 0.0], [112.51837041700003, -7.889072074999945, 0.0], [112.51840024900002, -7.889411878999965, 0.0], [112.51844334000009, -7.889902708999955, 0.0], [112.51839992500004, -7.889937280999959, 0.0], [112.51817599800006, -7.889963956999964, 0.0], [112.51783028900002, -7.8900051409999605, 0.0], [112.51757262900003, -7.890083831999959, 0.0], [112.517327163, -7.890216308999925, 0.0], [112.51701492000007, -7.890377615999967, 0.0], [112.51677058400003, -7.890503839999951, 0.0], [112.51676546300007, -7.890506486999925, 0.0], [112.51644101500005, -7.890674097999977, 0.0], [112.51603262800006, -7.8908091649999506, 0.0], [112.51594555300005, -7.8908607239999355, 0.0], [112.5157729880001, -7.890937387999941, 0.0], [112.51571259500008, -7.890949764999959, 0.0], [112.51565061600002, -7.890973547999977, 0.0], [112.5153687180001, -7.891081718999942, 0.0], [112.51521821000006, -7.8911517309999795, 0.0], [112.51503970300007, -7.891234767999947, 0.0], [112.51490711600002, -7.891253463999931, 0.0], [112.5148312880001, -7.891252780999935, 0.0], [112.51475935200006, -7.891266352999935, 0.0], [112.51468852800008, -7.891266609999946, 0.0], [112.51451349900003, -7.891227134999951, 0.0], [112.51443643000005, -7.891225653999982, 0.0], [112.51435876200003, -7.8912828769999805, 0.0], [112.51425694800002, -7.891357890999927, 0.0], [112.51408647400001, -7.891493085999969, 0.0], [112.51380566900002, -7.891599240999938, 0.0], [112.51353534300006, -7.891701434999959, 0.0], [112.51351458700003, -7.891767302999938, 0.0], [112.51337981200004, -7.891821622999942, 0.0], [112.51331060700011, -7.891834494999955, 0.0], [112.5131010560001, -7.891873471999929, 0.0], [112.51308384900005, -7.891877742999952, 0.0], [112.51300340300008, -7.891897710999956, 0.0], [112.51279539300003, -7.891949342999965, 0.0], [112.51250798700005, -7.89209692299994, 0.0], [112.51238740800011, -7.89216731099998, 0.0], [112.51205457600008, -7.892383536999944, 0.0], [112.5119929980001, -7.892431797999961, 0.0], [112.51141910600006, -7.892875636999975, 0.0], [112.51131787500003, -7.892751590999978, 0.0], [112.5110655100001, -7.89263766199997, 0.0], [112.51072697200004, -7.892581464999978, 0.0], [112.51038136700004, -7.892561179999973, 0.0], [112.51026061100004, -7.892346289999978, 0.0], [112.5101633270001, -7.891987762999975, 0.0], [112.50999414700004, -7.8916534219999335, 0.0], [112.50951294700008, -7.8912962809999385, 0.0], [112.50929655800007, -7.891177435999964, 0.0], [112.50903287500012, -7.891250161999949, 0.0], [112.50867399200001, -7.891538557999979, 0.0], [112.50857922800003, -7.8918738519999465, 0.0], [112.50841213000001, -7.892113705999975, 0.0], [112.50762133700005, -7.892403658999967, 0.0], [112.50704641100003, -7.8926689069999725, 0.0], [112.50673447600002, -7.892670029999977, 0.0], [112.50629087100003, -7.89275536599996, 0.0], [112.50603953000007, -7.892923746999941, 0.0], [112.50568073000011, -7.893236065999929, 0.0], [112.5054896360001, -7.893476005999958, 0.0], [112.5052868040001, -7.8937877629999775, 0.0], [112.50499942500005, -7.893944310999927, 0.0], [112.50465218800002, -7.894136961999948, 0.0], [112.50406530300006, -7.894414211999958, 0.0], [112.50298733700004, -7.894920516999946, 0.0], [112.50223447100007, -7.895748640999955, 0.0], [112.50177045300006, -7.89682694399994, 0.0], [112.50123548400006, -7.898192602999927, 0.0], [112.5016336110001, -7.898801266999953, 0.0], [112.50228460200003, -7.8996602359999315, 0.0], [112.5016732360001, -7.899805983999954, 0.0], [112.50095414900011, -7.900023893999958, 0.0], [112.50005613100006, -7.900529546999962, 0.0], [112.49833039300006, -7.90107405599997, 0.0], [112.49804529200003, -7.90186461199994, 0.0], [112.49714843100003, -7.902693247999935, 0.0], [112.49635851100004, -7.903234395999959, 0.0], [112.48263653700008, -7.910598825999955, 0.0], [112.48239127200009, -7.910210670999959, 0.0], [112.4821457600001, -7.9097741469999505, 0.0], [112.48180295000009, -7.9094835269999635, 0.0], [112.48150922400009, -7.909241551999969, 0.0], [112.48145892700006, -7.908852974999945, 0.0], [112.48145753900008, -7.908463952999966, 0.0], [112.48165183600008, -7.908171696999943, 0.0], [112.48199290900004, -7.9079761089999465, 0.0], [112.48228507200008, -7.907780422999963, 0.0], [112.48252790400011, -7.9074879939999505, 0.0], [112.48277081000003, -7.90719547499998, 0.0], [112.48286676600003, -7.906757558999971, 0.0], [112.48291359200005, -7.906173987999978, 0.0], [112.48291185700009, -7.90568805099997, 0.0], [112.48266513200008, -7.904911053999967, 0.0], [112.48242004600002, -7.904571717999943, 0.0], [112.48227327200004, -7.904475049999974, 0.0], [112.48207706800008, -7.904232547999925, 0.0], [112.48211077700012, -7.9040302629999815, 0.0], [112.48211091000007, -7.9040294639999615, 0.0], [112.48281100000008, -7.903642999999931, 0.0], [112.48438900000008, -7.90260799999993, 0.0], [112.48472861500011, -7.90243305499996, 0.0], [112.48564500000009, -7.901960999999972, 0.0], [112.4859964630001, -7.901853854999956, 0.0], [112.4873539990001, -7.90143999999998, 0.0], [112.48857900000007, -7.901081998999928, 0.0], [112.48970700100006, -7.900724999999966, 0.0], [112.49028362100012, -7.900339260999942, 0.0], [112.49057700000003, -7.900142999999957, 0.0], [112.49100549100001, -7.899841123999977, 0.0], [112.49122000000011, -7.899689999999964, 0.0], [112.49215500000003, -7.899268999999947, 0.0], [112.49260658200001, -7.899084599999981, 0.0], [112.49318600000004, -7.898848000999976, 0.0], [112.49476500000003, -7.898134999999968, 0.0], [112.49524800000006, -7.897811999999931, 0.0], [112.49557000000004, -7.8975209999999265, 0.0], [112.49562922400003, -7.896967925999945, 0.0], [112.49563200000011, -7.896941999999967, 0.0], [112.49585499900002, -7.896169999999927, 0.0], [112.49611100000004, -7.895461999999952, 0.0], [112.49622551100003, -7.895276089999982, 0.0], [112.49652800000001, -7.894784999999956, 0.0], [112.4969450000001, -7.89410799999996, 0.0], [112.49747274100002, -7.893616573999964, 0.0], [112.4978460000001, -7.893268999999975, 0.0], [112.49855300000002, -7.892430999999931, 0.0], [112.49929200000008, -7.891752999999937, 0.0], [112.49999958600006, -7.8912343039999655, 0.0], [112.50000000000011, -7.891233998999951, 0.0], [112.50005473200008, -7.890739992999954, 0.0], [112.50083927900005, -7.889627773999962, 0.0], [112.50094020100005, -7.88945261799995, 0.0], [112.50094762800006, -7.889435640999977, 0.0], [112.50100010800008, -7.889315680999971, 0.0], [112.50116348100005, -7.889198492999981, 0.0], [112.50152418500011, -7.88887779099997, 0.0], [112.50159696500009, -7.888792817999956, 0.0], [112.50186545100007, -7.88847935299998, 0.0], [112.50199354600011, -7.888412961999961, 0.0], [112.50227095100001, -7.888401835999957, 0.0], [112.50232817100004, -7.88830513399995, 0.0], [112.50250031000007, -7.8881634459999646, 0.0], [112.50285790400005, -7.88770564899994, 0.0], [112.5031805640001, -7.887049933999947, 0.0], [112.50339591300008, -7.886612295999953, 0.0], [112.50346260600008, -7.886476758999947, 0.0], [112.50365417100011, -7.885688383999934, 0.0], [112.5039331690001, -7.884560868999927, 0.0], [112.50416337400009, -7.884333512999945, 0.0], [112.50418699800002, -7.8843101809999325, 0.0], [112.5042498250001, -7.8842481479999265, 0.0], [112.50425495100001, -7.884243055999946, 0.0], [112.5042943420001, -7.8841483679999556, 0.0], [112.50425584200002, -7.884041133999972, 0.0], [112.5041293270001, -7.88375678999995, 0.0], [112.50409417000003, -7.883619523999926, 0.0], [112.5040771240001, -7.88355302399998, 0.0], [112.50406204600006, -7.883153008999955, 0.0], [112.50425530900009, -7.883107663999965, 0.0], [112.5042982010001, -7.882995180999956, 0.0], [112.50428023100005, -7.882830148999972, 0.0], [112.50429652600008, -7.882577501999947, 0.0], [112.50431832600009, -7.882239477999974, 0.0], [112.50441762300011, -7.88209461799994, 0.0], [112.50456713900007, -7.882009977999928, 0.0], [112.50459531000001, -7.882003117999943, 0.0], [112.50479735700003, -7.881953820999968, 0.0], [112.5050302950001, -7.881871883999963, 0.0], [112.5051162960001, -7.881747852999979, 0.0], [112.50525404400003, -7.881584977999978, 0.0], [112.50538046700001, -7.88154091499996, 0.0], [112.50576324800011, -7.881407508999928, 0.0], [112.50596363900002, -7.881337664999933, 0.0], [112.505976497, -7.881333180999945, 0.0], [112.50607346700008, -7.881392742999935, 0.0], [112.50631501500004, -7.881655790999957, 0.0], [112.50643145200002, -7.881645055999968, 0.0], [112.50674607600001, -7.881485462999933, 0.0], [112.50692001400012, -7.881546242999946, 0.0], [112.50698380900008, -7.881669555999963, 0.0], [112.50705923200007, -7.882027320999953, 0.0], [112.50752334200001, -7.882342570999981, 0.0], [112.5077971390001, -7.882458195999959, 0.0], [112.50800320100007, -7.882483867999952, 0.0], [112.50811148200012, -7.882522663999964, 0.0], [112.50815604500008, -7.8826203689999375, 0.0], [112.50817398200002, -7.882659695999962, 0.0], [112.50818342000002, -7.882785586999944, 0.0], [112.50822592000009, -7.88289363399997, 0.0], [112.50831248200006, -7.882903493999947, 0.0], [112.5085296850001, -7.882879570999933, 0.0], [112.50865512300004, -7.883072727999945, 0.0], [112.50869406000004, -7.883208430999957, 0.0], [112.50873709100006, -7.883490368999958, 0.0], [112.5087494820001, -7.883571414999949, 0.0], [112.50876065400007, -7.8838009619999525, 0.0], [112.50882977900005, -7.883869962999938, 0.0], [112.50900015400009, -7.883903305999979, 0.0], [112.50904615400009, -7.883895242999927, 0.0], [112.50937581000005, -7.88383766499993, 0.0], [112.50953565400005, -7.883933180999975, 0.0], [112.50962057600009, -7.884109383999942, 0.0], [112.50964949800004, -7.88422869599998, 0.0], [112.50967009300007, -7.884313698999961, 0.0], [112.50968742000009, -7.884385211999927, 0.0], [112.50978809200001, -7.884638853999945, 0.0], [112.5093171850001, -7.885422665999954, 0.0], [112.50906073200008, -7.886185445999956, 0.0], [112.5090095920001, -7.88637930699997, 0.0], [112.50894665400006, -7.886896085999979, 0.0], [112.50925012300002, -7.887339337999947, 0.0], [112.50951649700005, -7.887523958999964, 0.0], [112.5096631460001, -7.887576370999966, 0.0], [112.50894076500003, -7.888532991999966, 0.0], [112.50903685700007, -7.88865420999997, 0.0], [112.50964150800007, -7.888330455999949, 0.0], [112.5100151580001, -7.888144883999928, 0.0], [112.51018044400007, -7.888067726999964, 0.0], [112.5103851670001, -7.887969787999964, 0.0], [112.51057191000007, -7.8878542729999594, 0.0], [112.51066284700005, -7.887786953999978, 0.0], [112.51073850700004, -7.887723623999932, 0.0], [112.510777673, -7.887690839999948, 0.0], [112.51120351000009, -7.887339994999934, 0.0], [112.5114568460001, -7.887061548999952, 0.0], [112.51150900900006, -7.886889099999962, 0.0], [112.51152794300003, -7.886817255999972, 0.0], [112.5115607890001, -7.886611380999966, 0.0], [112.51161788900004, -7.886477193999951, 0.0], [112.51166083400005, -7.886372451999932, 0.0], [112.5117082700001, -7.8862567569999555, 0.0], [112.51176554000006, -7.8860591429999545, 0.0], [112.51183600000002, -7.88599899999997, 0.0], [112.51199951500007, -7.885841919999962, 0.0], [112.5120627880001, -7.885751802999948, 0.0], [112.51211729700003, -7.88567416799998, 0.0], [112.51227855500008, -7.885582939999949, 0.0], [112.51249058100007, -7.885492454999962, 0.0], [112.51257557500003, -7.885427892999928, 0.0], [112.5127849050001, -7.885268887999928, 0.0], [112.5128310990001, -7.885204484999974, 0.0], [112.51291918100003, -7.885081681999964, 0.0], [112.51296459500008, -7.88501836599994, 0.0], [112.5130843820001, -7.88485136099996, 0.0], [112.51324686400005, -7.88462482999995, 0.0], [112.51326741600008, -7.884337653999978, 0.0], [112.51336000000003, -7.8841299999999706, 0.0], [112.51337553700012, -7.884057378999955, 0.0], [112.51339749500005, -7.883954744999926, 0.0], [112.51344159200005, -7.883853251999938, 0.0], [112.51350810600002, -7.883695156999977, 0.0], [112.51355586500006, -7.883612041999982, 0.0], [112.51364623800009, -7.883515167999974, 0.0], [112.51374962700004, -7.883441583999968, 0.0], [112.51388627000006, -7.88340663799994, 0.0], [112.51393371600011, -7.883389239999929, 0.0], [112.51405002100012, -7.883304124999938, 0.0], [112.51411580700005, -7.883205714999974, 0.0], [112.51411818700001, -7.883139089999929, 0.0], [112.51411104800002, -7.883065325999951, 0.0], [112.51407535600003, -7.882979665999926, 0.0], [112.51404088900006, -7.882913384999938, 0.0], [112.514034906, -7.882839277999949, 0.0], [112.51405156100009, -7.882794067999953, 0.0], [112.51407107400007, -7.882776418999981, 0.0], [112.51415148900003, -7.882703680999953, 0.0], [112.51422250900009, -7.882559375999961, 0.0], [112.51417767300006, -7.882396698999969, 0.0], [112.51422350400003, -7.8822072789999424, 0.0], [112.51419670900009, -7.882111162999934, 0.0], [112.51419670900009, -7.8819921899999486, 0.0], [112.51422050300005, -7.881839904999936, 0.0], [112.51421574400001, -7.881735207999952, 0.0], [112.51421611500007, -7.881731317999936, 0.0], [112.51422526200008, -7.881635270999936, 0.0], [112.51432773900001, -7.8813525129999675, 0.0], [112.51434246200006, -7.881268026999976, 0.0], [112.51433102700003, -7.880894836999971, 0.0], [112.51437225600012, -7.8807511369999474, 0.0], [112.51441777100001, -7.880598808999935, 0.0], [112.51435065500004, -7.880353579999962, 0.0], [112.51440404700008, -7.88018014599993, 0.0], [112.51444610400006, -7.880076181999925, 0.0], [112.51446668200003, -7.8799202159999595, 0.0], [112.51451324000004, -7.879768651999939, 0.0], [112.51460453300001, -7.879372527999976, 0.0], [112.51460457300004, -7.8792388919999325, 0.0], [112.51466621200007, -7.879019600999925, 0.0], [112.51466827700006, -7.878939869999954, 0.0], [112.51464502600004, -7.878828563999946, 0.0], [112.5146389680001, -7.878746043999968, 0.0], [112.51466686800006, -7.87855228799998, 0.0], [112.51463500500006, -7.878391588999932, 0.0], [112.51466117900009, -7.878210749999937, 0.0], [112.51472542500005, -7.878106053999943, 0.0], [112.51474208100001, -7.877956147999953, 0.0], [112.5147298600001, -7.877858376999939, 0.0], [112.51472780400002, -7.877841933999946, 0.0], [112.51474208100001, -7.877727719999939, 0.0], [112.51476833100003, -7.877582618999952, 0.0], [112.51479755500009, -7.87742108599997, 0.0], [112.5149185360001, -7.876752354999951, 0.0], [112.51495453100006, -7.876553390999959, 0.0], [112.51499650800008, -7.876278943999978, 0.0], [112.51505018000012, -7.875928031999933, 0.0], [112.51512383300008, -7.87544649299997, 0.0], [112.51512840900011, -7.875416574999974, 0.0], [112.51514351500009, -7.87531781399997, 0.0], [112.51519949800002, -7.874935455999946, 0.0], [112.51525510900001, -7.874555635999968, 0.0], [112.51526407400002, -7.874471186999926, 0.0], [112.51530652300005, -7.874071339999944, 0.0], [112.51534973500009, -7.87366431199996, 0.0], [112.51547797400008, -7.873107180999966, 0.0], [112.51548201300011, -7.87308963199996, 0.0], [112.51548015300011, -7.872577641999953, 0.0], [112.51547855000001, -7.872450553999954, 0.0], [112.51550917700001, -7.8722924259999445, 0.0], [112.5155344740001, -7.872122944999944, 0.0], [112.51555120800003, -7.871973591999961, 0.0], [112.51557073200001, -7.8717998249999255, 0.0], [112.51554733400008, -7.8715066159999765, 0.0], [112.5155939010001, -7.871044664999943, 0.0], [112.5155955460001, -7.870985397999959, 0.0], [112.51559912000005, -7.870819732999962, 0.0], [112.51560159700011, -7.870754253999962, 0.0], [112.51562745000001, -7.870610373999966, 0.0], [112.51563852900006, -7.870489751999969, 0.0], [112.51565455700006, -7.87042194199995, 0.0], [112.51570727700005, -7.870336364999957, 0.0], [112.51575163900009, -7.870204934999947, 0.0], [112.51575300000002, -7.870139999999935, 0.0], [112.51570234100006, -7.870081472999971, 0.0], [112.51571600000011, -7.869707999999946, 0.0], [112.51570589800008, -7.869616719999954, 0.0], [112.51571071100011, -7.869356397999979, 0.0], [112.51576254500003, -7.8693581249999625, 0.0], [112.51577345700002, -7.869191565999927, 0.0], [112.51580668400004, -7.868701432999956, 0.0], [112.51581501200008, -7.868641945999968, 0.0], [112.51568102800002, -7.868599359999962, 0.0], [112.51571187700006, -7.868334392999941, 0.0], [112.51572701600003, -7.8682087309999815, 0.0], [112.51573601300004, -7.868097683999963, 0.0], [112.51581596400001, -7.86811862299993, 0.0], [112.51586400000008, -7.867889999999932, 0.0], [112.51587534800001, -7.867842783999947, 0.0], [112.51589485400007, -7.867761625999947, 0.0], [112.5171558720001, -7.8681246859999305, 0.0], [112.5173067180001, -7.868168114999946, 0.0], [112.51760001100001, -7.868252560999963, 0.0], [112.51845496300007, -7.86849872099998, 0.0], [112.5186000000001, -7.868480999999974, 0.0], [112.51869621200001, -7.868369778999977, 0.0], [112.51944061600011, -7.868051993999927, 0.0], [112.51998632700008, -7.867762983999967, 0.0], [112.52013443600003, -7.867658062999965, 0.0], [112.52019515900008, -7.867564355999946, 0.0], [112.52029797500006, -7.86746648899998, 0.0], [112.52039624200006, -7.86743682499997, 0.0], [112.52047020400005, -7.867388048999942, 0.0], [112.52056716200002, -7.8673284829999375, 0.0], [112.52079952200006, -7.867314687999965, 0.0], [112.5208348320001, -7.867315744999928, 0.0], [112.52108066200003, -7.867337986999928, 0.0], [112.521190907, -7.867374778999931, 0.0], [112.52120238500004, -7.867354561999946, 0.0], [112.52119246000007, -7.86723577999993, 0.0], [112.52119977300003, -7.8670699539999305, 0.0], [112.52121538800009, -7.8670618749999335, 0.0], [112.52122398000006, -7.86699665499998, 0.0], [112.52141904400003, -7.8669952299999295, 0.0], [112.52149607800004, -7.866999257999964, 0.0], [112.52151551800011, -7.867000861999941, 0.0], [112.52149497000005, -7.866892794999956, 0.0], [112.52141475100007, -7.866607658999953, 0.0], [112.52136450600005, -7.8663831859999505, 0.0], [112.52134697200006, -7.866312430999926, 0.0], [112.52126691700005, -7.866203622999933, 0.0], [112.52122743900009, -7.866168356999935, 0.0], [112.52119900000002, -7.866166999999962, 0.0], [112.52112858600003, -7.866168715999947, 0.0], [112.52098748500009, -7.866163484999959, 0.0], [112.52074554100011, -7.866139478999969, 0.0], [112.52057230000003, -7.866071680999937, 0.0], [112.52044044900003, -7.8660369889999515, 0.0], [112.52029706400003, -7.866020037999931, 0.0], [112.5203140000001, -7.865986999999961, 0.0], [112.5203846280001, -7.865810645999943, 0.0], [112.52039920900006, -7.86574989099995, 0.0], [112.5203917450001, -7.865482260999954, 0.0], [112.52039299600006, -7.865399407999973, 0.0], [112.520392603, -7.865291572999979, 0.0], [112.52039236400003, -7.865225953999925, 0.0], [112.52035410000008, -7.865027820999956, 0.0], [112.52032127000007, -7.864842017999933, 0.0], [112.52029100000004, -7.864810999999975, 0.0], [112.5203753290001, -7.864742321999927, 0.0], [112.52038711900002, -7.864735179999968, 0.0], [112.52033433700001, -7.864670054999976, 0.0], [112.52019728900007, -7.864512159999947, 0.0], [112.5200062340001, -7.864269995999962, 0.0], [112.51971488000004, -7.863961004999965, 0.0], [112.51958171100011, -7.8637619519999475, 0.0], [112.51946563700005, -7.863540070999932, 0.0], [112.51937792500007, -7.8634552369999255, 0.0], [112.51925494200009, -7.863372677999962, 0.0], [112.51870384600011, -7.863096716999962, 0.0], [112.51857868700006, -7.863043707999964, 0.0], [112.51833212100007, -7.862968332999969, 0.0], [112.51841267000009, -7.862801637999951, 0.0], [112.51842916800001, -7.862720232999948, 0.0], [112.51844128900007, -7.862686996999969, 0.0], [112.51842768300003, -7.86257459899997, 0.0], [112.51839925700006, -7.862410447999935, 0.0], [112.51848928600009, -7.862361340999939, 0.0], [112.51860825900008, -7.862248316999967, 0.0], [112.51865114800012, -7.862218003999942, 0.0], [112.51875433600003, -7.862229812999942, 0.0], [112.51886603300011, -7.862257899999975, 0.0], [112.51892350000003, -7.862252275999936, 0.0], [112.51895944600005, -7.86221330099994, 0.0], [112.51918424700011, -7.862340486999926, 0.0], [112.519374115, -7.8624283229999605, 0.0], [112.519451032, -7.862466324999957, 0.0], [112.51953030000004, -7.862474364999969, 0.0], [112.51959024900009, -7.862481371999934, 0.0], [112.51962739100009, -7.862468077999949, 0.0], [112.51969413100005, -7.862347015999944, 0.0], [112.51970411900004, -7.862124476999952, 0.0], [112.51971470900003, -7.861986575999936, 0.0], [112.51991696300001, -7.861933037999961, 0.0], [112.52003593600011, -7.861891396999965, 0.0], [112.5201549090001, -7.861814064999976, 0.0], [112.52029161200005, -7.861796612999967, 0.0], [112.520429938, -7.8617998779999425, 0.0], [112.52059510900006, -7.8617962189999275, 0.0], [112.52074977400002, -7.861903294999934, 0.0], [112.52079176200004, -7.861927714999979, 0.0], [112.52082355800007, -7.861962051999967, 0.0], [112.52090211100005, -7.862185705999934, 0.0], [112.52100067700007, -7.862370528999975, 0.0], [112.52111839800011, -7.862496322999959, 0.0], [112.52128488500011, -7.86253686799995, 0.0], [112.52138158700006, -7.862511072999951, 0.0], [112.5215115950001, -7.862468134999972, 0.0]]]], "type": "MultiPolygon"}}, {"type": "Feature", "properties": {"village_name": "Pesanggrahan", "district_name": "Batu", "kecamatan": "Batu", "kabupaten": "Kota Batu", "provinsi": "Jawa Timur", "kode_desa": "35.79.01.2008", "last_updated": "2026-09-01T08:57:00.626128+00:00", "hourly_temp_today": [17.1, 16.5, 16.2, 15.7, 15.0, 14.2, 14.3, 18.8, 20.5, 23.0, 25.0, 26.0, 26.4, 26.4, 26.7, 25.6, 23.7, 21.4, 19.5, 18.5, 17.9, 17.3, 16.7, 16.3], "suhu_current": 25.6, "suhu_siang_1200": 26.4, "suhu_malam_2400": 17.1}, "geometry": {"coordinates": [[[[112.51541902100007, -7.860863590999941, 0.0], [112.51557232500011, -7.860925721999934, 0.0], [112.51568245800001, -7.860992793999969, 0.0], [112.5157590550001, -7.861074819999942, 0.0], [112.51580769500003, -7.861122494999961, 0.0], [112.51586877400007, -7.861160075999976, 0.0], [112.51591620600004, -7.861205361999964, 0.0], [112.51594641800011, -7.861266261999958, 0.0], [112.51595499000007, -7.861314080999932, 0.0], [112.51595993600006, -7.861354736999942, 0.0], [112.51599383500002, -7.861439547999964, 0.0], [112.51598270000011, -7.861504891999971, 0.0], [112.51599996900006, -7.861592406999932, 0.0], [112.51602026900002, -7.861632527999973, 0.0], [112.51609263400007, -7.861703288999934, 0.0], [112.51617318000001, -7.8617188249999685, 0.0], [112.51633584300009, -7.861715365999942, 0.0], [112.51641644800009, -7.861711844999945, 0.0], [112.51648417400008, -7.861729400999934, 0.0], [112.5165383430001, -7.86178016599996, 0.0], [112.51655002200005, -7.861804811999946, 0.0], [112.51670248700009, -7.861840990999951, 0.0], [112.51689879300011, -7.861857051999948, 0.0], [112.51696427800005, -7.861817046999931, 0.0], [112.51707359000011, -7.861701432999951, 0.0], [112.51717735000011, -7.861533103999932, 0.0], [112.51724406100004, -7.861469700999976, 0.0], [112.51729200000011, -7.861430999999925, 0.0], [112.51734558600003, -7.861342344999969, 0.0], [112.51738007900008, -7.861315938999951, 0.0], [112.51743943100007, -7.861316534999958, 0.0], [112.51753078800004, -7.861366447999956, 0.0], [112.51755744100001, -7.8614381269999285, 0.0], [112.5175362650001, -7.8615530439999475, 0.0], [112.51745307700003, -7.861749576999955, 0.0], [112.51742594200005, -7.8618075019999765, 0.0], [112.51737471700005, -7.861916847999964, 0.0], [112.51736803600011, -7.862101736999932, 0.0], [112.5173658120001, -7.862163258999942, 0.0], [112.51737770900002, -7.862215606999939, 0.0], [112.51742919600008, -7.862248208999972, 0.0], [112.51753642200003, -7.862256440999943, 0.0], [112.51770078400011, -7.862184774999946, 0.0], [112.51775734500006, -7.862167343999943, 0.0], [112.51782913400007, -7.862169942999969, 0.0], [112.51796843800003, -7.86215356699995, 0.0], [112.51800876000004, -7.862157248999949, 0.0], [112.51810857200007, -7.862123394999969, 0.0], [112.51815479300001, -7.862199402999977, 0.0], [112.51819170800002, -7.86232176599998, 0.0], [112.51826677600002, -7.862378914999965, 0.0], [112.51834170400002, -7.862397783999938, 0.0], [112.51839925700006, -7.862410447999935, 0.0], [112.51842768300003, -7.86257459899997, 0.0], [112.51844128900007, -7.862686996999969, 0.0], [112.51842916800001, -7.862720232999948, 0.0], [112.51841267000009, -7.862801637999951, 0.0], [112.51833212100007, -7.862968332999969, 0.0], [112.51857868700006, -7.863043707999964, 0.0], [112.51870384600011, -7.863096716999962, 0.0], [112.51925494200009, -7.863372677999962, 0.0], [112.51937792500007, -7.8634552369999255, 0.0], [112.51946563700005, -7.863540070999932, 0.0], [112.51958171100011, -7.8637619519999475, 0.0], [112.51971488000004, -7.863961004999965, 0.0], [112.5200062340001, -7.864269995999962, 0.0], [112.52019728900007, -7.864512159999947, 0.0], [112.52033433700001, -7.864670054999976, 0.0], [112.52038711900002, -7.864735179999968, 0.0], [112.5203753290001, -7.864742321999927, 0.0], [112.52029100000004, -7.864810999999975, 0.0], [112.52032127000007, -7.864842017999933, 0.0], [112.52035410000008, -7.865027820999956, 0.0], [112.52039236400003, -7.865225953999925, 0.0], [112.520392603, -7.865291572999979, 0.0], [112.52039299600006, -7.865399407999973, 0.0], [112.5203917450001, -7.865482260999954, 0.0], [112.52039920900006, -7.86574989099995, 0.0], [112.5203846280001, -7.865810645999943, 0.0], [112.5203140000001, -7.865986999999961, 0.0], [112.52029706400003, -7.866020037999931, 0.0], [112.52044044900003, -7.8660369889999515, 0.0], [112.52057230000003, -7.866071680999937, 0.0], [112.52074554100011, -7.866139478999969, 0.0], [112.52098748500009, -7.866163484999959, 0.0], [112.52112858600003, -7.866168715999947, 0.0], [112.52119900000002, -7.866166999999962, 0.0], [112.52122743900009, -7.866168356999935, 0.0], [112.52126691700005, -7.866203622999933, 0.0], [112.52134697200006, -7.866312430999926, 0.0], [112.52136450600005, -7.8663831859999505, 0.0], [112.52141475100007, -7.866607658999953, 0.0], [112.52149497000005, -7.866892794999956, 0.0], [112.52151551800011, -7.867000861999941, 0.0], [112.52149607800004, -7.866999257999964, 0.0], [112.52141904400003, -7.8669952299999295, 0.0], [112.52122398000006, -7.86699665499998, 0.0], [112.52121538800009, -7.8670618749999335, 0.0], [112.52119977300003, -7.8670699539999305, 0.0], [112.52119246000007, -7.86723577999993, 0.0], [112.52120238500004, -7.867354561999946, 0.0], [112.521190907, -7.867374778999931, 0.0], [112.52108066200003, -7.867337986999928, 0.0], [112.5208348320001, -7.867315744999928, 0.0], [112.52079952200006, -7.867314687999965, 0.0], [112.52056716200002, -7.8673284829999375, 0.0], [112.52047020400005, -7.867388048999942, 0.0], [112.52039624200006, -7.86743682499997, 0.0], [112.52029797500006, -7.86746648899998, 0.0], [112.52019515900008, -7.867564355999946, 0.0], [112.52013443600003, -7.867658062999965, 0.0], [112.51998632700008, -7.867762983999967, 0.0], [112.51944061600011, -7.868051993999927, 0.0], [112.51869621200001, -7.868369778999977, 0.0], [112.5186000000001, -7.868480999999974, 0.0], [112.51845496300007, -7.86849872099998, 0.0], [112.51760001100001, -7.868252560999963, 0.0], [112.5173067180001, -7.868168114999946, 0.0], [112.5171558720001, -7.8681246859999305, 0.0], [112.51589485400007, -7.867761625999947, 0.0], [112.51587534800001, -7.867842783999947, 0.0], [112.51586400000008, -7.867889999999932, 0.0], [112.51581596400001, -7.86811862299993, 0.0], [112.51573601300004, -7.868097683999963, 0.0], [112.51572701600003, -7.8682087309999815, 0.0], [112.51571187700006, -7.868334392999941, 0.0], [112.51568102800002, -7.868599359999962, 0.0], [112.51581501200008, -7.868641945999968, 0.0], [112.51580668400004, -7.868701432999956, 0.0], [112.51577345700002, -7.869191565999927, 0.0], [112.51576254500003, -7.8693581249999625, 0.0], [112.51571071100011, -7.869356397999979, 0.0], [112.51570589800008, -7.869616719999954, 0.0], [112.51571600000011, -7.869707999999946, 0.0], [112.51570234100006, -7.870081472999971, 0.0], [112.51575300000002, -7.870139999999935, 0.0], [112.51575163900009, -7.870204934999947, 0.0], [112.51570727700005, -7.870336364999957, 0.0], [112.51565455700006, -7.87042194199995, 0.0], [112.51563852900006, -7.870489751999969, 0.0], [112.51562745000001, -7.870610373999966, 0.0], [112.51560159700011, -7.870754253999962, 0.0], [112.51559912000005, -7.870819732999962, 0.0], [112.5155955460001, -7.870985397999959, 0.0], [112.5155939010001, -7.871044664999943, 0.0], [112.51554733400008, -7.8715066159999765, 0.0], [112.51557073200001, -7.8717998249999255, 0.0], [112.51555120800003, -7.871973591999961, 0.0], [112.5155344740001, -7.872122944999944, 0.0], [112.51550917700001, -7.8722924259999445, 0.0], [112.51547855000001, -7.872450553999954, 0.0], [112.51548015300011, -7.872577641999953, 0.0], [112.51548201300011, -7.87308963199996, 0.0], [112.51547797400008, -7.873107180999966, 0.0], [112.51534973500009, -7.87366431199996, 0.0], [112.51530652300005, -7.874071339999944, 0.0], [112.51526407400002, -7.874471186999926, 0.0], [112.51525510900001, -7.874555635999968, 0.0], [112.51519949800002, -7.874935455999946, 0.0], [112.51514351500009, -7.87531781399997, 0.0], [112.51512840900011, -7.875416574999974, 0.0], [112.51512383300008, -7.87544649299997, 0.0], [112.51505018000012, -7.875928031999933, 0.0], [112.51499650800008, -7.876278943999978, 0.0], [112.51495453100006, -7.876553390999959, 0.0], [112.5149185360001, -7.876752354999951, 0.0], [112.51479755500009, -7.87742108599997, 0.0], [112.51476833100003, -7.877582618999952, 0.0], [112.51474208100001, -7.877727719999939, 0.0], [112.51472780400002, -7.877841933999946, 0.0], [112.5147298600001, -7.877858376999939, 0.0], [112.51474208100001, -7.877956147999953, 0.0], [112.51472542500005, -7.878106053999943, 0.0], [112.51466117900009, -7.878210749999937, 0.0], [112.51463500500006, -7.878391588999932, 0.0], [112.51466686800006, -7.87855228799998, 0.0], [112.5146389680001, -7.878746043999968, 0.0], [112.51464502600004, -7.878828563999946, 0.0], [112.51466827700006, -7.878939869999954, 0.0], [112.51466621200007, -7.879019600999925, 0.0], [112.51460457300004, -7.8792388919999325, 0.0], [112.51460453300001, -7.879372527999976, 0.0], [112.51451324000004, -7.879768651999939, 0.0], [112.51446668200003, -7.8799202159999595, 0.0], [112.51444610400006, -7.880076181999925, 0.0], [112.51440404700008, -7.88018014599993, 0.0], [112.51435065500004, -7.880353579999962, 0.0], [112.51441777100001, -7.880598808999935, 0.0], [112.51437225600012, -7.8807511369999474, 0.0], [112.51433102700003, -7.880894836999971, 0.0], [112.51434246200006, -7.881268026999976, 0.0], [112.51432773900001, -7.8813525129999675, 0.0], [112.51422526200008, -7.881635270999936, 0.0], [112.51421611500007, -7.881731317999936, 0.0], [112.51421574400001, -7.881735207999952, 0.0], [112.51422050300005, -7.881839904999936, 0.0], [112.51419670900009, -7.8819921899999486, 0.0], [112.51419670900009, -7.882111162999934, 0.0], [112.51422350400003, -7.8822072789999424, 0.0], [112.51417767300006, -7.882396698999969, 0.0], [112.51422250900009, -7.882559375999961, 0.0], [112.51415148900003, -7.882703680999953, 0.0], [112.51407107400007, -7.882776418999981, 0.0], [112.51405156100009, -7.882794067999953, 0.0], [112.514034906, -7.882839277999949, 0.0], [112.51404088900006, -7.882913384999938, 0.0], [112.51407535600003, -7.882979665999926, 0.0], [112.51411104800002, -7.883065325999951, 0.0], [112.51411818700001, -7.883139089999929, 0.0], [112.51411580700005, -7.883205714999974, 0.0], [112.51405002100012, -7.883304124999938, 0.0], [112.51393371600011, -7.883389239999929, 0.0], [112.51388627000006, -7.88340663799994, 0.0], [112.51374962700004, -7.883441583999968, 0.0], [112.51364623800009, -7.883515167999974, 0.0], [112.51355586500006, -7.883612041999982, 0.0], [112.51350810600002, -7.883695156999977, 0.0], [112.51344159200005, -7.883853251999938, 0.0], [112.51339749500005, -7.883954744999926, 0.0], [112.51337553700012, -7.884057378999955, 0.0], [112.51336000000003, -7.8841299999999706, 0.0], [112.51326741600008, -7.884337653999978, 0.0], [112.51324686400005, -7.88462482999995, 0.0], [112.5130843820001, -7.88485136099996, 0.0], [112.51296459500008, -7.88501836599994, 0.0], [112.51291918100003, -7.885081681999964, 0.0], [112.5128310990001, -7.885204484999974, 0.0], [112.5127849050001, -7.885268887999928, 0.0], [112.51257557500003, -7.885427892999928, 0.0], [112.51249058100007, -7.885492454999962, 0.0], [112.51227855500008, -7.885582939999949, 0.0], [112.51211729700003, -7.88567416799998, 0.0], [112.5120627880001, -7.885751802999948, 0.0], [112.51199951500007, -7.885841919999962, 0.0], [112.51183600000002, -7.88599899999997, 0.0], [112.51176554000006, -7.8860591429999545, 0.0], [112.5117082700001, -7.8862567569999555, 0.0], [112.51166083400005, -7.886372451999932, 0.0], [112.51161788900004, -7.886477193999951, 0.0], [112.5115607890001, -7.886611380999966, 0.0], [112.51152794300003, -7.886817255999972, 0.0], [112.51150900900006, -7.886889099999962, 0.0], [112.5114568460001, -7.887061548999952, 0.0], [112.51120351000009, -7.887339994999934, 0.0], [112.510777673, -7.887690839999948, 0.0], [112.51073850700004, -7.887723623999932, 0.0], [112.51066284700005, -7.887786953999978, 0.0], [112.51057191000007, -7.8878542729999594, 0.0], [112.5103851670001, -7.887969787999964, 0.0], [112.51018044400007, -7.888067726999964, 0.0], [112.5100151580001, -7.888144883999928, 0.0], [112.50964150800007, -7.888330455999949, 0.0], [112.50903685700007, -7.88865420999997, 0.0], [112.50894076500003, -7.888532991999966, 0.0], [112.5096631460001, -7.887576370999966, 0.0], [112.50951649700005, -7.887523958999964, 0.0], [112.50925012300002, -7.887339337999947, 0.0], [112.50894665400006, -7.886896085999979, 0.0], [112.5090095920001, -7.88637930699997, 0.0], [112.50906073200008, -7.886185445999956, 0.0], [112.5093171850001, -7.885422665999954, 0.0], [112.50978809200001, -7.884638853999945, 0.0], [112.50968742000009, -7.884385211999927, 0.0], [112.50967009300007, -7.884313698999961, 0.0], [112.50964949800004, -7.88422869599998, 0.0], [112.50962057600009, -7.884109383999942, 0.0], [112.50953565400005, -7.883933180999975, 0.0], [112.50937581000005, -7.88383766499993, 0.0], [112.50904615400009, -7.883895242999927, 0.0], [112.50900015400009, -7.883903305999979, 0.0], [112.50882977900005, -7.883869962999938, 0.0], [112.50876065400007, -7.8838009619999525, 0.0], [112.5087494820001, -7.883571414999949, 0.0], [112.50873709100006, -7.883490368999958, 0.0], [112.50869406000004, -7.883208430999957, 0.0], [112.50865512300004, -7.883072727999945, 0.0], [112.5085296850001, -7.882879570999933, 0.0], [112.50831248200006, -7.882903493999947, 0.0], [112.50822592000009, -7.88289363399997, 0.0], [112.50818342000002, -7.882785586999944, 0.0], [112.50817398200002, -7.882659695999962, 0.0], [112.50815604500008, -7.8826203689999375, 0.0], [112.50811148200012, -7.882522663999964, 0.0], [112.50800320100007, -7.882483867999952, 0.0], [112.5077971390001, -7.882458195999959, 0.0], [112.50752334200001, -7.882342570999981, 0.0], [112.50705923200007, -7.882027320999953, 0.0], [112.50698380900008, -7.881669555999963, 0.0], [112.50692001400012, -7.881546242999946, 0.0], [112.50674607600001, -7.881485462999933, 0.0], [112.50643145200002, -7.881645055999968, 0.0], [112.50631501500004, -7.881655790999957, 0.0], [112.50607346700008, -7.881392742999935, 0.0], [112.505976497, -7.881333180999945, 0.0], [112.50596363900002, -7.881337664999933, 0.0], [112.50576324800011, -7.881407508999928, 0.0], [112.50538046700001, -7.88154091499996, 0.0], [112.50525404400003, -7.881584977999978, 0.0], [112.5051162960001, -7.881747852999979, 0.0], [112.5050302950001, -7.881871883999963, 0.0], [112.50479735700003, -7.881953820999968, 0.0], [112.50459531000001, -7.882003117999943, 0.0], [112.50456713900007, -7.882009977999928, 0.0], [112.50441762300011, -7.88209461799994, 0.0], [112.50431832600009, -7.882239477999974, 0.0], [112.50429652600008, -7.882577501999947, 0.0], [112.50428023100005, -7.882830148999972, 0.0], [112.5042982010001, -7.882995180999956, 0.0], [112.50425530900009, -7.883107663999965, 0.0], [112.50406204600006, -7.883153008999955, 0.0], [112.5040771240001, -7.88355302399998, 0.0], [112.50409417000003, -7.883619523999926, 0.0], [112.5041293270001, -7.88375678999995, 0.0], [112.50425584200002, -7.884041133999972, 0.0], [112.5042943420001, -7.8841483679999556, 0.0], [112.50425495100001, -7.884243055999946, 0.0], [112.5042498250001, -7.8842481479999265, 0.0], [112.50418699800002, -7.8843101809999325, 0.0], [112.50416337400009, -7.884333512999945, 0.0], [112.5039331690001, -7.884560868999927, 0.0], [112.50365417100011, -7.885688383999934, 0.0], [112.50346260600008, -7.886476758999947, 0.0], [112.50339591300008, -7.886612295999953, 0.0], [112.5031805640001, -7.887049933999947, 0.0], [112.50285790400005, -7.88770564899994, 0.0], [112.50250031000007, -7.8881634459999646, 0.0], [112.50232817100004, -7.88830513399995, 0.0], [112.50227095100001, -7.888401835999957, 0.0], [112.50199354600011, -7.888412961999961, 0.0], [112.50186545100007, -7.88847935299998, 0.0], [112.50159696500009, -7.888792817999956, 0.0], [112.50152418500011, -7.88887779099997, 0.0], [112.50116348100005, -7.889198492999981, 0.0], [112.50100010800008, -7.889315680999971, 0.0], [112.50094762800006, -7.889435640999977, 0.0], [112.50094020100005, -7.88945261799995, 0.0], [112.50083927900005, -7.889627773999962, 0.0], [112.50005473200008, -7.890739992999954, 0.0], [112.50000000000011, -7.891233998999951, 0.0], [112.49999958600006, -7.8912343039999655, 0.0], [112.49929200000008, -7.891752999999937, 0.0], [112.49855300000002, -7.892430999999931, 0.0], [112.4978460000001, -7.893268999999975, 0.0], [112.49747274100002, -7.893616573999964, 0.0], [112.4969450000001, -7.89410799999996, 0.0], [112.49652800000001, -7.894784999999956, 0.0], [112.49622551100003, -7.895276089999982, 0.0], [112.49611100000004, -7.895461999999952, 0.0], [112.49585499900002, -7.896169999999927, 0.0], [112.49563200000011, -7.896941999999967, 0.0], [112.49562922400003, -7.896967925999945, 0.0], [112.49557000000004, -7.8975209999999265, 0.0], [112.49524800000006, -7.897811999999931, 0.0], [112.49476500000003, -7.898134999999968, 0.0], [112.49318600000004, -7.898848000999976, 0.0], [112.49260658200001, -7.899084599999981, 0.0], [112.49215500000003, -7.899268999999947, 0.0], [112.49122000000011, -7.899689999999964, 0.0], [112.49100549100001, -7.899841123999977, 0.0], [112.49057700000003, -7.900142999999957, 0.0], [112.49028362100012, -7.900339260999942, 0.0], [112.48970700100006, -7.900724999999966, 0.0], [112.48857900000007, -7.901081998999928, 0.0], [112.4873539990001, -7.90143999999998, 0.0], [112.4859964630001, -7.901853854999956, 0.0], [112.48564500000009, -7.901960999999972, 0.0], [112.48472861500011, -7.90243305499996, 0.0], [112.48438900000008, -7.90260799999993, 0.0], [112.48281100000008, -7.903642999999931, 0.0], [112.48211091000007, -7.9040294639999615, 0.0], [112.48215592300005, -7.903759341999944, 0.0], [112.48184149200006, -7.903162858999963, 0.0], [112.48176816400007, -7.90273250499996, 0.0], [112.48164722900003, -7.902541629999973, 0.0], [112.48145484300005, -7.902446749999967, 0.0], [112.4812386970001, -7.9023996899999815, 0.0], [112.48097447500004, -7.902376758999935, 0.0], [112.48068632200011, -7.902353821999952, 0.0], [112.48044631900007, -7.902306845999931, 0.0], [112.48034987100004, -7.902187758999958, 0.0], [112.48034901900007, -7.901948631999971, 0.0], [112.48032389600007, -7.901613938999958, 0.0], [112.48028614500004, -7.901269483999954, 0.0], [112.48027411600003, -7.901159722999978, 0.0], [112.48029643900009, -7.900729299999966, 0.0], [112.48027122000008, -7.900346871999943, 0.0], [112.48026994300005, -7.899988316999952, 0.0], [112.48010064700009, -7.899678001999973, 0.0], [112.47993724600008, -7.899516320999965, 0.0], [112.47959489400012, -7.899177573999964, 0.0], [112.47923388600009, -7.8989397209999765, 0.0], [112.47872840000002, -7.898535123999977, 0.0], [112.47846333000007, -7.898272972999962, 0.0], [112.4780531770001, -7.897652774999926, 0.0], [112.47790530300006, -7.897015170999964, 0.0], [112.47774118200005, -7.896307514999933, 0.0], [112.47751547300004, -7.895420591999937, 0.0], [112.4773799080001, -7.894962609999936, 0.0], [112.47733425600006, -7.894637209999928, 0.0], [112.47731873500004, -7.894415311999978, 0.0], [112.47736099400004, -7.893764492999935, 0.0], [112.47738954800002, -7.893423913999925, 0.0], [112.47744814600003, -7.89324632499995, 0.0], [112.47746193800003, -7.892876415999979, 0.0], [112.4774316270001, -7.892743440999936, 0.0], [112.47737081600008, -7.892403177999938, 0.0], [112.47734006100006, -7.8920187789999545, 0.0], [112.4773842410001, -7.891929841999968, 0.0], [112.47745825900006, -7.8918407999999545, 0.0], [112.47763600100006, -7.891751571999976, 0.0], [112.47779890400011, -7.89163247099998, 0.0], [112.47791736500005, -7.891528624999978, 0.0], [112.47800604000008, -7.891439530999946, 0.0], [112.47813861200007, -7.891265929999975, 0.0], [112.47818168800006, -7.890866443999926, 0.0], [112.47818063700004, -7.890570540999931, 0.0], [112.47817979600006, -7.890333763999934, 0.0], [112.478238024, -7.890052478999962, 0.0], [112.47835616900011, -7.889859852999962, 0.0], [112.47848947200009, -7.88968172999995, 0.0], [112.47850341600008, -7.889459727999963, 0.0], [112.478487685, -7.8891787939999745, 0.0], [112.47845620900011, -7.889005968999982, 0.0], [112.48257392500011, -7.890144937999935, 0.0], [112.48334250500011, -7.89034917999993, 0.0], [112.48426803200005, -7.890435587999946, 0.0], [112.48550281400003, -7.890550863999977, 0.0], [112.48609461800004, -7.8905331049999745, 0.0], [112.48988649900002, -7.8904192929999795, 0.0], [112.4918908620001, -7.890348699999947, 0.0], [112.49340495000001, -7.890104790999942, 0.0], [112.49373706300003, -7.890051289999974, 0.0], [112.49377263300005, -7.890036350999935, 0.0], [112.49412159500002, -7.889889792999952, 0.0], [112.49505301400006, -7.889498611999954, 0.0], [112.49511332300006, -7.8894732829999725, 0.0], [112.495239233, -7.889438274999975, 0.0], [112.49550605000002, -7.888901394999948, 0.0], [112.49596492900002, -7.888392538999938, 0.0], [112.49658817700004, -7.888218047999942, 0.0], [112.4969029130001, -7.887661856999955, 0.0], [112.49692595500005, -7.887413160999927, 0.0], [112.49695441900008, -7.887105946999952, 0.0], [112.49699277500008, -7.886691958999961, 0.0], [112.49701378500004, -7.8864651959999605, 0.0], [112.49709594800004, -7.885659162999957, 0.0], [112.49711547200002, -7.8854676289999475, 0.0], [112.49712503600006, -7.885373803999926, 0.0], [112.49719731500011, -7.884677741999951, 0.0], [112.49700113100005, -7.884248477999961, 0.0], [112.49692359200003, -7.884078817999978, 0.0], [112.49685106600009, -7.883920124999975, 0.0], [112.4964355730001, -7.883146430999943, 0.0], [112.4960983100001, -7.882369461999929, 0.0], [112.49594199300009, -7.882009348999929, 0.0], [112.49651196400009, -7.881838588999926, 0.0], [112.49726748, -7.881612238999935, 0.0], [112.4975552620001, -7.881569340999931, 0.0], [112.49786108500007, -7.881538340999953, 0.0], [112.49816729300005, -7.881615002999979, 0.0], [112.49851514900001, -7.881595815999958, 0.0], [112.4990119790001, -7.881300952999936, 0.0], [112.4991729940001, -7.881037198999934, 0.0], [112.49940636400004, -7.880845848999968, 0.0], [112.49946606500009, -7.880796897999971, 0.0], [112.49968478400001, -7.8798989169999345, 0.0], [112.49967183900003, -7.8796357859999375, 0.0], [112.49964717700004, -7.879450452999947, 0.0], [112.49948413900006, -7.879151969999953, 0.0], [112.49933916200007, -7.878871366999931, 0.0], [112.49931434900009, -7.878644165999958, 0.0], [112.49939466700005, -7.878344744999936, 0.0], [112.49952152300011, -7.877871834999951, 0.0], [112.49947706300009, -7.877650704999951, 0.0], [112.49938046200009, -7.877477591999934, 0.0], [112.4992541260001, -7.8773763609999605, 0.0], [112.49908031900009, -7.877418851999948, 0.0], [112.49893119300009, -7.877467407999973, 0.0], [112.49889458000007, -7.8774793299999715, 0.0], [112.49887809500001, -7.877481032999981, 0.0], [112.49877465100008, -7.877491721999945, 0.0], [112.49860658400007, -7.877462415999958, 0.0], [112.4985662260001, -7.87742246199997, 0.0], [112.49854036300007, -7.8773968579999405, 0.0], [112.49838534300011, -7.877325635999966, 0.0], [112.4987945790001, -7.876753175999966, 0.0], [112.4990060770001, -7.876457320999975, 0.0], [112.49919751400012, -7.876290930999971, 0.0], [112.49925484200003, -7.876241104999963, 0.0], [112.49960500200007, -7.876196786999969, 0.0], [112.49988818400004, -7.876210128999958, 0.0], [112.50002351400008, -7.876255102999949, 0.0], [112.50016712700005, -7.876156494999975, 0.0], [112.5003152270001, -7.875971740999944, 0.0], [112.50035061500012, -7.875804136999932, 0.0], [112.50030633200004, -7.875500443999954, 0.0], [112.50028640500011, -7.875297150999927, 0.0], [112.49995230200011, -7.875135653999962, 0.0], [112.49964748200011, -7.875110426999981, 0.0], [112.49937922200002, -7.875242975999981, 0.0], [112.49929071000008, -7.8753174599999625, 0.0], [112.49859190500001, -7.876160334999952, 0.0], [112.49849549400005, -7.876293440999973, 0.0], [112.49816250300012, -7.876753175999966, 0.0], [112.49810197200009, -7.876836745999981, 0.0], [112.49786676300005, -7.877020069999958, 0.0], [112.49754788200005, -7.877222180999979, 0.0], [112.49744419400008, -7.877426471999968, 0.0], [112.49737990900007, -7.877553129999967, 0.0], [112.49731169300003, -7.877600027999961, 0.0], [112.49718274300005, -7.877772749999963, 0.0], [112.49696389100006, -7.877967326999965, 0.0], [112.49684094100007, -7.87780627099994, 0.0], [112.49677177100011, -7.877587600999959, 0.0], [112.49675882000008, -7.877428919999943, 0.0], [112.49674541700006, -7.87726470399997, 0.0], [112.49673355000004, -7.876966875999926, 0.0], [112.4966011360001, -7.876753175999966, 0.0], [112.49659598400001, -7.876744861999953, 0.0], [112.49658783000007, -7.876300255999979, 0.0], [112.49658703300008, -7.876256817999945, 0.0], [112.49691951000011, -7.8757785489999605, 0.0], [112.49704324200002, -7.8754834959999584, 0.0], [112.49707179500001, -7.8752550679999445, 0.0], [112.49706986500007, -7.875252082999964, 0.0], [112.49738395300005, -7.874985582999955, 0.0], [112.49784081100006, -7.87475715599993, 0.0], [112.49804439500008, -7.874582480999948, 0.0], [112.49813521400006, -7.874504558999945, 0.0], [112.49849162200007, -7.874198763999971, 0.0], [112.49856227400005, -7.874221395999939, 0.0], [112.49880915400001, -7.874015233999955, 0.0], [112.4988262280001, -7.873959188999947, 0.0], [112.49888648100011, -7.873900116999948, 0.0], [112.4989496290001, -7.873845340999935, 0.0], [112.49900138500004, -7.873825058999955, 0.0], [112.49903291200008, -7.873784751999949, 0.0], [112.49909868700001, -7.873659626999938, 0.0], [112.49911570400002, -7.873587789999931, 0.0], [112.49922191700011, -7.873498408999978, 0.0], [112.49945209500004, -7.873451647999957, 0.0], [112.49952532000009, -7.873396836999973, 0.0], [112.49957271500011, -7.873365085999978, 0.0], [112.49961014500002, -7.873364951999974, 0.0], [112.49970166500009, -7.873340733999953, 0.0], [112.50012702000004, -7.87318967899995, 0.0], [112.50020188300005, -7.873156514999948, 0.0], [112.5004350910001, -7.873024907999934, 0.0], [112.50050419000002, -7.872969858999966, 0.0], [112.50070204500003, -7.872790408999947, 0.0], [112.50078544500002, -7.872714765999945, 0.0], [112.5010251220001, -7.872308382999961, 0.0], [112.50104527600001, -7.872274209999944, 0.0], [112.50117691300011, -7.8721878159999505, 0.0], [112.50129442000002, -7.872164218999956, 0.0], [112.50138206500003, -7.872230330999969, 0.0], [112.501476335, -7.872289328999955, 0.0], [112.50152047000006, -7.872285341999941, 0.0], [112.5015570710001, -7.872321577999969, 0.0], [112.50176424100005, -7.872282555999959, 0.0], [112.50190243200007, -7.872278231999928, 0.0], [112.50205246000007, -7.872285237999961, 0.0], [112.50216762800005, -7.872361499999954, 0.0], [112.50226919600004, -7.872315199999946, 0.0], [112.50238599700003, -7.872234392999928, 0.0], [112.502555443, -7.872095363999961, 0.0], [112.50273865600002, -7.87208574999994, 0.0], [112.50284028700003, -7.872056674999953, 0.0], [112.50285903400004, -7.871932195999932, 0.0], [112.50297806600008, -7.87193333099998, 0.0], [112.50317139800006, -7.8718173309999315, 0.0], [112.50329244800002, -7.871752482999966, 0.0], [112.50333796000007, -7.871728101999963, 0.0], [112.50346507000006, -7.871642015999953, 0.0], [112.50354021500004, -7.8716031799999655, 0.0], [112.50357029500003, -7.87154731499993, 0.0], [112.5035818550001, -7.871525847999976, 0.0], [112.50360564900006, -7.8714366179999615, 0.0], [112.50361457200006, -7.8713652339999385, 0.0], [112.50363623200008, -7.871303864999959, 0.0], [112.503689871, -7.871310990999973, 0.0], [112.5037843020001, -7.871226927999942, 0.0], [112.50385842200001, -7.871208943999932, 0.0], [112.50390645100003, -7.871220255999958, 0.0], [112.50394888700009, -7.871277523999936, 0.0], [112.50401612500002, -7.871292594999943, 0.0], [112.5040834670001, -7.871336375999931, 0.0], [112.50417392500003, -7.8713000709999505, 0.0], [112.50421441200001, -7.8712161879999485, 0.0], [112.50425504600003, -7.8711729759999685, 0.0], [112.50437008800009, -7.871136675999935, 0.0], [112.50445691700008, -7.871128708999947, 0.0], [112.50457917200004, -7.871096688999955, 0.0], [112.50467753300006, -7.871062454999958, 0.0], [112.50481549900007, -7.870893034999938, 0.0], [112.50486442200008, -7.870819887999971, 0.0], [112.50496592100001, -7.870687934999978, 0.0], [112.50502700200002, -7.870659004999936, 0.0], [112.50507124300009, -7.870618173999958, 0.0], [112.505297272, -7.8704199799999515, 0.0], [112.50562383300007, -7.870154433999971, 0.0], [112.50570772600008, -7.8700641739999355, 0.0], [112.50585900700003, -7.869964101999926, 0.0], [112.50599667200004, -7.869814314999928, 0.0], [112.5060962440001, -7.869746966999969, 0.0], [112.5061823310001, -7.869666268999936, 0.0], [112.50625474700007, -7.869543859999965, 0.0], [112.5064785400001, -7.869391130999929, 0.0], [112.50661895300004, -7.869271957999956, 0.0], [112.50664920600002, -7.869214541999952, 0.0], [112.50685687500004, -7.8690774399999555, 0.0], [112.50702385200009, -7.868972167999971, 0.0], [112.5070094240001, -7.868844830999933, 0.0], [112.50695906600004, -7.868653370999937, 0.0], [112.5069157800001, -7.868500304999941, 0.0], [112.50731324600008, -7.868400246999954, 0.0], [112.50762852500009, -7.868316965999952, 0.0], [112.50784127500003, -7.8683092899999565, 0.0], [112.5079267860001, -7.8681879149999645, 0.0], [112.50800908000008, -7.868053637999935, 0.0], [112.50811356200006, -7.867751804999955, 0.0], [112.50808450200009, -7.867677740999966, 0.0], [112.50831669400009, -7.866862253999955, 0.0], [112.50833981500011, -7.866813944999933, 0.0], [112.50837135900008, -7.866748035999933, 0.0], [112.50851289200011, -7.866349285999945, 0.0], [112.50861460400006, -7.866388774999962, 0.0], [112.50869800400005, -7.866145519999975, 0.0], [112.50878225500003, -7.86588921799995, 0.0], [112.50880708600005, -7.865825638999979, 0.0], [112.51003128700006, -7.866255442999943, 0.0], [112.51036847600005, -7.866373825999972, 0.0], [112.51048940600003, -7.865390518999959, 0.0], [112.51049857400005, -7.86527205699997, 0.0], [112.51056045400003, -7.864539471999933, 0.0], [112.5106583910001, -7.863806788999966, 0.0], [112.51071359600007, -7.863525642999946, 0.0], [112.51095861100009, -7.862277062999965, 0.0], [112.51103365800009, -7.861798289999967, 0.0], [112.51106379300006, -7.86150629499997, 0.0], [112.51106677400003, -7.861306086999946, 0.0], [112.51106778500002, -7.861306382999942, 0.0], [112.5110687450001, -7.861306379999974, 0.0], [112.51120382300007, -7.861345935999964, 0.0], [112.51134403000003, -7.8615019019999295, 0.0], [112.51141462700002, -7.861517438999954, 0.0], [112.5115024160001, -7.861509945999956, 0.0], [112.51158294000004, -7.861483816999964, 0.0], [112.51165474800007, -7.861436186999981, 0.0], [112.51172817200006, -7.861437357999932, 0.0], [112.51183102200002, -7.861613554999963, 0.0], [112.5119553830001, -7.861766706999958, 0.0], [112.51204996800004, -7.861829092999926, 0.0], [112.5120592830001, -7.86183523699998, 0.0], [112.51215520900007, -7.861869010999953, 0.0], [112.51218036500006, -7.861877866999976, 0.0], [112.51230702800001, -7.8618716689999815, 0.0], [112.51234964900004, -7.861829093999972, 0.0], [112.5123748420001, -7.861803926999926, 0.0], [112.5125702360001, -7.861608744999955, 0.0], [112.51257096100005, -7.861608019999949, 0.0], [112.51265136000006, -7.861547438999935, 0.0], [112.51275776400007, -7.861512603999927, 0.0], [112.51291631100003, -7.861565145999975, 0.0], [112.5130502500001, -7.861580453999977, 0.0], [112.51316102100009, -7.861558521999939, 0.0], [112.51325579400009, -7.861492147999968, 0.0], [112.51336231300002, -7.861488892999944, 0.0], [112.51345018600011, -7.861504366999952, 0.0], [112.51370281000004, -7.861441659999969, 0.0], [112.51389030900009, -7.861395117999962, 0.0], [112.51391114500007, -7.861386639999978, 0.0], [112.51398312700007, -7.861357349999935, 0.0], [112.514039808, -7.861334286999977, 0.0], [112.51410147600006, -7.861269466999943, 0.0], [112.51412064500005, -7.861262562999968, 0.0], [112.51424237300012, -7.861218716999929, 0.0], [112.51445403900004, -7.861230872999954, 0.0], [112.51453909300005, -7.861262561999979, 0.0], [112.51458378000007, -7.861279211999943, 0.0], [112.5146529220001, -7.861290446999931, 0.0], [112.51474931200005, -7.861272872999962, 0.0], [112.51475474600011, -7.861262561999979, 0.0], [112.51476867500003, -7.861236134999956, 0.0], [112.51480929500008, -7.861159068999939, 0.0], [112.51508600000011, -7.861223999999936, 0.0], [112.51512188100003, -7.861232152999946, 0.0], [112.51515575500002, -7.861177959999964, 0.0], [112.5151885790001, -7.861098888999948, 0.0], [112.51520610000011, -7.861034227999937, 0.0], [112.5152237210001, -7.860997319999967, 0.0], [112.51529356100002, -7.860936776999949, 0.0], [112.51532605200009, -7.860897899999941, 0.0], [112.51535999900011, -7.860873673999947, 0.0], [112.51536636000003, -7.860869133999927, 0.0], [112.5153873490001, -7.860863226999982, 0.0], [112.51541902100007, -7.860863590999941, 0.0]]]], "type": "MultiPolygon"}}, {"type": "Feature", "properties": {"village_name": "Songgokerto", "district_name": "Batu", "kecamatan": "Batu", "kabupaten": "Kota Batu", "provinsi": "Jawa Timur", "kode_desa": "35.79.01.1003", "last_updated": "2026-09-01T08:57:00.626128+00:00", "hourly_temp_today": [17.6, 17.0, 16.7, 16.1, 15.5, 14.6, 14.7, 19.3, 20.9, 23.4, 25.5, 26.5, 26.8, 26.9, 27.2, 26.1, 24.1, 21.9, 19.9, 18.9, 18.3, 17.7, 17.2, 16.8], "suhu_current": 26.1, "suhu_siang_1200": 26.8, "suhu_malam_2400": 17.6}, "geometry": {"coordinates": [[[[112.49470474500004, -7.8540834209999275, 0.0], [112.49478870900009, -7.854080130999932, 0.0], [112.49483681200002, -7.854112857999951, 0.0], [112.4949421450001, -7.854214165999963, 0.0], [112.49503541800004, -7.85429757299994, 0.0], [112.49513463500011, -7.854366005999964, 0.0], [112.49523887900011, -7.854492298999958, 0.0], [112.49530500000003, -7.85470399999997, 0.0], [112.49543168800005, -7.854817252999965, 0.0], [112.49563814200008, -7.8550447319999535, 0.0], [112.49591215300006, -7.855749333999938, 0.0], [112.49606883100012, -7.856152217999977, 0.0], [112.49645789100009, -7.856172655999956, 0.0], [112.4967211280001, -7.855980315999943, 0.0], [112.49676804400008, -7.855681082999979, 0.0], [112.49689906200001, -7.855417436999971, 0.0], [112.49685026300006, -7.855190320999952, 0.0], [112.49701752800001, -7.854998321999972, 0.0], [112.49736495400009, -7.854865495999945, 0.0], [112.4976200000001, -7.854848999999945, 0.0], [112.49787352200008, -7.856179575999931, 0.0], [112.49800694200007, -7.856585829999972, 0.0], [112.49822760600011, -7.856999259999952, 0.0], [112.49833225900011, -7.857077839999931, 0.0], [112.49840457300002, -7.857170890999953, 0.0], [112.49848057600002, -7.8572890509999525, 0.0], [112.49857828800009, -7.857439430999932, 0.0], [112.49867598800006, -7.857586223999931, 0.0], [112.498731066, -7.857891074999941, 0.0], [112.49884935000011, -7.858181482999953, 0.0], [112.49876847300004, -7.858285708999972, 0.0], [112.49867157000006, -7.858361418999948, 0.0], [112.49863586400011, -7.858440499999972, 0.0], [112.49863378500004, -7.858508859999972, 0.0], [112.49880369800007, -7.858875062999971, 0.0], [112.49889448300007, -7.859100832999957, 0.0], [112.49908488100004, -7.859779353999954, 0.0], [112.49913847500011, -7.859743796999965, 0.0], [112.49935607300006, -7.859689294999953, 0.0], [112.49943825100002, -7.85968424899994, 0.0], [112.49957293700004, -7.859678949999932, 0.0], [112.50003642900003, -7.859394019999968, 0.0], [112.50039798800003, -7.85905394599996, 0.0], [112.50074450400007, -7.858767610999962, 0.0], [112.50108076100003, -7.858559472999957, 0.0], [112.50121891700007, -7.858473956999944, 0.0], [112.50131901600002, -7.858430512999973, 0.0], [112.50176981100003, -7.858352340999943, 0.0], [112.50230910100004, -7.858282995999957, 0.0], [112.5024212400001, -7.858287805999964, 0.0], [112.50276805400006, -7.8583851389999495, 0.0], [112.50283339100008, -7.858405958999981, 0.0], [112.50332113000002, -7.858459720999974, 0.0], [112.5034821160001, -7.858456254999965, 0.0], [112.50372984, -7.858425059999945, 0.0], [112.50378408400002, -7.8591276209999705, 0.0], [112.50381099100002, -7.85910359899998, 0.0], [112.50387990600007, -7.859085407999942, 0.0], [112.50390504100005, -7.859057002999975, 0.0], [112.50413340300008, -7.859308329999976, 0.0], [112.50424004000001, -7.8593980039999565, 0.0], [112.5044064330001, -7.859259002999977, 0.0], [112.50450260200012, -7.859069732999956, 0.0], [112.50466640200011, -7.859041829999967, 0.0], [112.50479965200009, -7.858965686999966, 0.0], [112.50489007100009, -7.85900851699995, 0.0], [112.50500428500004, -7.859060864999947, 0.0], [112.50517560700007, -7.859179838999978, 0.0], [112.50525650800012, -7.859208391999971, 0.0], [112.50534571900005, -7.859199735999937, 0.0], [112.50554663500009, -7.859025319999944, 0.0], [112.50572063300001, -7.858971581999981, 0.0], [112.5058608920001, -7.858932373999949, 0.0], [112.50597391200006, -7.858946269999933, 0.0], [112.50603242600005, -7.858999325999946, 0.0], [112.50618135000002, -7.858983806999959, 0.0], [112.5063061190001, -7.858984555999939, 0.0], [112.50641072200006, -7.859048778999977, 0.0], [112.5065271410001, -7.859070383999949, 0.0], [112.50660985800005, -7.859046270999954, 0.0], [112.50665027900004, -7.858944443999974, 0.0], [112.50671170100009, -7.858876595999959, 0.0], [112.50677936300008, -7.858818159999942, 0.0], [112.50694469100006, -7.8587483969999425, 0.0], [112.50694885500002, -7.8589050919999295, 0.0], [112.50684885800001, -7.858987034999927, 0.0], [112.50678226500008, -7.859083453999972, 0.0], [112.50676510100004, -7.859114379999937, 0.0], [112.50673579400006, -7.8591711869999585, 0.0], [112.50666664700009, -7.859231445999967, 0.0], [112.50661578100005, -7.859264525999947, 0.0], [112.50654389900001, -7.859291698999925, 0.0], [112.50645395700008, -7.859300993999966, 0.0], [112.50644291600008, -7.85934476999995, 0.0], [112.50646814200002, -7.8594202839999525, 0.0], [112.50652593600012, -7.8594784529999515, 0.0], [112.5066143030001, -7.859498233999943, 0.0], [112.50668565600006, -7.859512498999948, 0.0], [112.50672761200008, -7.859503376999953, 0.0], [112.50693741100008, -7.85946374699995, 0.0], [112.50695234200009, -7.859445748999974, 0.0], [112.50701820500001, -7.85941261499994, 0.0], [112.50711301800004, -7.8594017009999675, 0.0], [112.5071477240001, -7.859444641999971, 0.0], [112.50719789900006, -7.859524126999929, 0.0], [112.50725855600001, -7.859528387999944, 0.0], [112.50738791100002, -7.859487383999976, 0.0], [112.50750688400001, -7.859517126999947, 0.0], [112.50775939500011, -7.859533362999969, 0.0], [112.50801148500011, -7.859444412999949, 0.0], [112.50824818700005, -7.859346905999928, 0.0], [112.50839213600011, -7.859343517999946, 0.0], [112.50860282200006, -7.859416609999926, 0.0], [112.50869534900005, -7.8595253769999545, 0.0], [112.50878399300007, -7.8596217159999355, 0.0], [112.50887543300007, -7.859695076999969, 0.0], [112.5090685130001, -7.85974319099995, 0.0], [112.50910726900008, -7.8598444949999475, 0.0], [112.50911525400011, -7.859929639999962, 0.0], [112.50914606600008, -7.860021659999973, 0.0], [112.50922541300008, -7.860136914999941, 0.0], [112.50930607200007, -7.860148109999955, 0.0], [112.5093493600001, -7.860175706999939, 0.0], [112.50941955500002, -7.860277153999959, 0.0], [112.50944194300007, -7.860299784999938, 0.0], [112.5094593870001, -7.860346615999958, 0.0], [112.50945622400002, -7.860441547999926, 0.0], [112.509458601, -7.860458845999972, 0.0], [112.50949257800005, -7.860501531999944, 0.0], [112.509531089, -7.860534887999961, 0.0], [112.50959930200008, -7.86055474099993, 0.0], [112.50968959500005, -7.860576426999955, 0.0], [112.5097816010001, -7.860605063999969, 0.0], [112.50983409100002, -7.860640154999942, 0.0], [112.50984907400004, -7.860650171999964, 0.0], [112.50985279400004, -7.860652658999982, 0.0], [112.5098761590001, -7.860744447999934, 0.0], [112.50990388700006, -7.860787970999979, 0.0], [112.50993968800003, -7.860795896999946, 0.0], [112.50998375300003, -7.860772770999972, 0.0], [112.51010848900012, -7.860764665999966, 0.0], [112.51016241400009, -7.860814236999943, 0.0], [112.51015910300009, -7.860874028999945, 0.0], [112.51015881100011, -7.860879325999974, 0.0], [112.51015158200005, -7.860917548999964, 0.0], [112.510139976, -7.860978921999958, 0.0], [112.51014004900003, -7.8609992929999635, 0.0], [112.51014028000009, -7.861063137999963, 0.0], [112.51019424700007, -7.861124191999977, 0.0], [112.5102595840001, -7.861145011999952, 0.0], [112.51039010000011, -7.861142628999971, 0.0], [112.51051532400004, -7.8611508879999406, 0.0], [112.51055521400008, -7.86115351899997, 0.0], [112.5106417070001, -7.861185745999933, 0.0], [112.51091507400008, -7.861262564999947, 0.0], [112.510991407, -7.861284016999946, 0.0], [112.51106677400003, -7.861306086999946, 0.0], [112.51106379300006, -7.86150629499997, 0.0], [112.51103365800009, -7.861798289999967, 0.0], [112.51095861100009, -7.862277062999965, 0.0], [112.51071359600007, -7.863525642999946, 0.0], [112.5106583910001, -7.863806788999966, 0.0], [112.51056045400003, -7.864539471999933, 0.0], [112.51049857400005, -7.86527205699997, 0.0], [112.51048940600003, -7.865390518999959, 0.0], [112.51036847600005, -7.866373825999972, 0.0], [112.51003128700006, -7.866255442999943, 0.0], [112.50880708600005, -7.865825638999979, 0.0], [112.50878225500003, -7.86588921799995, 0.0], [112.50869800400005, -7.866145519999975, 0.0], [112.50861460400006, -7.866388774999962, 0.0], [112.50851289200011, -7.866349285999945, 0.0], [112.50837135900008, -7.866748035999933, 0.0], [112.50833981500011, -7.866813944999933, 0.0], [112.50831669400009, -7.866862253999955, 0.0], [112.50808450200009, -7.867677740999966, 0.0], [112.50811356200006, -7.867751804999955, 0.0], [112.50800908000008, -7.868053637999935, 0.0], [112.5079267860001, -7.8681879149999645, 0.0], [112.50784127500003, -7.8683092899999565, 0.0], [112.50762852500009, -7.868316965999952, 0.0], [112.50731324600008, -7.868400246999954, 0.0], [112.5069157800001, -7.868500304999941, 0.0], [112.50695906600004, -7.868653370999937, 0.0], [112.5070094240001, -7.868844830999933, 0.0], [112.50702385200009, -7.868972167999971, 0.0], [112.50685687500004, -7.8690774399999555, 0.0], [112.50664920600002, -7.869214541999952, 0.0], [112.50661895300004, -7.869271957999956, 0.0], [112.5064785400001, -7.869391130999929, 0.0], [112.50625474700007, -7.869543859999965, 0.0], [112.5061823310001, -7.869666268999936, 0.0], [112.5060962440001, -7.869746966999969, 0.0], [112.50599667200004, -7.869814314999928, 0.0], [112.50585900700003, -7.869964101999926, 0.0], [112.50570772600008, -7.8700641739999355, 0.0], [112.50562383300007, -7.870154433999971, 0.0], [112.505297272, -7.8704199799999515, 0.0], [112.50507124300009, -7.870618173999958, 0.0], [112.50502700200002, -7.870659004999936, 0.0], [112.50496592100001, -7.870687934999978, 0.0], [112.50486442200008, -7.870819887999971, 0.0], [112.50481549900007, -7.870893034999938, 0.0], [112.50467753300006, -7.871062454999958, 0.0], [112.50457917200004, -7.871096688999955, 0.0], [112.50445691700008, -7.871128708999947, 0.0], [112.50437008800009, -7.871136675999935, 0.0], [112.50425504600003, -7.8711729759999685, 0.0], [112.50421441200001, -7.8712161879999485, 0.0], [112.50417392500003, -7.8713000709999505, 0.0], [112.5040834670001, -7.871336375999931, 0.0], [112.50401612500002, -7.871292594999943, 0.0], [112.50394888700009, -7.871277523999936, 0.0], [112.50390645100003, -7.871220255999958, 0.0], [112.50385842200001, -7.871208943999932, 0.0], [112.5037843020001, -7.871226927999942, 0.0], [112.503689871, -7.871310990999973, 0.0], [112.50363623200008, -7.871303864999959, 0.0], [112.50361457200006, -7.8713652339999385, 0.0], [112.50360564900006, -7.8714366179999615, 0.0], [112.5035818550001, -7.871525847999976, 0.0], [112.50357029500003, -7.87154731499993, 0.0], [112.50354021500004, -7.8716031799999655, 0.0], [112.50346507000006, -7.871642015999953, 0.0], [112.50333796000007, -7.871728101999963, 0.0], [112.50329244800002, -7.871752482999966, 0.0], [112.50317139800006, -7.8718173309999315, 0.0], [112.50297806600008, -7.87193333099998, 0.0], [112.50285903400004, -7.871932195999932, 0.0], [112.50284028700003, -7.872056674999953, 0.0], [112.50273865600002, -7.87208574999994, 0.0], [112.502555443, -7.872095363999961, 0.0], [112.50238599700003, -7.872234392999928, 0.0], [112.50226919600004, -7.872315199999946, 0.0], [112.50216762800005, -7.872361499999954, 0.0], [112.50205246000007, -7.872285237999961, 0.0], [112.50190243200007, -7.872278231999928, 0.0], [112.50176424100005, -7.872282555999959, 0.0], [112.5015570710001, -7.872321577999969, 0.0], [112.50152047000006, -7.872285341999941, 0.0], [112.501476335, -7.872289328999955, 0.0], [112.50138206500003, -7.872230330999969, 0.0], [112.50129442000002, -7.872164218999956, 0.0], [112.50117691300011, -7.8721878159999505, 0.0], [112.50104527600001, -7.872274209999944, 0.0], [112.5010251220001, -7.872308382999961, 0.0], [112.50078544500002, -7.872714765999945, 0.0], [112.50070204500003, -7.872790408999947, 0.0], [112.50050419000002, -7.872969858999966, 0.0], [112.5004350910001, -7.873024907999934, 0.0], [112.50020188300005, -7.873156514999948, 0.0], [112.50012702000004, -7.87318967899995, 0.0], [112.49970166500009, -7.873340733999953, 0.0], [112.49961014500002, -7.873364951999974, 0.0], [112.49957271500011, -7.873365085999978, 0.0], [112.49952532000009, -7.873396836999973, 0.0], [112.49945209500004, -7.873451647999957, 0.0], [112.49922191700011, -7.873498408999978, 0.0], [112.49911570400002, -7.873587789999931, 0.0], [112.49909868700001, -7.873659626999938, 0.0], [112.49903291200008, -7.873784751999949, 0.0], [112.49900138500004, -7.873825058999955, 0.0], [112.4989496290001, -7.873845340999935, 0.0], [112.49888648100011, -7.873900116999948, 0.0], [112.4988262280001, -7.873959188999947, 0.0], [112.49880915400001, -7.874015233999955, 0.0], [112.49856227400005, -7.874221395999939, 0.0], [112.49849162200007, -7.874198763999971, 0.0], [112.49813521400006, -7.874504558999945, 0.0], [112.49804439500008, -7.874582480999948, 0.0], [112.49784081100006, -7.87475715599993, 0.0], [112.49738395300005, -7.874985582999955, 0.0], [112.49706986500007, -7.875252082999964, 0.0], [112.49707179500001, -7.8752550679999445, 0.0], [112.49704324200002, -7.8754834959999584, 0.0], [112.49691951000011, -7.8757785489999605, 0.0], [112.49658703300008, -7.876256817999945, 0.0], [112.49658783000007, -7.876300255999979, 0.0], [112.49659598400001, -7.876744861999953, 0.0], [112.4966011360001, -7.876753175999966, 0.0], [112.49673355000004, -7.876966875999926, 0.0], [112.49674541700006, -7.87726470399997, 0.0], [112.49675882000008, -7.877428919999943, 0.0], [112.49677177100011, -7.877587600999959, 0.0], [112.49684094100007, -7.87780627099994, 0.0], [112.49696389100006, -7.877967326999965, 0.0], [112.49718274300005, -7.877772749999963, 0.0], [112.49731169300003, -7.877600027999961, 0.0], [112.49737990900007, -7.877553129999967, 0.0], [112.49744419400008, -7.877426471999968, 0.0], [112.49754788200005, -7.877222180999979, 0.0], [112.49786676300005, -7.877020069999958, 0.0], [112.49810197200009, -7.876836745999981, 0.0], [112.49816250300012, -7.876753175999966, 0.0], [112.49849549400005, -7.876293440999973, 0.0], [112.49859190500001, -7.876160334999952, 0.0], [112.49929071000008, -7.8753174599999625, 0.0], [112.49937922200002, -7.875242975999981, 0.0], [112.49964748200011, -7.875110426999981, 0.0], [112.49995230200011, -7.875135653999962, 0.0], [112.50028640500011, -7.875297150999927, 0.0], [112.50030633200004, -7.875500443999954, 0.0], [112.50035061500012, -7.875804136999932, 0.0], [112.5003152270001, -7.875971740999944, 0.0], [112.50016712700005, -7.876156494999975, 0.0], [112.50002351400008, -7.876255102999949, 0.0], [112.49988818400004, -7.876210128999958, 0.0], [112.49960500200007, -7.876196786999969, 0.0], [112.49925484200003, -7.876241104999963, 0.0], [112.49919751400012, -7.876290930999971, 0.0], [112.4990060770001, -7.876457320999975, 0.0], [112.4987945790001, -7.876753175999966, 0.0], [112.49838534300011, -7.877325635999966, 0.0], [112.49854036300007, -7.8773968579999405, 0.0], [112.4985662260001, -7.87742246199997, 0.0], [112.49860658400007, -7.877462415999958, 0.0], [112.49877465100008, -7.877491721999945, 0.0], [112.49887809500001, -7.877481032999981, 0.0], [112.49889458000007, -7.8774793299999715, 0.0], [112.49893119300009, -7.877467407999973, 0.0], [112.49908031900009, -7.877418851999948, 0.0], [112.4992541260001, -7.8773763609999605, 0.0], [112.49938046200009, -7.877477591999934, 0.0], [112.49947706300009, -7.877650704999951, 0.0], [112.49952152300011, -7.877871834999951, 0.0], [112.49939466700005, -7.878344744999936, 0.0], [112.49931434900009, -7.878644165999958, 0.0], [112.49933916200007, -7.878871366999931, 0.0], [112.49948413900006, -7.879151969999953, 0.0], [112.49964717700004, -7.879450452999947, 0.0], [112.49967183900003, -7.8796357859999375, 0.0], [112.49968478400001, -7.8798989169999345, 0.0], [112.49946606500009, -7.880796897999971, 0.0], [112.49940636400004, -7.880845848999968, 0.0], [112.4991729940001, -7.881037198999934, 0.0], [112.4990119790001, -7.881300952999936, 0.0], [112.49851514900001, -7.881595815999958, 0.0], [112.49816729300005, -7.881615002999979, 0.0], [112.49786108500007, -7.881538340999953, 0.0], [112.4975552620001, -7.881569340999931, 0.0], [112.49726748, -7.881612238999935, 0.0], [112.49651196400009, -7.881838588999926, 0.0], [112.49594199300009, -7.882009348999929, 0.0], [112.4960983100001, -7.882369461999929, 0.0], [112.4964355730001, -7.883146430999943, 0.0], [112.49685106600009, -7.883920124999975, 0.0], [112.49692359200003, -7.884078817999978, 0.0], [112.49700113100005, -7.884248477999961, 0.0], [112.49719731500011, -7.884677741999951, 0.0], [112.49712503600006, -7.885373803999926, 0.0], [112.49711547200002, -7.8854676289999475, 0.0], [112.49709594800004, -7.885659162999957, 0.0], [112.49701378500004, -7.8864651959999605, 0.0], [112.49699277500008, -7.886691958999961, 0.0], [112.49695441900008, -7.887105946999952, 0.0], [112.49692595500005, -7.887413160999927, 0.0], [112.4969029130001, -7.887661856999955, 0.0], [112.49658817700004, -7.888218047999942, 0.0], [112.49596492900002, -7.888392538999938, 0.0], [112.49550605000002, -7.888901394999948, 0.0], [112.495239233, -7.889438274999975, 0.0], [112.49511332300006, -7.8894732829999725, 0.0], [112.49505301400006, -7.889498611999954, 0.0], [112.49412159500002, -7.889889792999952, 0.0], [112.49377263300005, -7.890036350999935, 0.0], [112.49373706300003, -7.890051289999974, 0.0], [112.49340495000001, -7.890104790999942, 0.0], [112.4918908620001, -7.890348699999947, 0.0], [112.48988649900002, -7.8904192929999795, 0.0], [112.48609461800004, -7.8905331049999745, 0.0], [112.48550281400003, -7.890550863999977, 0.0], [112.48426803200005, -7.890435587999946, 0.0], [112.48334250500011, -7.89034917999993, 0.0], [112.48257392500011, -7.890144937999935, 0.0], [112.47845620900011, -7.889005968999982, 0.0], [112.4784419230001, -7.888927528999943, 0.0], [112.47847105500011, -7.888749773999962, 0.0], [112.47855949000007, -7.88857207999996, 0.0], [112.47876684000005, -7.888334567999948, 0.0], [112.47892942700003, -7.88812695799993, 0.0], [112.47914966300004, -7.887475239999958, 0.0], [112.4791191170001, -7.88714996799996, 0.0], [112.47907330200007, -7.886883695999927, 0.0], [112.47886362300005, -7.8863814039999625, 0.0], [112.47892054300007, -7.886237000999927, 0.0], [112.47951392000004, -7.886042605999933, 0.0], [112.47972112800005, -7.885849665999956, 0.0], [112.47991381400004, -7.885715903999937, 0.0], [112.4800766090001, -7.885567329999958, 0.0], [112.48020983000004, -7.885492904999978, 0.0], [112.48037259500006, -7.88531467699994, 0.0], [112.48060935500007, -7.885062504999951, 0.0], [112.48080128100003, -7.884736265999948, 0.0], [112.48084488100005, -7.884484685999951, 0.0], [112.48121430300012, -7.8839803469999765, 0.0], [112.48147982300009, -7.8834468119999315, 0.0], [112.48165661200005, -7.883091153999942, 0.0], [112.48198285900003, -7.882853219999959, 0.0], [112.48220477400002, -7.882675053999947, 0.0], [112.48257498300006, -7.882392663999951, 0.0], [112.48272309700008, -7.882258968999963, 0.0], [112.48303471100007, -7.882154257999957, 0.0], [112.48310875800007, -7.882094867999967, 0.0], [112.48438968000005, -7.8810449409999705, 0.0], [112.48510044700004, -7.8804506099999685, 0.0], [112.48547023000003, -7.880049965999945, 0.0], [112.48582575600005, -7.879782453999951, 0.0], [112.48629952500005, -7.879351786999962, 0.0], [112.48671415100011, -7.878965628999936, 0.0], [112.48723183100003, -7.87837198099993, 0.0], [112.48763137200001, -7.877971229999957, 0.0], [112.4877782860001, -7.877586021999946, 0.0], [112.48777601500001, -7.876949918999969, 0.0], [112.48780350700008, -7.87631370899993, 0.0], [112.48786358400002, -7.874687595999944, 0.0], [112.48776956100005, -7.873297452999964, 0.0], [112.48758763000001, -7.8721885189999625, 0.0], [112.48738994000007, -7.8709169959999485, 0.0], [112.48732791600003, -7.870236623999972, 0.0], [112.4873278550001, -7.869087173999958, 0.0], [112.4874052130001, -7.86819556599994, 0.0], [112.48755639300009, -7.8676648769999815, 0.0], [112.48769919400002, -7.866965605999951, 0.0], [112.48773755700006, -7.866483593999931, 0.0], [112.48768040200002, -7.865931221999972, 0.0], [112.48756565600002, -7.865417567999941, 0.0], [112.48751281700004, -7.865299590999939, 0.0], [112.48766163500011, -7.864861940999958, 0.0], [112.4877412830001, -7.864549749999981, 0.0], [112.4879711860001, -7.864203214999975, 0.0], [112.48796385900005, -7.863972880999938, 0.0], [112.48793732100012, -7.863723266999955, 0.0], [112.48798798500002, -7.863524641999959, 0.0], [112.48820541400005, -7.863287001999936, 0.0], [112.48849309500008, -7.862933841999961, 0.0], [112.48858703400003, -7.862267743999951, 0.0], [112.48859197500008, -7.86187074399993, 0.0], [112.48866137200002, -7.861515193999935, 0.0], [112.4887247370001, -7.861271680999948, 0.0], [112.48863430900008, -7.861118397999974, 0.0], [112.48836341000003, -7.860976783999945, 0.0], [112.48825011600002, -7.860912001999964, 0.0], [112.48813455200002, -7.860776707999946, 0.0], [112.488121664, -7.8604964889999565, 0.0], [112.48806832100001, -7.860153035999929, 0.0], [112.4873511720001, -7.859323639999957, 0.0], [112.48702590000005, -7.858863618999976, 0.0], [112.48681208100004, -7.858665476999931, 0.0], [112.48734142900003, -7.858645431999946, 0.0], [112.48780392100002, -7.858707802999959, 0.0], [112.48804859900008, -7.858898963999934, 0.0], [112.48830547000011, -7.858923638999954, 0.0], [112.48872927000002, -7.858934975999944, 0.0], [112.48896053900012, -7.858972579999943, 0.0], [112.4892048690001, -7.859086893999972, 0.0], [112.48955165000007, -7.859098501999938, 0.0], [112.4898336220001, -7.858969483999942, 0.0], [112.49002537600006, -7.858725515999936, 0.0], [112.49016439000002, -7.858097590999932, 0.0], [112.49012451100009, -7.857713678999971, 0.0], [112.49013632100002, -7.857419086999926, 0.0], [112.49030258100004, -7.857239308999965, 0.0], [112.49058476300002, -7.857148622999944, 0.0], [112.49081525500003, -7.85696861699995, 0.0], [112.49100665900005, -7.856647801999941, 0.0], [112.49114653900006, -7.856263161999948, 0.0], [112.49124836600004, -7.856006764999961, 0.0], [112.49142716600011, -7.85573725699993, 0.0], [112.49152115300001, -7.8554628969999385, 0.0], [112.49184858500007, -7.855103266999947, 0.0], [112.49223814200002, -7.854886712999928, 0.0], [112.49245769800007, -7.85478576099996, 0.0], [112.49284454400004, -7.854752382999948, 0.0], [112.49297339300006, -7.854671552999946, 0.0], [112.49323908100007, -7.85459041699994, 0.0], [112.49356913300005, -7.8544205429999465, 0.0], [112.49381089200006, -7.854339311999979, 0.0], [112.49400417900006, -7.854274434999979, 0.0], [112.4942213490001, -7.854217428999959, 0.0], [112.49443084500001, -7.854168496999932, 0.0], [112.49455145700006, -7.854063646999975, 0.0], [112.49461558000007, -7.853991182999948, 0.0], [112.49470474500004, -7.8540834209999275, 0.0]]]], "type": "MultiPolygon"}}, {"type": "Feature", "properties": {"village_name": "Sisir", "district_name": "Batu", "kecamatan": "Batu", "kabupaten": "Kota Batu", "provinsi": "Jawa Timur", "kode_desa": "35.79.01.1004", "last_updated": "2026-09-01T08:57:00.626128+00:00", "hourly_temp_today": [18.6, 17.9, 17.4, 17.1, 16.6, 15.9, 16.2, 19.7, 21.5, 23.7, 25.4, 26.7, 27.5, 27.6, 27.1, 26.3, 24.7, 22.6, 21.1, 20.3, 19.7, 18.8, 18.1, 17.5], "suhu_current": 26.3, "suhu_siang_1200": 27.5, "suhu_malam_2400": 18.6}, "geometry": {"coordinates": [[[[112.52042091900012, -7.852899175999937, 0.0], [112.52049772700002, -7.853039576999947, 0.0], [112.52054071700002, -7.853414677999979, 0.0], [112.52054701200007, -7.85346960499993, 0.0], [112.52063267200003, -7.853602854999963, 0.0], [112.52072309300002, -7.853688514999931, 0.0], [112.52083730600009, -7.853731345999961, 0.0], [112.52111345100002, -7.853769477999947, 0.0], [112.52126602300007, -7.8538346099999785, 0.0], [112.52135221000003, -7.854001124999968, 0.0], [112.52127116700001, -7.85421338499998, 0.0], [112.52125631600006, -7.854252280999958, 0.0], [112.52120051800011, -7.854430906999937, 0.0], [112.5211934670001, -7.854453477999925, 0.0], [112.52120295300006, -7.854712756999959, 0.0], [112.52120472400009, -7.854761164999957, 0.0], [112.52120545700006, -7.8547812089999525, 0.0], [112.52132965200008, -7.855284381999979, 0.0], [112.52134712400004, -7.855326298999955, 0.0], [112.52142436500003, -7.855511616999934, 0.0], [112.5214819040001, -7.85564966499993, 0.0], [112.52160738300006, -7.855693610999936, 0.0], [112.52175619000002, -7.85570742799996, 0.0], [112.52196047500001, -7.85567032199998, 0.0], [112.52208764600005, -7.855540665999968, 0.0], [112.52212137800007, -7.8555090929999665, 0.0], [112.52221389800002, -7.855422497999939, 0.0], [112.52234679300011, -7.855283250999946, 0.0], [112.52239923900004, -7.855247187999964, 0.0], [112.52251049400002, -7.855170688999976, 0.0], [112.52259810800001, -7.855111432999934, 0.0], [112.52264093800011, -7.855106672999966, 0.0], [112.52275039300002, -7.855154262999974, 0.0], [112.52277894600002, -7.8552541999999335, 0.0], [112.52273484700004, -7.855286940999974, 0.0], [112.52269106500012, -7.855342144999952, 0.0], [112.52263776600012, -7.855433516999938, 0.0], [112.5226059900001, -7.855620287999955, 0.0], [112.52261432800003, -7.85577677699996, 0.0], [112.52261581300002, -7.855796489999932, 0.0], [112.52274245700005, -7.855946708999966, 0.0], [112.5228169940001, -7.856004214999928, 0.0], [112.52282268400006, -7.856008603999953, 0.0], [112.52282909700011, -7.8560109839999654, 0.0], [112.52286310300008, -7.856023594999954, 0.0], [112.52301274700005, -7.856031624999957, 0.0], [112.52320586700012, -7.856097978999969, 0.0], [112.52326927900003, -7.85619528999996, 0.0], [112.52332685700003, -7.8563110609999285, 0.0], [112.52334398900007, -7.8564462149999486, 0.0], [112.52334589300006, -7.85653377899996, 0.0], [112.52332114600006, -7.856600403999948, 0.0], [112.5232602320001, -7.856649896999954, 0.0], [112.52318789700007, -7.856712714999958, 0.0], [112.5231041400001, -7.8567812429999435, 0.0], [112.523049979, -7.85683338299998, 0.0], [112.52301276900005, -7.856936326999971, 0.0], [112.52303370800007, -7.857000153999934, 0.0], [112.523052688, -7.857063147999952, 0.0], [112.52317777500002, -7.85717697299998, 0.0], [112.52328878600008, -7.857430359999967, 0.0], [112.52330165500007, -7.857466670999941, 0.0], [112.52334208600007, -7.857580741999925, 0.0], [112.52335160400003, -7.857774906999964, 0.0], [112.52334594800004, -7.857808348999981, 0.0], [112.52332538600001, -7.857929945999956, 0.0], [112.52327691200003, -7.85805931799996, 0.0], [112.52322325500006, -7.85808338399994, 0.0], [112.52317820200005, -7.858096767999939, 0.0], [112.52307487300004, -7.858089546999963, 0.0], [112.52300218900007, -7.8579955019999375, 0.0], [112.52292301800003, -7.857912235999947, 0.0], [112.52280337600007, -7.857864373999973, 0.0], [112.5227451830001, -7.857870322999929, 0.0], [112.52264652400004, -7.857923314999937, 0.0], [112.52251139600003, -7.858239615999935, 0.0], [112.52256487300008, -7.85845767099994, 0.0], [112.522588799, -7.858526741999981, 0.0], [112.52260672400007, -7.858578488999967, 0.0], [112.52269816400008, -7.858722916999966, 0.0], [112.5227803360001, -7.858825665999973, 0.0], [112.52293980900004, -7.858865703999982, 0.0], [112.52333832000011, -7.858868303999941, 0.0], [112.52358104200005, -7.85888251199998, 0.0], [112.52386904700006, -7.858929859999932, 0.0], [112.52399786900003, -7.858989683999937, 0.0], [112.52401975600003, -7.85905220099994, 0.0], [112.5240311770001, -7.8591283439999415, 0.0], [112.52401404500006, -7.859202582999956, 0.0], [112.5240292740001, -7.8592501719999746, 0.0], [112.52401404600005, -7.859311085999934, 0.0], [112.52397407000001, -7.859370096999953, 0.0], [112.52392793900003, -7.859519622999926, 0.0], [112.52391749900005, -7.85966450199993, 0.0], [112.5239090340001, -7.859861981999927, 0.0], [112.52390123900011, -7.8600438509999435, 0.0], [112.52389613300011, -7.860244604999934, 0.0], [112.52389484200012, -7.860295367999981, 0.0], [112.52393274200006, -7.860431791999929, 0.0], [112.52400068300005, -7.86047422799993, 0.0], [112.52403926300008, -7.86049832599997, 0.0], [112.52422534200002, -7.860401830999933, 0.0], [112.52434706700001, -7.860284497999942, 0.0], [112.52442655700008, -7.860242679999942, 0.0], [112.52464060000011, -7.860130074999972, 0.0], [112.5247335570001, -7.860084295999968, 0.0], [112.52488558800007, -7.8601114569999595, 0.0], [112.52493043000004, -7.860119467999937, 0.0], [112.52503371600005, -7.8602404759999445, 0.0], [112.52505786100005, -7.860268764999944, 0.0], [112.52510888400002, -7.860401282999931, 0.0], [112.52512573000001, -7.860477973999934, 0.0], [112.52507814, -7.860635969999976, 0.0], [112.5248497120001, -7.860965287999932, 0.0], [112.5243311260001, -7.861718369999949, 0.0], [112.52412857600007, -7.862008530999958, 0.0], [112.52411790100007, -7.862023822999959, 0.0], [112.524061888, -7.862104061999958, 0.0], [112.52401141400003, -7.862199419999968, 0.0], [112.52398372900007, -7.862251722999929, 0.0], [112.52401686600001, -7.862424522999959, 0.0], [112.52409771400005, -7.86255493799996, 0.0], [112.52430596600004, -7.862703602999943, 0.0], [112.5245052460001, -7.862870164999947, 0.0], [112.52483147400005, -7.86311732799993, 0.0], [112.5251149830001, -7.863194365999959, 0.0], [112.52518208700008, -7.863190248999956, 0.0], [112.52589199900001, -7.863146678999954, 0.0], [112.5260664760001, -7.863097594999942, 0.0], [112.52618050500007, -7.863119904999962, 0.0], [112.52624655600005, -7.863132827999948, 0.0], [112.52630092300001, -7.863237301999959, 0.0], [112.52634754400003, -7.863401180999972, 0.0], [112.5263094720001, -7.8636248509999405, 0.0], [112.52620449100004, -7.863921321999953, 0.0], [112.52626742600012, -7.864100998999959, 0.0], [112.52638110900011, -7.864114459999939, 0.0], [112.52664973300011, -7.864094206999937, 0.0], [112.5268000000001, -7.8640649999999255, 0.0], [112.52700199500009, -7.86415481399996, 0.0], [112.52723900800004, -7.864238158999967, 0.0], [112.52725701300005, -7.864244489999976, 0.0], [112.5274647540001, -7.864266305999934, 0.0], [112.52773540900012, -7.864189342999964, 0.0], [112.52787775800005, -7.8641299509999385, 0.0], [112.5279832540001, -7.864006313999937, 0.0], [112.52805694000006, -7.863919955999961, 0.0], [112.52820375500005, -7.8638805429999366, 0.0], [112.52833281700009, -7.86390698799994, 0.0], [112.52841108000007, -7.8639844599999265, 0.0], [112.5285463250001, -7.864061723999953, 0.0], [112.52878052200003, -7.864132645999973, 0.0], [112.52889786000003, -7.864233899999931, 0.0], [112.52891938000005, -7.864377370999932, 0.0], [112.5289097000001, -7.864406681999981, 0.0], [112.52888378500006, -7.864485162999927, 0.0], [112.52879874000007, -7.864626782999949, 0.0], [112.52878839200002, -7.864644013999964, 0.0], [112.52870492000011, -7.8647818869999355, 0.0], [112.52871740900002, -7.86491641899994, 0.0], [112.52879854000003, -7.864957991999972, 0.0], [112.52894796300006, -7.864971803999936, 0.0], [112.52904755700001, -7.864981009999951, 0.0], [112.52918047700007, -7.864971803999936, 0.0], [112.52950331700004, -7.864949443999933, 0.0], [112.52990508200003, -7.864915081999925, 0.0], [112.52997396100011, -7.864927974999944, 0.0], [112.53004614000008, -7.864941483999928, 0.0], [112.53016342500007, -7.864971803999936, 0.0], [112.53021725600001, -7.864985719999936, 0.0], [112.5303436260001, -7.865095912999948, 0.0], [112.53044313500004, -7.865242089999981, 0.0], [112.53125776800005, -7.865747523999971, 0.0], [112.5313007950001, -7.865764078999973, 0.0], [112.53141238500007, -7.865807011999948, 0.0], [112.53160433700009, -7.865808224999967, 0.0], [112.53188613200007, -7.86570766899996, 0.0], [112.53190214900008, -7.86570278399995, 0.0], [112.53219098900001, -7.865614684999969, 0.0], [112.53241172600008, -7.865613878999966, 0.0], [112.53267490200005, -7.865670337999973, 0.0], [112.53295774300011, -7.865834946999939, 0.0], [112.53301153000007, -7.865866249999954, 0.0], [112.53311357100006, -7.86595009399997, 0.0], [112.53312133700001, -7.865975747999926, 0.0], [112.53314077300001, -7.866039951999937, 0.0], [112.53311792900001, -7.866091712999946, 0.0], [112.53309837000006, -7.866098374999979, 0.0], [112.53296456300006, -7.866143951999959, 0.0], [112.53266134500007, -7.866177466999943, 0.0], [112.532588497, -7.8661855189999415, 0.0], [112.53248718000009, -7.866298813999947, 0.0], [112.53235773300003, -7.866592127999979, 0.0], [112.53235424400009, -7.866645992999963, 0.0], [112.5323268520001, -7.867068824999933, 0.0], [112.53241950600011, -7.86721012299995, 0.0], [112.5324831580001, -7.867294105999974, 0.0], [112.53261009500011, -7.867362545999981, 0.0], [112.53271790100007, -7.867448281999941, 0.0], [112.53298924900002, -7.867638690999968, 0.0], [112.53317146400002, -7.867601658999945, 0.0], [112.53324206900004, -7.867488474999959, 0.0], [112.53336047800008, -7.867325352999956, 0.0], [112.53354600400007, -7.867144759999974, 0.0], [112.53400405200011, -7.866951686999926, 0.0], [112.5343610000001, -7.866931241999964, 0.0], [112.53453383100009, -7.866796034999936, 0.0], [112.53472562600007, -7.866645992999963, 0.0], [112.53494661400009, -7.866473112999927, 0.0], [112.53534669700002, -7.866160125999954, 0.0], [112.53541762600003, -7.866134985999963, 0.0], [112.53544700500004, -7.866135870999926, 0.0], [112.53553088700005, -7.866138398999965, 0.0], [112.535638672, -7.866218391999951, 0.0], [112.53566212800001, -7.866333145999931, 0.0], [112.5357030780001, -7.866507168999931, 0.0], [112.53578480200008, -7.866645992999963, 0.0], [112.53583187600009, -7.866725954999936, 0.0], [112.53585373900012, -7.866763092999975, 0.0], [112.53596163700001, -7.866873708999947, 0.0], [112.53615960900004, -7.866945716999965, 0.0], [112.53632465400005, -7.866937456999949, 0.0], [112.53646823800011, -7.86690032599995, 0.0], [112.53659539400007, -7.866897467999934, 0.0], [112.53665332100002, -7.866990562999945, 0.0], [112.53665865700009, -7.867063793999932, 0.0], [112.53666848300008, -7.867198653999935, 0.0], [112.53660707800009, -7.867464444999939, 0.0], [112.53637705800008, -7.867880067999977, 0.0], [112.5363377430001, -7.8679511069999535, 0.0], [112.5363476230001, -7.868027629999972, 0.0], [112.5363789810001, -7.868072972999926, 0.0], [112.5366804570001, -7.8682023789999676, 0.0], [112.5368374630001, -7.868226206999964, 0.0], [112.53716274300007, -7.868206353999938, 0.0], [112.53737994800008, -7.8681581879999385, 0.0], [112.53747332500006, -7.868104731999949, 0.0], [112.53757976600002, -7.868079937999937, 0.0], [112.53767833300003, -7.868148332999965, 0.0], [112.5378440180001, -7.868362957999977, 0.0], [112.53790195500005, -7.868458445999977, 0.0], [112.53793704800012, -7.868514259999927, 0.0], [112.53783863600006, -7.868667289999962, 0.0], [112.537823204, -7.868692752999948, 0.0], [112.53777629000001, -7.8688138639999465, 0.0], [112.53773091500011, -7.868871450999961, 0.0], [112.53769029300008, -7.868917056999976, 0.0], [112.53763474400012, -7.868949670999939, 0.0], [112.53762295500007, -7.868955949999929, 0.0], [112.53752866500008, -7.869006171999956, 0.0], [112.53749586100002, -7.869057131999966, 0.0], [112.53744203100007, -7.869099197999958, 0.0], [112.53740012000003, -7.869120285999941, 0.0], [112.5373372250001, -7.869144439999957, 0.0], [112.53729832400006, -7.869168507999973, 0.0], [112.53730204600004, -7.8692560789999675, 0.0], [112.53731906200005, -7.869315828999959, 0.0], [112.5373384500001, -7.869368392999945, 0.0], [112.53735543100004, -7.869418572999962, 0.0], [112.53732453900011, -7.869500030999973, 0.0], [112.53729822600008, -7.869521658999929, 0.0], [112.53730557400002, -7.869562304999931, 0.0], [112.5373129840001, -7.869619697999951, 0.0], [112.53728697000008, -7.8697226699999305, 0.0], [112.53727890000005, -7.869751820999966, 0.0], [112.53727039500006, -7.869782542999928, 0.0], [112.53736036400005, -7.8698558309999385, 0.0], [112.53736036400005, -7.869941491999953, 0.0], [112.53743642600011, -7.8700198469999805, 0.0], [112.53747718700004, -7.870074415999966, 0.0], [112.5374774180001, -7.870074724999938, 0.0], [112.53751120300001, -7.870127234999927, 0.0], [112.5375042070001, -7.870182288999956, 0.0], [112.53747330600004, -7.870261352999933, 0.0], [112.5374760850001, -7.870364219999942, 0.0], [112.53749327700007, -7.870471818999931, 0.0], [112.53753922700002, -7.87056974199993, 0.0], [112.53757795100012, -7.8706605149999405, 0.0], [112.53758316200003, -7.870670384999926, 0.0], [112.53763594100008, -7.870770356999969, 0.0], [112.53767461300004, -7.870846774999961, 0.0], [112.53770119, -7.87089691999995, 0.0], [112.53774689300008, -7.870927854999934, 0.0], [112.537790169, -7.870951620999961, 0.0], [112.53782142200009, -7.870968252999944, 0.0], [112.5378454690001, -7.870982519999927, 0.0], [112.53785996200008, -7.871008784999958, 0.0], [112.5378930280001, -7.871038962999933, 0.0], [112.53803137200009, -7.870997971999941, 0.0], [112.53817116500011, -7.870923216999927, 0.0], [112.53828062100001, -7.870989841999972, 0.0], [112.5384424240001, -7.871046949999936, 0.0], [112.53851631200007, -7.87111731899995, 0.0], [112.53854236100005, -7.871142127999974, 0.0], [112.53858995000007, -7.871227787999942, 0.0], [112.53866609400006, -7.871370555999931, 0.0], [112.53870416400002, -7.8715323599999465, 0.0], [112.53885621100005, -7.87165977899997, 0.0], [112.53895908900006, -7.871840272999975, 0.0], [112.53902188300003, -7.872081204999972, 0.0], [112.53899170400007, -7.872095670999954, 0.0], [112.53904680700009, -7.872308063999981, 0.0], [112.53899398300007, -7.872323054999981, 0.0], [112.53904326200006, -7.8725142389999405, 0.0], [112.53910300000007, -7.87274599999995, 0.0], [112.53907429000003, -7.872900192999964, 0.0], [112.53911712000001, -7.872950161999938, 0.0], [112.53911427000003, -7.87296631199996, 0.0], [112.53910641300001, -7.873010837999971, 0.0], [112.5389208150001, -7.873249973999975, 0.0], [112.53873164700008, -7.8735497859999555, 0.0], [112.53850321900006, -7.873496247999981, 0.0], [112.53837472900011, -7.873474832999932, 0.0], [112.53827122100006, -7.873503385999982, 0.0], [112.53814273100011, -7.873578338999948, 0.0], [112.53800710100006, -7.873681845999954, 0.0], [112.53795356400008, -7.873706829999946, 0.0], [112.53793222400009, -7.873774406999928, 0.0], [112.5379321480001, -7.873774644999969, 0.0], [112.5379484230001, -7.87379001599993, 0.0], [112.53799639400006, -7.873835321999934, 0.0], [112.53807491600003, -7.873903135999967, 0.0], [112.5381391620001, -7.873913842999968, 0.0], [112.53821768300008, -7.873913842999968, 0.0], [112.53832832900002, -7.873910273999968, 0.0], [112.53844611200009, -7.8738924279999765, 0.0], [112.53855318800004, -7.873924550999959, 0.0], [112.53860672600001, -7.873985226999935, 0.0], [112.5386959550001, -7.874045903999956, 0.0], [112.53880660000004, -7.8741172879999795, 0.0], [112.53885656900002, -7.874181532999955, 0.0], [112.53887798400001, -7.874302884999963, 0.0], [112.53882801500004, -7.8743814079999765, 0.0], [112.53865312500011, -7.874438513999962, 0.0], [112.53865600000006, -7.8745609999999715, 0.0], [112.53873004200011, -7.874812688999953, 0.0], [112.53857110900003, -7.8749057609999795, 0.0], [112.53838699000005, -7.8750135799999725, 0.0], [112.53828549800005, -7.875098664999939, 0.0], [112.53822535500001, -7.875109590999955, 0.0], [112.53820612200002, -7.875113084999953, 0.0], [112.53812988900006, -7.8751305599999455, 0.0], [112.53798710400008, -7.875060775999941, 0.0], [112.53790209300007, -7.875040990999935, 0.0], [112.53778571600003, -7.875104578999981, 0.0], [112.53765199600002, -7.875149568999973, 0.0], [112.53755184300007, -7.875129625999932, 0.0], [112.53740774500011, -7.8751018849999355, 0.0], [112.53707641000005, -7.874978702999954, 0.0], [112.53689400500002, -7.874965016999965, 0.0], [112.53671008700007, -7.874896073999935, 0.0], [112.53663772200002, -7.87486324799994, 0.0], [112.53657088600005, -7.874835856999937, 0.0], [112.53644444600002, -7.874728611999956, 0.0], [112.53631901900008, -7.874664105999955, 0.0], [112.53620765000005, -7.874605070999962, 0.0], [112.53615945000001, -7.874520605999976, 0.0], [112.53615588100001, -7.8744063909999795, 0.0], [112.53608449700005, -7.874281469999971, 0.0], [112.5360212170001, -7.874224735999974, 0.0], [112.53598099100009, -7.874188670999956, 0.0], [112.53585963800003, -7.874131563999981, 0.0], [112.53579182300007, -7.874138702999971, 0.0], [112.53572400900009, -7.874217223999949, 0.0], [112.5356990250001, -7.874317161999954, 0.0], [112.53563120900003, -7.874370699999929, 0.0], [112.53551342700007, -7.874399253999968, 0.0], [112.53536708900003, -7.874456360999943, 0.0], [112.53519219900011, -7.874492051999937, 0.0], [112.53503158600006, -7.8745598669999595, 0.0], [112.53484241800004, -7.874677649999967, 0.0], [112.53463183600002, -7.874791864999963, 0.0], [112.53448906800008, -7.874834693999958, 0.0], [112.53426931400008, -7.874867956999935, 0.0], [112.53434542200011, -7.874939297999958, 0.0], [112.5343825870001, -7.875030801999969, 0.0], [112.53454915000009, -7.875059354999962, 0.0], [112.53481565000004, -7.87510694499997, 0.0], [112.5351107030001, -7.8752068819999295, 0.0], [112.53537244400002, -7.875316336999958, 0.0], [112.53561191200004, -7.875468725999951, 0.0], [112.53563418400006, -7.875482898999962, 0.0], [112.53575315700004, -7.875635184999965, 0.0], [112.53584490100002, -7.87571375999994, 0.0], [112.53587519100006, -7.875794394999957, 0.0], [112.53588433200002, -7.875833239999963, 0.0], [112.53585939200002, -7.875885117999928, 0.0], [112.53583968500004, -7.875926111999945, 0.0], [112.5357648480001, -7.8759652639999445, 0.0], [112.53571397200005, -7.875995356999965, 0.0], [112.53565717400011, -7.876046404999954, 0.0], [112.53560937300006, -7.87609742099994, 0.0], [112.53554077800004, -7.876202342999932, 0.0], [112.53553204400009, -7.876274149999972, 0.0], [112.53555919100006, -7.876315918999978, 0.0], [112.53556833200003, -7.876354763999927, 0.0], [112.53555652300008, -7.876405647999945, 0.0], [112.53544430300008, -7.87651451499994, 0.0], [112.53553900000009, -7.876620999999943, 0.0], [112.53563637100001, -7.876505950999956, 0.0], [112.5357179560001, -7.876347958999929, 0.0], [112.53581069600011, -7.876250961999972, 0.0], [112.53587104700011, -7.876220116999946, 0.0], [112.53602551100005, -7.8762042389999465, 0.0], [112.53620053100008, -7.876165793999974, 0.0], [112.53669100000002, -7.87639699999994, 0.0], [112.53633374600008, -7.876779824999971, 0.0], [112.53643958800001, -7.8768389319999415, 0.0], [112.5365390180001, -7.87690949399996, 0.0], [112.53662822700005, -7.877026398999931, 0.0], [112.53669090200003, -7.877105120999943, 0.0], [112.53677304600001, -7.877257938999946, 0.0], [112.53679838300002, -7.877449096999953, 0.0], [112.53688340100007, -7.877807751999967, 0.0], [112.53692623200004, -7.878103994999947, 0.0], [112.53690404100007, -7.878114571999959, 0.0], [112.53691087000004, -7.878195288999962, 0.0], [112.53680665500008, -7.878221086999929, 0.0], [112.536534157, -7.878269841999952, 0.0], [112.53623920000007, -7.878316379999944, 0.0], [112.53610850900009, -7.878337194999972, 0.0], [112.53617836600006, -7.878862597999955, 0.0], [112.53620861400009, -7.879090107999957, 0.0], [112.5358216520001, -7.8791401659999565, 0.0], [112.53529295300007, -7.879232950999949, 0.0], [112.53474712800005, -7.879356793999932, 0.0], [112.53457552200007, -7.87918097599993, 0.0], [112.53327522900008, -7.879529872999967, 0.0], [112.5329050250001, -7.879625681999926, 0.0], [112.53274218000001, -7.879667825999945, 0.0], [112.53204286300002, -7.879924758999948, 0.0], [112.53112153600011, -7.8802369439999325, 0.0], [112.53021543800003, -7.880537706999974, 0.0], [112.52968296800009, -7.880692672999942, 0.0], [112.52859498600003, -7.8810093069999425, 0.0], [112.52797748300009, -7.881176753999966, 0.0], [112.52731677200006, -7.881355913999926, 0.0], [112.52725922000002, -7.881371520999949, 0.0], [112.52710263600011, -7.881430828999953, 0.0], [112.52699346800011, -7.88149797799997, 0.0], [112.5269138750001, -7.8815985729999625, 0.0], [112.52691310000012, -7.881714611999939, 0.0], [112.52691526800004, -7.882032484999968, 0.0], [112.5268240480001, -7.882027336999954, 0.0], [112.5267140850001, -7.882139705999975, 0.0], [112.52663330200005, -7.882250204999934, 0.0], [112.52653693400009, -7.882289466999964, 0.0], [112.52642271900004, -7.882367988999931, 0.0], [112.52632035900001, -7.882408143999953, 0.0], [112.52617410000005, -7.882437386999925, 0.0], [112.5260793970001, -7.8824580679999485, 0.0], [112.52596311700006, -7.882483612999977, 0.0], [112.52585164900006, -7.882507186999931, 0.0], [112.52572684900008, -7.8825048099999435, 0.0], [112.52563035900005, -7.882489340999939, 0.0], [112.52553756000009, -7.882532171999969, 0.0], [112.52549116000012, -7.882567863999952, 0.0], [112.52548559600007, -7.88265875999997, 0.0], [112.52551188300004, -7.882760584999971, 0.0], [112.52577812400011, -7.882793436999975, 0.0], [112.52607222500001, -7.8827805869999565, 0.0], [112.52631921300008, -7.882776304999936, 0.0], [112.5263950000001, -7.882790999999941, 0.0], [112.52644342100007, -7.882830555999931, 0.0], [112.52645627000004, -7.882864819999952, 0.0], [112.52645185300003, -7.882877188999942, 0.0], [112.52640630200005, -7.88300473299995, 0.0], [112.5258766820001, -7.883797839999943, 0.0], [112.52580436300002, -7.883968449999941, 0.0], [112.52580093800009, -7.88408138799997, 0.0], [112.52585255300005, -7.8842131189999805, 0.0], [112.52602364400002, -7.884407750999969, 0.0], [112.52605429900007, -7.884599158999947, 0.0], [112.52599431200008, -7.885623391999957, 0.0], [112.52778860700005, -7.885739282999964, 0.0], [112.52800870500005, -7.8849337529999275, 0.0], [112.52807103200007, -7.884934744999953, 0.0], [112.52807796600007, -7.884753847999946, 0.0], [112.52838234000001, -7.884765177999952, 0.0], [112.52839912900004, -7.8843708329999345, 0.0], [112.52893137700005, -7.884253092999927, 0.0], [112.52936813600002, -7.884529984999972, 0.0], [112.52999941000007, -7.885502859999974, 0.0], [112.53007279600001, -7.885623173999932, 0.0], [112.53026929900011, -7.886028427999975, 0.0], [112.53032957100004, -7.886126321999939, 0.0], [112.5303542470001, -7.886339413999963, 0.0], [112.53033694400006, -7.886580355999968, 0.0], [112.5302014880001, -7.886885162999931, 0.0], [112.52982000000009, -7.886980999999935, 0.0], [112.52935828200009, -7.887065165999957, 0.0], [112.5293428440001, -7.887311770999929, 0.0], [112.52931590300011, -7.887393762999977, 0.0], [112.52939894300005, -7.887763516999939, 0.0], [112.52945102900003, -7.887825762999967, 0.0], [112.5295284230001, -7.887991996999972, 0.0], [112.52983850700002, -7.888272221999955, 0.0], [112.52989272600007, -7.888400260999958, 0.0], [112.52995884200004, -7.888543130999949, 0.0], [112.53009792600005, -7.88862536299996, 0.0], [112.530161281, -7.888686028999928, 0.0], [112.53022044300008, -7.888795259999938, 0.0], [112.530274469, -7.888870665999946, 0.0], [112.53029300000003, -7.889521999999943, 0.0], [112.53033524000011, -7.8896620439999765, 0.0], [112.53012346800006, -7.889819683999974, 0.0], [112.52998545900005, -7.88995293399995, 0.0], [112.52991407400009, -7.890076664999981, 0.0], [112.52983317300004, -7.89015756699996, 0.0], [112.52965139300011, -7.890308923999953, 0.0], [112.52946672300004, -7.890347863999978, 0.0], [112.52926545200012, -7.890271182999982, 0.0], [112.5291813880001, -7.8902487609999525, 0.0], [112.5290746820001, -7.890268290999927, 0.0], [112.5289337370001, -7.890286057999958, 0.0], [112.5287671750001, -7.890333646999977, 0.0], [112.52862440700005, -7.890371717999926, 0.0], [112.52849591600011, -7.890328887999942, 0.0], [112.52824369300004, -7.890319369999929, 0.0], [112.52795339800002, -7.890333646999977, 0.0], [112.52782014900004, -7.890347923999968, 0.0], [112.52765358700003, -7.890381235999939, 0.0], [112.5275869620001, -7.8904288259999475, 0.0], [112.52745847100005, -7.890490690999968, 0.0], [112.52730142600001, -7.890509727999927, 0.0], [112.52703968600008, -7.890571592999947, 0.0], [112.52687312400008, -7.890590628999973, 0.0], [112.52667324900005, -7.8906382179999355, 0.0], [112.52653524000004, -7.8907096019999585, 0.0], [112.52644343300005, -7.8908024009999735, 0.0], [112.52640476600004, -7.890894604999971, 0.0], [112.52631256200004, -7.891064141999948, 0.0], [112.5262709220001, -7.89111470499995, 0.0], [112.52624712700003, -7.891206909999937, 0.0], [112.52621440900009, -7.891293164999979, 0.0], [112.5261608720001, -7.891435932999968, 0.0], [112.52604784700009, -7.891575725999928, 0.0], [112.5259349260001, -7.8916476519999605, 0.0], [112.52588100000003, -7.891681999999946, 0.0], [112.52583600000003, -7.891767999999956, 0.0], [112.52580886200008, -7.891780419999975, 0.0], [112.52565821000007, -7.891849363999938, 0.0], [112.52553923800008, -7.89193561899998, 0.0], [112.52541800000006, -7.892174999999952, 0.0], [112.52529594700002, -7.89216814699995, 0.0], [112.52524033400005, -7.892183660999933, 0.0], [112.52518486300005, -7.892237454999929, 0.0], [112.52513713300004, -7.892308446999948, 0.0], [112.52507785700004, -7.89241336799995, 0.0], [112.5249795960001, -7.89246996199995, 0.0], [112.52496188700002, -7.89248016099998, 0.0], [112.524884154, -7.8925249309999685, 0.0], [112.52468243500005, -7.8926225869999485, 0.0], [112.5245024840001, -7.892675676999943, 0.0], [112.52436023000007, -7.892797816999973, 0.0], [112.52417093600002, -7.8929551319999405, 0.0], [112.52415578600005, -7.893167584999958, 0.0], [112.52415521700004, -7.8931755719999614, 0.0], [112.52410076500007, -7.893225364999978, 0.0], [112.52404922400001, -7.893272495999952, 0.0], [112.5238234850001, -7.893478920999939, 0.0], [112.52369521600008, -7.8935731739999255, 0.0], [112.52338254000006, -7.893633645999955, 0.0], [112.52319923200002, -7.893800648999957, 0.0], [112.52301810600011, -7.893843351999976, 0.0], [112.52298405800002, -7.893851378999955, 0.0], [112.5227852050001, -7.893869807999977, 0.0], [112.52254706400004, -7.894036953999944, 0.0], [112.52232626800003, -7.894026034999968, 0.0], [112.5221922930001, -7.894043678999935, 0.0], [112.52207168100006, -7.894025343999942, 0.0], [112.52193507600009, -7.894071298999961, 0.0], [112.52177442400011, -7.89410298599995, 0.0], [112.5216399740001, -7.8940819429999465, 0.0], [112.52153924800007, -7.89409666399996, 0.0], [112.52144342500003, -7.894140077999964, 0.0], [112.52135390400008, -7.894199773999958, 0.0], [112.52125602300009, -7.894273005999935, 0.0], [112.52115670100011, -7.894409260999964, 0.0], [112.52104414000007, -7.894468286999938, 0.0], [112.52101454900003, -7.8944722649999335, 0.0], [112.52090452900006, -7.894487055999946, 0.0], [112.5207780610001, -7.8944762729999525, 0.0], [112.52076651100003, -7.8944722649999335, 0.0], [112.52067571200007, -7.894440756999927, 0.0], [112.5206758270001, -7.8944722649999335, 0.0], [112.52067620000003, -7.894574256999931, 0.0], [112.52062180700011, -7.89466058499994, 0.0], [112.52050558100007, -7.894652181999959, 0.0], [112.52039850100005, -7.894619766999938, 0.0], [112.52031390500008, -7.8947148179999544, 0.0], [112.52025264000008, -7.894767705999925, 0.0], [112.52015090000009, -7.89481417199994, 0.0], [112.52014985700009, -7.894814648999954, 0.0], [112.52005305900002, -7.894816696999953, 0.0], [112.52004629600003, -7.89481417199994, 0.0], [112.51987964600005, -7.8947519639999655, 0.0], [112.51976880200004, -7.894700243999978, 0.0], [112.5197488450001, -7.894655840999974, 0.0], [112.51968142400005, -7.894591488999936, 0.0], [112.51961884400009, -7.894539080999948, 0.0], [112.51954201600006, -7.894527396999933, 0.0], [112.51948211600006, -7.894551540999942, 0.0], [112.51946067900008, -7.89459468299998, 0.0], [112.51944417000004, -7.894673694999938, 0.0], [112.51943485200002, -7.894750289999934, 0.0], [112.51941582200004, -7.894795815999942, 0.0], [112.51935852300005, -7.894874976999972, 0.0], [112.5192803870001, -7.894968434999953, 0.0], [112.51925651400006, -7.89497900899994, 0.0], [112.5192142630001, -7.895033535999971, 0.0], [112.5191288420001, -7.895143774999951, 0.0], [112.51901658300005, -7.89520159999995, 0.0], [112.51895662200002, -7.895208994999962, 0.0], [112.51883188200009, -7.8952190179999775, 0.0], [112.51874078000003, -7.89524088099995, 0.0], [112.51863771500007, -7.895272357999943, 0.0], [112.51858272700008, -7.895327584999961, 0.0], [112.51855898500003, -7.895397054999933, 0.0], [112.51842221400011, -7.895467951999933, 0.0], [112.51826665300007, -7.895508974999927, 0.0], [112.51794304600003, -7.895504215999949, 0.0], [112.51762100000008, -7.895476999999971, 0.0], [112.51733033500011, -7.8955708409999374, 0.0], [112.5168413560001, -7.895817114999943, 0.0], [112.51641781100011, -7.895795699999951, 0.0], [112.51625456700003, -7.89588360099998, 0.0], [112.51586101800001, -7.896095511999931, 0.0], [112.51550409800006, -7.89607409599995, 0.0], [112.51466177000009, -7.895952744999931, 0.0], [112.51420491300007, -7.896074096999939, 0.0], [112.51377661000004, -7.89626683299997, 0.0], [112.51324167500002, -7.896457293999958, 0.0], [112.51303013400002, -7.896762428999978, 0.0], [112.512922591, -7.896882443999971, 0.0], [112.51253853800006, -7.89684794599998, 0.0], [112.51203472500003, -7.896873692999975, 0.0], [112.51135160100011, -7.89707952599997, 0.0], [112.51095576700004, -7.897104881999951, 0.0], [112.51054815300006, -7.89719009199996, 0.0], [112.5101762270001, -7.897191435999957, 0.0], [112.50990049900008, -7.897252243999958, 0.0], [112.50964802700003, -7.897109604999969, 0.0], [112.50933613300003, -7.897122693999961, 0.0], [112.50894060200005, -7.897231784999974, 0.0], [112.5085567640001, -7.89725709399994, 0.0], [112.50818548900008, -7.897437872999944, 0.0], [112.50789815400003, -7.8976063849999605, 0.0], [112.50713017400005, -7.897573265999938, 0.0], [112.50680567400002, -7.897418921999929, 0.0], [112.50618240300003, -7.8975886439999385, 0.0], [112.50575135400004, -7.897829447999925, 0.0], [112.50532073800002, -7.898189876999936, 0.0], [112.50473614400005, -7.899101138999981, 0.0], [112.50228460200003, -7.8996602359999315, 0.0], [112.5016336110001, -7.898801266999953, 0.0], [112.50123548400006, -7.898192602999927, 0.0], [112.50177045300006, -7.89682694399994, 0.0], [112.50223447100007, -7.895748640999955, 0.0], [112.50298733700004, -7.894920516999946, 0.0], [112.50406530300006, -7.894414211999958, 0.0], [112.50465218800002, -7.894136961999948, 0.0], [112.50499942500005, -7.893944310999927, 0.0], [112.5052868040001, -7.8937877629999775, 0.0], [112.5054896360001, -7.893476005999958, 0.0], [112.50568073000011, -7.893236065999929, 0.0], [112.50603953000007, -7.892923746999941, 0.0], [112.50629087100003, -7.89275536599996, 0.0], [112.50673447600002, -7.892670029999977, 0.0], [112.50704641100003, -7.8926689069999725, 0.0], [112.50762133700005, -7.892403658999967, 0.0], [112.50841213000001, -7.892113705999975, 0.0], [112.50857922800003, -7.8918738519999465, 0.0], [112.50867399200001, -7.891538557999979, 0.0], [112.50903287500012, -7.891250161999949, 0.0], [112.50929655800007, -7.891177435999964, 0.0], [112.50951294700008, -7.8912962809999385, 0.0], [112.50999414700004, -7.8916534219999335, 0.0], [112.5101633270001, -7.891987762999975, 0.0], [112.51026061100004, -7.892346289999978, 0.0], [112.51038136700004, -7.892561179999973, 0.0], [112.51072697200004, -7.892581464999978, 0.0], [112.5110655100001, -7.89263766199997, 0.0], [112.51131787500003, -7.892751590999978, 0.0], [112.51141910600006, -7.892875636999975, 0.0], [112.5119929980001, -7.892431797999961, 0.0], [112.51205457600008, -7.892383536999944, 0.0], [112.51238740800011, -7.89216731099998, 0.0], [112.51250798700005, -7.89209692299994, 0.0], [112.51279539300003, -7.891949342999965, 0.0], [112.51300340300008, -7.891897710999956, 0.0], [112.51308384900005, -7.891877742999952, 0.0], [112.5131010560001, -7.891873471999929, 0.0], [112.51331060700011, -7.891834494999955, 0.0], [112.51337981200004, -7.891821622999942, 0.0], [112.51351458700003, -7.891767302999938, 0.0], [112.51353534300006, -7.891701434999959, 0.0], [112.51380566900002, -7.891599240999938, 0.0], [112.51408647400001, -7.891493085999969, 0.0], [112.51425694800002, -7.891357890999927, 0.0], [112.51435876200003, -7.8912828769999805, 0.0], [112.51443643000005, -7.891225653999982, 0.0], [112.51451349900003, -7.891227134999951, 0.0], [112.51468852800008, -7.891266609999946, 0.0], [112.51475935200006, -7.891266352999935, 0.0], [112.5148312880001, -7.891252780999935, 0.0], [112.51490711600002, -7.891253463999931, 0.0], [112.51503970300007, -7.891234767999947, 0.0], [112.51521821000006, -7.8911517309999795, 0.0], [112.5153687180001, -7.891081718999942, 0.0], [112.51565061600002, -7.890973547999977, 0.0], [112.51571259500008, -7.890949764999959, 0.0], [112.5157729880001, -7.890937387999941, 0.0], [112.51594555300005, -7.8908607239999355, 0.0], [112.51603262800006, -7.8908091649999506, 0.0], [112.51644101500005, -7.890674097999977, 0.0], [112.51676546300007, -7.890506486999925, 0.0], [112.51677058400003, -7.890503839999951, 0.0], [112.51701492000007, -7.890377615999967, 0.0], [112.517327163, -7.890216308999925, 0.0], [112.51757262900003, -7.890083831999959, 0.0], [112.51783028900002, -7.8900051409999605, 0.0], [112.51817599800006, -7.889963956999964, 0.0], [112.51839992500004, -7.889937280999959, 0.0], [112.51844334000009, -7.889902708999955, 0.0], [112.51840024900002, -7.889411878999965, 0.0], [112.51837041700003, -7.889072074999945, 0.0], [112.51837732700005, -7.888993096999968, 0.0], [112.51839492900001, -7.8889046859999326, 0.0], [112.5183703240001, -7.88862504399998, 0.0], [112.518369, -7.8886099999999715, 0.0], [112.5183668520001, -7.888551097999937, 0.0], [112.51837919800005, -7.888508445999946, 0.0], [112.51846393400001, -7.888445449999949, 0.0], [112.51858711400007, -7.888413946999947, 0.0], [112.51871903200004, -7.888399113999981, 0.0], [112.51906713100004, -7.888394516999938, 0.0], [112.51921944300011, -7.888560585999926, 0.0], [112.51932794600009, -7.888554874999954, 0.0], [112.51932934700005, -7.8883837389999485, 0.0], [112.51933264000002, -7.88829998999995, 0.0], [112.5192282270001, -7.88763285999994, 0.0], [112.51920350800003, -7.887434371999973, 0.0], [112.519196867, -7.887258545999941, 0.0], [112.51920549900001, -7.886994142999981, 0.0], [112.51920551600006, -7.88666995899996, 0.0], [112.5192100270001, -7.886590989999945, 0.0], [112.51919765900004, -7.886489352999945, 0.0], [112.5191840120001, -7.8863661889999435, 0.0], [112.51912804300002, -7.8861522629999286, 0.0], [112.51909882600012, -7.8860363319999465, 0.0], [112.51911423900003, -7.885986032999938, 0.0], [112.51918230100011, -7.8858972639999365, 0.0], [112.51930795900012, -7.885818336999932, 0.0], [112.51936982500001, -7.885742193999931, 0.0], [112.51936846700005, -7.885625038999933, 0.0], [112.51936436100004, -7.885486288999971, 0.0], [112.51932762700005, -7.88528305899996, 0.0], [112.5192408370001, -7.884841955999946, 0.0], [112.51919680800006, -7.884612435999941, 0.0], [112.51918617500007, -7.884530898999969, 0.0], [112.51919410000005, -7.884330607999971, 0.0], [112.51937848200009, -7.884358648999978, 0.0], [112.51982193600008, -7.88445670699997, 0.0], [112.51999363700008, -7.884473593999928, 0.0], [112.52009858600002, -7.884430681999959, 0.0], [112.52013424800009, -7.884340116999965, 0.0], [112.52014378500007, -7.884192224999936, 0.0], [112.52017945600005, -7.883709766999971, 0.0], [112.52020712300009, -7.883401032999927, 0.0], [112.52024594000011, -7.882991773999947, 0.0], [112.52026651200003, -7.882711775999951, 0.0], [112.5203357040001, -7.881983833999925, 0.0], [112.5203764360001, -7.881637504999958, 0.0], [112.52042105800001, -7.88127140499995, 0.0], [112.52051120800002, -7.880211671999973, 0.0], [112.52052125300008, -7.8799811589999535, 0.0], [112.52058122100004, -7.879989368999929, 0.0], [112.52112100000011, -7.880061696999974, 0.0], [112.52195171700009, -7.8801354799999785, 0.0], [112.52197971900011, -7.879734773999928, 0.0], [112.52218785700006, -7.87974574499998, 0.0], [112.52220528400005, -7.879579417999935, 0.0], [112.52226400000006, -7.879018999999971, 0.0], [112.52204799700007, -7.87863422199996, 0.0], [112.5220885660001, -7.878382528999964, 0.0], [112.52216891900002, -7.877884003999952, 0.0], [112.52224376100003, -7.877845431999958, 0.0], [112.52225936000002, -7.877517601999955, 0.0], [112.52226564000011, -7.877266366999947, 0.0], [112.52229055100008, -7.876945042999978, 0.0], [112.52241450500003, -7.876965565999967, 0.0], [112.52246259600008, -7.876665131999971, 0.0], [112.52249056800008, -7.876440135999928, 0.0], [112.52249861400003, -7.87612515099994, 0.0], [112.52253654600008, -7.875806734999969, 0.0], [112.52254297100001, -7.875766580999937, 0.0], [112.52287697400004, -7.875810699999931, 0.0], [112.52324789800002, -7.875869165999973, 0.0], [112.52434636900011, -7.876070927999933, 0.0], [112.52439370600007, -7.876078880999955, 0.0], [112.52442137500009, -7.87572202299998, 0.0], [112.52447412200002, -7.875005914999974, 0.0], [112.52451026400001, -7.87433085899994, 0.0], [112.52445404500008, -7.873665728999981, 0.0], [112.52441505600007, -7.8732395259999635, 0.0], [112.52439435600002, -7.873090309999952, 0.0], [112.52438520600003, -7.872556336999935, 0.0], [112.5243747500001, -7.872453018999977, 0.0], [112.52436915700002, -7.872370706999959, 0.0], [112.524587612, -7.872374216999958, 0.0], [112.52469852400009, -7.872378525999977, 0.0], [112.52501856200001, -7.8723761469999545, 0.0], [112.52500320100012, -7.87182680199993, 0.0], [112.52500718300007, -7.871783690999962, 0.0], [112.52542649700001, -7.871756326999957, 0.0], [112.52554357600002, -7.871753029999979, 0.0], [112.52561129800006, -7.871756208999955, 0.0], [112.52560752900001, -7.871715324999968, 0.0], [112.52560380200009, -7.871674890999941, 0.0], [112.52553732000001, -7.871676999999977, 0.0], [112.52552154400007, -7.871502375999967, 0.0], [112.52547356000002, -7.871503506999943, 0.0], [112.52547062500003, -7.871488205999981, 0.0], [112.5254343470001, -7.871172085999945, 0.0], [112.52598878000003, -7.871036395999965, 0.0], [112.52602945500007, -7.871032555999932, 0.0], [112.5260187020001, -7.870900272999961, 0.0], [112.52601804200003, -7.870850989999951, 0.0], [112.52602020800009, -7.870819879999942, 0.0], [112.52591417300005, -7.8707758519999516, 0.0], [112.52593300000001, -7.87070499999993, 0.0], [112.52574900000002, -7.87061499999993, 0.0], [112.5253723720001, -7.870395652999946, 0.0], [112.5253540970001, -7.870385010999939, 0.0], [112.52541784700009, -7.870142614999963, 0.0], [112.52529499200011, -7.86999949799997, 0.0], [112.52512969700001, -7.869908362999979, 0.0], [112.52503059300011, -7.869837343999961, 0.0], [112.52498489900006, -7.869796894999979, 0.0], [112.52503753500002, -7.869683524999971, 0.0], [112.5250430640001, -7.869666280999979, 0.0], [112.52506479300007, -7.869598504999942, 0.0], [112.525021132, -7.869580589999941, 0.0], [112.5250314540001, -7.869527476999963, 0.0], [112.52505860500003, -7.869457736999948, 0.0], [112.52507566800011, -7.86941391299996, 0.0], [112.52509144500004, -7.8693980649999276, 0.0], [112.52514132800002, -7.869260074999943, 0.0], [112.52515269800006, -7.869219839999971, 0.0], [112.52512374800006, -7.869176879999941, 0.0], [112.52509335400009, -7.869167113999936, 0.0], [112.52515025000002, -7.869011856999975, 0.0], [112.52516436200006, -7.8689695629999505, 0.0], [112.52518939700008, -7.868976188999966, 0.0], [112.5252405330001, -7.86878747399993, 0.0], [112.52509525100004, -7.868748916999948, 0.0], [112.5251150680001, -7.868696031999946, 0.0], [112.52475208100009, -7.8685413869999365, 0.0], [112.5245910000001, -7.868595999999968, 0.0], [112.5244498290001, -7.868534110999974, 0.0], [112.52442110200002, -7.868534040999975, 0.0], [112.5243112180001, -7.868468180999969, 0.0], [112.52434209400008, -7.868401718999962, 0.0], [112.5242512850001, -7.868336032999935, 0.0], [112.52430053100011, -7.868265317999942, 0.0], [112.52433000000008, -7.868222999999944, 0.0], [112.52434814500009, -7.8681467509999266, 0.0], [112.5243421030001, -7.868069255999956, 0.0], [112.52434001900008, -7.868024285999979, 0.0], [112.52435027900003, -7.867900408999958, 0.0], [112.52435399500007, -7.867835179999929, 0.0], [112.5243604310001, -7.86772218699997, 0.0], [112.52442281600008, -7.867587954999976, 0.0], [112.52453183900002, -7.867353372999958, 0.0], [112.52455594300011, -7.867301507999969, 0.0], [112.52456509600006, -7.867116593999981, 0.0], [112.52457425300008, -7.866931600999976, 0.0], [112.5247508220001, -7.867024560999937, 0.0], [112.52484074000006, -7.867028307999931, 0.0], [112.52486503600005, -7.867029319999972, 0.0], [112.52495069600002, -7.866950797999948, 0.0], [112.52501456000005, -7.866863719999969, 0.0], [112.52509361900002, -7.866831133999938, 0.0], [112.52514974600001, -7.866825905999974, 0.0], [112.52524000000005, -7.866832999999929, 0.0], [112.52542812900003, -7.866815276999944, 0.0], [112.5252186890001, -7.866625115999966, 0.0], [112.52513635900004, -7.866550768999957, 0.0], [112.52508292100003, -7.866503591999958, 0.0], [112.5249630620001, -7.866402106999942, 0.0], [112.52488942700006, -7.866343517999951, 0.0], [112.52472749000003, -7.866151749999972, 0.0], [112.52457932100003, -7.866182433999938, 0.0], [112.5245009780001, -7.866166765999935, 0.0], [112.52439628200011, -7.866131072999963, 0.0], [112.52434953300008, -7.8660681419999605, 0.0], [112.5243344160001, -7.866047791999961, 0.0], [112.52426541200009, -7.86591692199994, 0.0], [112.52424161700003, -7.865781292999941, 0.0], [112.52423951600008, -7.865777974999958, 0.0], [112.52421620500002, -7.865697116999968, 0.0], [112.5241678540001, -7.865645663999942, 0.0], [112.52407505500003, -7.8656456629999525, 0.0], [112.5240153090001, -7.865674682999952, 0.0], [112.52392806900002, -7.865638828999977, 0.0], [112.5238961120001, -7.86556047199997, 0.0], [112.52383710900006, -7.865483860999973, 0.0], [112.52384186800009, -7.8653958199999465, 0.0], [112.52384041200003, -7.8653879179999535, 0.0], [112.52382521100003, -7.865305400999944, 0.0], [112.52382612400004, -7.865251210999929, 0.0], [112.52382841600001, -7.865115217999971, 0.0], [112.5238360300001, -7.864970546999928, 0.0], [112.52381737400003, -7.8648927709999725, 0.0], [112.5237582520001, -7.864865709999947, 0.0], [112.5236304450001, -7.86484300799998, 0.0], [112.52348958100004, -7.8648068399999715, 0.0], [112.52339440300011, -7.864736407999942, 0.0], [112.52338331800001, -7.864691939999943, 0.0], [112.5233687760001, -7.864651798999944, 0.0], [112.52336137300006, -7.864595840999925, 0.0], [112.52333503600005, -7.864479660999962, 0.0], [112.52330683800005, -7.864456582999935, 0.0], [112.52325163500007, -7.864401379999947, 0.0], [112.52320594900004, -7.864365211999939, 0.0], [112.522830236, -7.863880067999958, 0.0], [112.52281381300008, -7.863858862999962, 0.0], [112.52272948600012, -7.863791158999959, 0.0], [112.52267150600005, -7.863781617999962, 0.0], [112.5225791040001, -7.863766411999961, 0.0], [112.52248392500007, -7.863707402999978, 0.0], [112.5224268180001, -7.863644583999928, 0.0], [112.52234115700003, -7.863473262999946, 0.0], [112.52228214700006, -7.863399023999932, 0.0], [112.5221945830001, -7.863368566999952, 0.0], [112.5220030370001, -7.8633250219999695, 0.0], [112.52189902900011, -7.863249125999971, 0.0], [112.52187097600006, -7.8632286549999435, 0.0], [112.52184761600006, -7.86311853199993, 0.0], [112.52184599100008, -7.863110871999936, 0.0], [112.5217817460001, -7.862907426999925, 0.0], [112.5217146660001, -7.862711254999965, 0.0], [112.52169805000005, -7.862629012999946, 0.0], [112.52167185200005, -7.862550633999945, 0.0], [112.52159580700004, -7.862488703999929, 0.0], [112.5215115950001, -7.862468134999972, 0.0], [112.52142548900008, -7.862433068999962, 0.0], [112.52133991000005, -7.862388399999929, 0.0], [112.52130705600007, -7.86232727099997, 0.0], [112.52126279700008, -7.86229680699995, 0.0], [112.52118384500011, -7.862227232999942, 0.0], [112.52116053600002, -7.8621517139999355, 0.0], [112.52110530200002, -7.862006448999978, 0.0], [112.52105492600003, -7.8618774369999755, 0.0], [112.52098439200006, -7.861747538999964, 0.0], [112.52095158400004, -7.8616988509999715, 0.0], [112.52090057200007, -7.86165884199994, 0.0], [112.52086882800006, -7.861638859999971, 0.0], [112.52080534000004, -7.861598895999975, 0.0], [112.52070921100005, -7.861556178999933, 0.0], [112.52063718600004, -7.861543997999945, 0.0], [112.52061316400011, -7.861456965999935, 0.0], [112.520598887, -7.861332043999937, 0.0], [112.52061661500011, -7.861285506999934, 0.0], [112.52062744000011, -7.86125709099997, 0.0], [112.52068454700009, -7.861228536999931, 0.0], [112.52078448400005, -7.861196413999949, 0.0], [112.52084159200001, -7.861125030999972, 0.0], [112.52086657600012, -7.861075061999941, 0.0], [112.52086300700012, -7.860989400999927, 0.0], [112.52097008300007, -7.860878755999977, 0.0], [112.52106645000003, -7.860807372999943, 0.0], [112.52109534200008, -7.860813149999956, 0.0], [112.52119137200009, -7.860832356999936, 0.0], [112.52129487900004, -7.860835925999936, 0.0], [112.52137697, -7.860814510999944, 0.0], [112.5214269390001, -7.860778818999961, 0.0], [112.52145906200008, -7.860732419999977, 0.0], [112.52149118400007, -7.8606467589999625, 0.0], [112.52146263100008, -7.86058251399993, 0.0], [112.52140341300003, -7.860478176999948, 0.0], [112.52138767800011, -7.860450452999942, 0.0], [112.52135912400001, -7.860329100999934, 0.0], [112.52132700200002, -7.860279132999949, 0.0], [112.52126989500005, -7.860247009999966, 0.0], [112.52122706400007, -7.860204178999936, 0.0], [112.52118066500009, -7.860164917999953, 0.0], [112.52111285000001, -7.860175625999943, 0.0], [112.52103432800004, -7.860204178999936, 0.0], [112.52101291200006, -7.8601292259999695, 0.0], [112.5210165530001, -7.860060067999939, 0.0], [112.52102005100005, -7.859993596999971, 0.0], [112.52098792800007, -7.859925781999948, 0.0], [112.52097008200008, -7.859868674999973, 0.0], [112.52087371400012, -7.859815136999941, 0.0], [112.52081303800003, -7.859768737999957, 0.0], [112.52073808500006, -7.859679507999942, 0.0], [112.52078448500004, -7.85950818699996, 0.0], [112.52079185600007, -7.859475538999959, 0.0], [112.52080946900003, -7.859397541999954, 0.0], [112.52081168400002, -7.859320025999978, 0.0], [112.52081303800003, -7.859272619999956, 0.0], [112.52079876200003, -7.859201236999979, 0.0], [112.52077377700004, -7.859133421999957, 0.0], [112.52075950000005, -7.859058468999933, 0.0], [112.52079876100004, -7.858972807999976, 0.0], [112.52092368300009, -7.8589549619999275, 0.0], [112.52097365200007, -7.858919269999944, 0.0], [112.52098435900007, -7.85887287099996, 0.0], [112.52100577400006, -7.858733671999971, 0.0], [112.5210366450001, -7.8586582099999305, 0.0], [112.52103789700004, -7.858655149999947, 0.0], [112.52103789700004, -7.858562350999932, 0.0], [112.52100220500006, -7.858458844999973, 0.0], [112.52098792900006, -7.858398167999951, 0.0], [112.52093650600011, -7.858335318999934, 0.0], [112.52092368300009, -7.858319645999927, 0.0], [112.52084516100001, -7.858248261999961, 0.0], [112.52081660700003, -7.858155462999946, 0.0], [112.52083700000003, -7.858020999999951, 0.0], [112.52085229900001, -7.85790918899994, 0.0], [112.52084931400009, -7.857881322999958, 0.0], [112.52084159200001, -7.857809251999981, 0.0], [112.52080233000004, -7.85775571399995, 0.0], [112.52069192300007, -7.857425444999933, 0.0], [112.5206348160001, -7.85719701599993, 0.0], [112.5205991250001, -7.857132770999954, 0.0], [112.52055272500002, -7.857075663999979, 0.0], [112.52053496100007, -7.857024148999926, 0.0], [112.52051703300003, -7.856972156999973, 0.0], [112.52048134100005, -7.856857942999966, 0.0], [112.52045849800004, -7.856798218999927, 0.0], [112.52048895500002, -7.856784893999929, 0.0], [112.52091725900004, -7.856784893999929, 0.0], [112.52090012600002, -7.8566192829999295, 0.0], [112.520877283, -7.856512683999938, 0.0], [112.52087538, -7.856406083999957, 0.0], [112.52091753900004, -7.856349871999953, 0.0], [112.5209324870001, -7.856329940999956, 0.0], [112.52094010100006, -7.856261411999981, 0.0], [112.52094961900002, -7.856192883999938, 0.0], [112.52096675100006, -7.8561110299999655, 0.0], [112.52106573700007, -7.856012044999943, 0.0], [112.52110000000005, -7.856001999999933, 0.0], [112.52112094000006, -7.855943515999968, 0.0], [112.521107615, -7.8558902159999775, 0.0], [112.52109238700007, -7.85581788099995, 0.0], [112.52102766500002, -7.8557683879999445, 0.0], [112.5209553300001, -7.855716991999941, 0.0], [112.52090203000012, -7.85568272699993, 0.0], [112.5208791870001, -7.855637041999955, 0.0], [112.52083540500007, -7.85551711599993, 0.0], [112.52079352600003, -7.855338181999969, 0.0], [112.52080896300004, -7.855295063999961, 0.0], [112.52092264700002, -7.855283168999961, 0.0], [112.52099106200001, -7.855292969999937, 0.0], [112.52102184600005, -7.855246921999935, 0.0], [112.52102525600003, -7.855195231999971, 0.0], [112.5210247760001, -7.855191748999971, 0.0], [112.52101564700001, -7.855125643999941, 0.0], [112.52099896600009, -7.855091252999955, 0.0], [112.5208884970001, -7.854997626999932, 0.0], [112.52083644400011, -7.854992683999967, 0.0], [112.52082297400011, -7.854991403999975, 0.0], [112.52073282900005, -7.854944358999944, 0.0], [112.52065928500008, -7.854910172999951, 0.0], [112.5206158950001, -7.854883868999934, 0.0], [112.52054747200009, -7.854842390999977, 0.0], [112.52048037800012, -7.854800286999932, 0.0], [112.52046889400003, -7.854778181999961, 0.0], [112.52046660600001, -7.85477377899997, 0.0], [112.5204693600001, -7.8547393169999395, 0.0], [112.52055236300009, -7.854604079999945, 0.0], [112.52055430600001, -7.854552482999964, 0.0], [112.52055994900002, -7.854402577999963, 0.0], [112.52056012300011, -7.854397974999927, 0.0], [112.52056155200012, -7.854360010999926, 0.0], [112.52055748800001, -7.854273993999925, 0.0], [112.52055063500006, -7.854128933999959, 0.0], [112.52049353100006, -7.853865006999968, 0.0], [112.52046200000007, -7.853802999999971, 0.0], [112.52038806700011, -7.8537172929999315, 0.0], [112.52032144200007, -7.85363401099994, 0.0], [112.5202643340001, -7.853574524999942, 0.0], [112.52025979100006, -7.853568329999973, 0.0], [112.52021198600005, -7.853503140999976, 0.0], [112.5201810530001, -7.853407962999938, 0.0], [112.52015725800004, -7.853241400999934, 0.0], [112.52016439700003, -7.85312956599995, 0.0], [112.52020960700008, -7.853015351999943, 0.0], [112.52023167100003, -7.852929041999971, 0.0], [112.52022467300003, -7.852871156999981, 0.0], [112.5203643540001, -7.852855143999932, 0.0], [112.52042091900012, -7.852899175999937, 0.0]]]], "type": "MultiPolygon"}}, {"type": "Feature", "properties": {"village_name": "Sumberejo", "district_name": "Batu", "kecamatan": "Batu", "kabupaten": "Kota Batu", "provinsi": "Jawa Timur", "kode_desa": "35.79.01.2005", "last_updated": "2026-09-01T08:57:00.626128+00:00", "hourly_temp_today": [18.3, 17.6, 17.0, 16.7, 16.3, 15.6, 15.9, 19.3, 21.2, 23.3, 25.0, 26.3, 27.1, 27.3, 26.7, 26.0, 24.3, 22.3, 20.7, 20.0, 19.3, 18.4, 17.7, 17.2], "suhu_current": 26.0, "suhu_siang_1200": 27.1, "suhu_malam_2400": 18.3}, "geometry": {"coordinates": [[[[112.5175820830001, -7.845817465999971, 0.0], [112.51780935700003, -7.84596737399994, 0.0], [112.51791398300008, -7.846038771999929, 0.0], [112.5177528690001, -7.846269033999931, 0.0], [112.51767415000006, -7.84639492499997, 0.0], [112.5176539360001, -7.84644118999995, 0.0], [112.5177415610001, -7.846497699999929, 0.0], [112.51794085200004, -7.846540045999973, 0.0], [112.51797875400007, -7.846697674999973, 0.0], [112.51802609800006, -7.846851821999962, 0.0], [112.51801191400011, -7.846948907999945, 0.0], [112.51807226800008, -7.847051568999973, 0.0], [112.51813716800007, -7.847084829999972, 0.0], [112.51824778200012, -7.847153831999947, 0.0], [112.518283999, -7.847215887999937, 0.0], [112.51825079200012, -7.847321277999981, 0.0], [112.5183471250001, -7.847421416999964, 0.0], [112.51845282200009, -7.8474569229999815, 0.0], [112.51866030100007, -7.847402201999955, 0.0], [112.51872532800007, -7.8474701549999395, 0.0], [112.51877629800003, -7.8476314649999495, 0.0], [112.51871923700003, -7.847775220999949, 0.0], [112.51867809800001, -7.847921289999931, 0.0], [112.51873969500002, -7.848035907999929, 0.0], [112.51889123800004, -7.848143023999967, 0.0], [112.5189310720001, -7.848211066999966, 0.0], [112.5189232460001, -7.848270627999966, 0.0], [112.51884674000007, -7.848345071999972, 0.0], [112.51876184100001, -7.848420742999963, 0.0], [112.51876206700001, -7.8484829469999795, 0.0], [112.51875143900008, -7.848529638999935, 0.0], [112.51875273000007, -7.848543546999963, 0.0], [112.51875643300002, -7.8485834529999465, 0.0], [112.51877782100007, -7.848624327999971, 0.0], [112.51880327300012, -7.848696010999959, 0.0], [112.51887552300002, -7.8487711139999305, 0.0], [112.51897296700008, -7.848846126999945, 0.0], [112.51901278800005, -7.848910580999927, 0.0], [112.51901312700011, -7.84900388799997, 0.0], [112.51902110300011, -7.849069508999946, 0.0], [112.5190198570001, -7.849122625999939, 0.0], [112.51902310500009, -7.849147797999933, 0.0], [112.51902430000007, -7.849157061999961, 0.0], [112.51902996500007, -7.849180973999978, 0.0], [112.51904000000002, -7.84922333399993, 0.0], [112.5189674070001, -7.849470684999972, 0.0], [112.51894289200004, -7.850304608999977, 0.0], [112.51897532200007, -7.850525344999937, 0.0], [112.51902481500008, -7.850542477999966, 0.0], [112.51911237900003, -7.850544380999963, 0.0], [112.51921136500005, -7.850588162999941, 0.0], [112.5193027360001, -7.850620524999954, 0.0], [112.51939791500001, -7.850599584999941, 0.0], [112.51948996600004, -7.850545111999963, 0.0], [112.5195844640001, -7.850519634999955, 0.0], [112.5197468560001, -7.850575932999959, 0.0], [112.51964311500001, -7.8508400409999695, 0.0], [112.51959439300003, -7.851008251999929, 0.0], [112.51966179700003, -7.851087849999942, 0.0], [112.51981170300007, -7.851205633999939, 0.0], [112.51993305500002, -7.851326985999947, 0.0], [112.52012642500006, -7.851547979999964, 0.0], [112.52013293000005, -7.851555413999961, 0.0], [112.52032209700008, -7.851769565999973, 0.0], [112.5202721280001, -7.851933748999954, 0.0], [112.52017219100003, -7.852047962999961, 0.0], [112.52015791500003, -7.852094361999946, 0.0], [112.52017932900003, -7.8521764539999594, 0.0], [112.52017219100003, -7.8522906679999664, 0.0], [112.52015791400004, -7.852404881999973, 0.0], [112.52010794500006, -7.852469127999939, 0.0], [112.52010794600005, -7.8525940499999365, 0.0], [112.52015600000004, -7.852722999999969, 0.0], [112.52022467300003, -7.852871156999981, 0.0], [112.52023167100003, -7.852929041999971, 0.0], [112.52020960700008, -7.853015351999943, 0.0], [112.52016439700003, -7.85312956599995, 0.0], [112.52015725800004, -7.853241400999934, 0.0], [112.5201810530001, -7.853407962999938, 0.0], [112.52021198600005, -7.853503140999976, 0.0], [112.52025979100006, -7.853568329999973, 0.0], [112.5202643340001, -7.853574524999942, 0.0], [112.52032144200007, -7.85363401099994, 0.0], [112.52038806700011, -7.8537172929999315, 0.0], [112.52046200000007, -7.853802999999971, 0.0], [112.52049353100006, -7.853865006999968, 0.0], [112.52055063500006, -7.854128933999959, 0.0], [112.52055748800001, -7.854273993999925, 0.0], [112.52056155200012, -7.854360010999926, 0.0], [112.52056012300011, -7.854397974999927, 0.0], [112.52055994900002, -7.854402577999963, 0.0], [112.52055430600001, -7.854552482999964, 0.0], [112.52055236300009, -7.854604079999945, 0.0], [112.5204693600001, -7.8547393169999395, 0.0], [112.52046660600001, -7.85477377899997, 0.0], [112.52046889400003, -7.854778181999961, 0.0], [112.52048037800012, -7.854800286999932, 0.0], [112.52054747200009, -7.854842390999977, 0.0], [112.5206158950001, -7.854883868999934, 0.0], [112.52065928500008, -7.854910172999951, 0.0], [112.52073282900005, -7.854944358999944, 0.0], [112.52082297400011, -7.854991403999975, 0.0], [112.52083644400011, -7.854992683999967, 0.0], [112.5208884970001, -7.854997626999932, 0.0], [112.52099896600009, -7.855091252999955, 0.0], [112.52101564700001, -7.855125643999941, 0.0], [112.5210247760001, -7.855191748999971, 0.0], [112.52102525600003, -7.855195231999971, 0.0], [112.52102184600005, -7.855246921999935, 0.0], [112.52099106200001, -7.855292969999937, 0.0], [112.52092264700002, -7.855283168999961, 0.0], [112.52080896300004, -7.855295063999961, 0.0], [112.52079352600003, -7.855338181999969, 0.0], [112.52083540500007, -7.85551711599993, 0.0], [112.5208791870001, -7.855637041999955, 0.0], [112.52090203000012, -7.85568272699993, 0.0], [112.5209553300001, -7.855716991999941, 0.0], [112.52102766500002, -7.8557683879999445, 0.0], [112.52109238700007, -7.85581788099995, 0.0], [112.521107615, -7.8558902159999775, 0.0], [112.52112094000006, -7.855943515999968, 0.0], [112.52110000000005, -7.856001999999933, 0.0], [112.52106573700007, -7.856012044999943, 0.0], [112.52096675100006, -7.8561110299999655, 0.0], [112.52094961900002, -7.856192883999938, 0.0], [112.52094010100006, -7.856261411999981, 0.0], [112.5209324870001, -7.856329940999956, 0.0], [112.52091753900004, -7.856349871999953, 0.0], [112.52087538, -7.856406083999957, 0.0], [112.520877283, -7.856512683999938, 0.0], [112.52090012600002, -7.8566192829999295, 0.0], [112.52091725900004, -7.856784893999929, 0.0], [112.52048895500002, -7.856784893999929, 0.0], [112.52045849800004, -7.856798218999927, 0.0], [112.52048134100005, -7.856857942999966, 0.0], [112.52051703300003, -7.856972156999973, 0.0], [112.52053496100007, -7.857024148999926, 0.0], [112.52055272500002, -7.857075663999979, 0.0], [112.5205991250001, -7.857132770999954, 0.0], [112.5206348160001, -7.85719701599993, 0.0], [112.52069192300007, -7.857425444999933, 0.0], [112.52080233000004, -7.85775571399995, 0.0], [112.52084159200001, -7.857809251999981, 0.0], [112.52084931400009, -7.857881322999958, 0.0], [112.52085229900001, -7.85790918899994, 0.0], [112.52083700000003, -7.858020999999951, 0.0], [112.52081660700003, -7.858155462999946, 0.0], [112.52084516100001, -7.858248261999961, 0.0], [112.52092368300009, -7.858319645999927, 0.0], [112.52093650600011, -7.858335318999934, 0.0], [112.52098792900006, -7.858398167999951, 0.0], [112.52100220500006, -7.858458844999973, 0.0], [112.52103789700004, -7.858562350999932, 0.0], [112.52103789700004, -7.858655149999947, 0.0], [112.5210366450001, -7.8586582099999305, 0.0], [112.52100577400006, -7.858733671999971, 0.0], [112.52098435900007, -7.85887287099996, 0.0], [112.52097365200007, -7.858919269999944, 0.0], [112.52092368300009, -7.8589549619999275, 0.0], [112.52079876100004, -7.858972807999976, 0.0], [112.52075950000005, -7.859058468999933, 0.0], [112.52077377700004, -7.859133421999957, 0.0], [112.52079876200003, -7.859201236999979, 0.0], [112.52081303800003, -7.859272619999956, 0.0], [112.52081168400002, -7.859320025999978, 0.0], [112.52080946900003, -7.859397541999954, 0.0], [112.52079185600007, -7.859475538999959, 0.0], [112.52078448500004, -7.85950818699996, 0.0], [112.52073808500006, -7.859679507999942, 0.0], [112.52081303800003, -7.859768737999957, 0.0], [112.52087371400012, -7.859815136999941, 0.0], [112.52097008200008, -7.859868674999973, 0.0], [112.52098792800007, -7.859925781999948, 0.0], [112.52102005100005, -7.859993596999971, 0.0], [112.5210165530001, -7.860060067999939, 0.0], [112.52101291200006, -7.8601292259999695, 0.0], [112.52103432800004, -7.860204178999936, 0.0], [112.52111285000001, -7.860175625999943, 0.0], [112.52118066500009, -7.860164917999953, 0.0], [112.52122706400007, -7.860204178999936, 0.0], [112.52126989500005, -7.860247009999966, 0.0], [112.52132700200002, -7.860279132999949, 0.0], [112.52135912400001, -7.860329100999934, 0.0], [112.52138767800011, -7.860450452999942, 0.0], [112.52140341300003, -7.860478176999948, 0.0], [112.52146263100008, -7.86058251399993, 0.0], [112.52149118400007, -7.8606467589999625, 0.0], [112.52145906200008, -7.860732419999977, 0.0], [112.5214269390001, -7.860778818999961, 0.0], [112.52137697, -7.860814510999944, 0.0], [112.52129487900004, -7.860835925999936, 0.0], [112.52119137200009, -7.860832356999936, 0.0], [112.52109534200008, -7.860813149999956, 0.0], [112.52106645000003, -7.860807372999943, 0.0], [112.52097008300007, -7.860878755999977, 0.0], [112.52086300700012, -7.860989400999927, 0.0], [112.52086657600012, -7.861075061999941, 0.0], [112.52084159200001, -7.861125030999972, 0.0], [112.52078448400005, -7.861196413999949, 0.0], [112.52068454700009, -7.861228536999931, 0.0], [112.52062744000011, -7.86125709099997, 0.0], [112.52061661500011, -7.861285506999934, 0.0], [112.520598887, -7.861332043999937, 0.0], [112.52061316400011, -7.861456965999935, 0.0], [112.52063718600004, -7.861543997999945, 0.0], [112.52070921100005, -7.861556178999933, 0.0], [112.52080534000004, -7.861598895999975, 0.0], [112.52086882800006, -7.861638859999971, 0.0], [112.52090057200007, -7.86165884199994, 0.0], [112.52095158400004, -7.8616988509999715, 0.0], [112.52098439200006, -7.861747538999964, 0.0], [112.52105492600003, -7.8618774369999755, 0.0], [112.52110530200002, -7.862006448999978, 0.0], [112.52116053600002, -7.8621517139999355, 0.0], [112.52118384500011, -7.862227232999942, 0.0], [112.52126279700008, -7.86229680699995, 0.0], [112.52130705600007, -7.86232727099997, 0.0], [112.52133991000005, -7.862388399999929, 0.0], [112.52142548900008, -7.862433068999962, 0.0], [112.5215115950001, -7.862468134999972, 0.0], [112.52138158700006, -7.862511072999951, 0.0], [112.52128488500011, -7.86253686799995, 0.0], [112.52111839800011, -7.862496322999959, 0.0], [112.52100067700007, -7.862370528999975, 0.0], [112.52090211100005, -7.862185705999934, 0.0], [112.52082355800007, -7.861962051999967, 0.0], [112.52079176200004, -7.861927714999979, 0.0], [112.52074977400002, -7.861903294999934, 0.0], [112.52059510900006, -7.8617962189999275, 0.0], [112.520429938, -7.8617998779999425, 0.0], [112.52029161200005, -7.861796612999967, 0.0], [112.5201549090001, -7.861814064999976, 0.0], [112.52003593600011, -7.861891396999965, 0.0], [112.51991696300001, -7.861933037999961, 0.0], [112.51971470900003, -7.861986575999936, 0.0], [112.51970411900004, -7.862124476999952, 0.0], [112.51969413100005, -7.862347015999944, 0.0], [112.51962739100009, -7.862468077999949, 0.0], [112.51959024900009, -7.862481371999934, 0.0], [112.51953030000004, -7.862474364999969, 0.0], [112.519451032, -7.862466324999957, 0.0], [112.519374115, -7.8624283229999605, 0.0], [112.51918424700011, -7.862340486999926, 0.0], [112.51895944600005, -7.86221330099994, 0.0], [112.51892350000003, -7.862252275999936, 0.0], [112.51886603300011, -7.862257899999975, 0.0], [112.51875433600003, -7.862229812999942, 0.0], [112.51865114800012, -7.862218003999942, 0.0], [112.51860825900008, -7.862248316999967, 0.0], [112.51848928600009, -7.862361340999939, 0.0], [112.51839925700006, -7.862410447999935, 0.0], [112.51834170400002, -7.862397783999938, 0.0], [112.51826677600002, -7.862378914999965, 0.0], [112.51819170800002, -7.86232176599998, 0.0], [112.51815479300001, -7.862199402999977, 0.0], [112.51810857200007, -7.862123394999969, 0.0], [112.51800876000004, -7.862157248999949, 0.0], [112.51796843800003, -7.86215356699995, 0.0], [112.51782913400007, -7.862169942999969, 0.0], [112.51775734500006, -7.862167343999943, 0.0], [112.51770078400011, -7.862184774999946, 0.0], [112.51753642200003, -7.862256440999943, 0.0], [112.51742919600008, -7.862248208999972, 0.0], [112.51737770900002, -7.862215606999939, 0.0], [112.5173658120001, -7.862163258999942, 0.0], [112.51736803600011, -7.862101736999932, 0.0], [112.51737471700005, -7.861916847999964, 0.0], [112.51742594200005, -7.8618075019999765, 0.0], [112.51745307700003, -7.861749576999955, 0.0], [112.5175362650001, -7.8615530439999475, 0.0], [112.51755744100001, -7.8614381269999285, 0.0], [112.51753078800004, -7.861366447999956, 0.0], [112.51743943100007, -7.861316534999958, 0.0], [112.51738007900008, -7.861315938999951, 0.0], [112.51734558600003, -7.861342344999969, 0.0], [112.51729200000011, -7.861430999999925, 0.0], [112.51724406100004, -7.861469700999976, 0.0], [112.51717735000011, -7.861533103999932, 0.0], [112.51707359000011, -7.861701432999951, 0.0], [112.51696427800005, -7.861817046999931, 0.0], [112.51689879300011, -7.861857051999948, 0.0], [112.51670248700009, -7.861840990999951, 0.0], [112.51655002200005, -7.861804811999946, 0.0], [112.5165383430001, -7.86178016599996, 0.0], [112.51648417400008, -7.861729400999934, 0.0], [112.51641644800009, -7.861711844999945, 0.0], [112.51633584300009, -7.861715365999942, 0.0], [112.51617318000001, -7.8617188249999685, 0.0], [112.51609263400007, -7.861703288999934, 0.0], [112.51602026900002, -7.861632527999973, 0.0], [112.51599996900006, -7.861592406999932, 0.0], [112.51598270000011, -7.861504891999971, 0.0], [112.51599383500002, -7.861439547999964, 0.0], [112.51595993600006, -7.861354736999942, 0.0], [112.51595499000007, -7.861314080999932, 0.0], [112.51594641800011, -7.861266261999958, 0.0], [112.51591620600004, -7.861205361999964, 0.0], [112.51586877400007, -7.861160075999976, 0.0], [112.51580769500003, -7.861122494999961, 0.0], [112.5157590550001, -7.861074819999942, 0.0], [112.51568245800001, -7.860992793999969, 0.0], [112.51557232500011, -7.860925721999934, 0.0], [112.51541902100007, -7.860863590999941, 0.0], [112.5153873490001, -7.860863226999982, 0.0], [112.51536636000003, -7.860869133999927, 0.0], [112.51535999900011, -7.860873673999947, 0.0], [112.51532605200009, -7.860897899999941, 0.0], [112.51529356100002, -7.860936776999949, 0.0], [112.5152237210001, -7.860997319999967, 0.0], [112.51520610000011, -7.861034227999937, 0.0], [112.5151885790001, -7.861098888999948, 0.0], [112.51515575500002, -7.861177959999964, 0.0], [112.51512188100003, -7.861232152999946, 0.0], [112.51508600000011, -7.861223999999936, 0.0], [112.51480929500008, -7.861159068999939, 0.0], [112.51476867500003, -7.861236134999956, 0.0], [112.51475474600011, -7.861262561999979, 0.0], [112.51474931200005, -7.861272872999962, 0.0], [112.5146529220001, -7.861290446999931, 0.0], [112.51458378000007, -7.861279211999943, 0.0], [112.51453909300005, -7.861262561999979, 0.0], [112.51445403900004, -7.861230872999954, 0.0], [112.51424237300012, -7.861218716999929, 0.0], [112.51412064500005, -7.861262562999968, 0.0], [112.51410147600006, -7.861269466999943, 0.0], [112.514039808, -7.861334286999977, 0.0], [112.51398312700007, -7.861357349999935, 0.0], [112.51391114500007, -7.861386639999978, 0.0], [112.51389030900009, -7.861395117999962, 0.0], [112.51370281000004, -7.861441659999969, 0.0], [112.51345018600011, -7.861504366999952, 0.0], [112.51336231300002, -7.861488892999944, 0.0], [112.51325579400009, -7.861492147999968, 0.0], [112.51316102100009, -7.861558521999939, 0.0], [112.5130502500001, -7.861580453999977, 0.0], [112.51291631100003, -7.861565145999975, 0.0], [112.51275776400007, -7.861512603999927, 0.0], [112.51265136000006, -7.861547438999935, 0.0], [112.51257096100005, -7.861608019999949, 0.0], [112.5125702360001, -7.861608744999955, 0.0], [112.5123748420001, -7.861803926999926, 0.0], [112.51234964900004, -7.861829093999972, 0.0], [112.51230702800001, -7.8618716689999815, 0.0], [112.51218036500006, -7.861877866999976, 0.0], [112.51215520900007, -7.861869010999953, 0.0], [112.5120592830001, -7.86183523699998, 0.0], [112.51204996800004, -7.861829092999926, 0.0], [112.5119553830001, -7.861766706999958, 0.0], [112.51183102200002, -7.861613554999963, 0.0], [112.51172817200006, -7.861437357999932, 0.0], [112.51165474800007, -7.861436186999981, 0.0], [112.51158294000004, -7.861483816999964, 0.0], [112.5115024160001, -7.861509945999956, 0.0], [112.51141462700002, -7.861517438999954, 0.0], [112.51134403000003, -7.8615019019999295, 0.0], [112.51120382300007, -7.861345935999964, 0.0], [112.5110687450001, -7.861306379999974, 0.0], [112.51106778500002, -7.861306382999942, 0.0], [112.51106677400003, -7.861306086999946, 0.0], [112.510991407, -7.861284016999946, 0.0], [112.51091507400008, -7.861262564999947, 0.0], [112.5106417070001, -7.861185745999933, 0.0], [112.51055521400008, -7.86115351899997, 0.0], [112.51051532400004, -7.8611508879999406, 0.0], [112.51039010000011, -7.861142628999971, 0.0], [112.5102595840001, -7.861145011999952, 0.0], [112.51019424700007, -7.861124191999977, 0.0], [112.51014028000009, -7.861063137999963, 0.0], [112.51014004900003, -7.8609992929999635, 0.0], [112.510139976, -7.860978921999958, 0.0], [112.51015158200005, -7.860917548999964, 0.0], [112.51015881100011, -7.860879325999974, 0.0], [112.51015910300009, -7.860874028999945, 0.0], [112.51016241400009, -7.860814236999943, 0.0], [112.51010848900012, -7.860764665999966, 0.0], [112.50998375300003, -7.860772770999972, 0.0], [112.50993968800003, -7.860795896999946, 0.0], [112.50990388700006, -7.860787970999979, 0.0], [112.5098761590001, -7.860744447999934, 0.0], [112.50985279400004, -7.860652658999982, 0.0], [112.50984907400004, -7.860650171999964, 0.0], [112.50983409100002, -7.860640154999942, 0.0], [112.5097816010001, -7.860605063999969, 0.0], [112.50968959500005, -7.860576426999955, 0.0], [112.50959930200008, -7.86055474099993, 0.0], [112.509531089, -7.860534887999961, 0.0], [112.50949257800005, -7.860501531999944, 0.0], [112.509458601, -7.860458845999972, 0.0], [112.50945622400002, -7.860441547999926, 0.0], [112.5094593870001, -7.860346615999958, 0.0], [112.50944194300007, -7.860299784999938, 0.0], [112.50941955500002, -7.860277153999959, 0.0], [112.5093493600001, -7.860175706999939, 0.0], [112.50930607200007, -7.860148109999955, 0.0], [112.50922541300008, -7.860136914999941, 0.0], [112.50914606600008, -7.860021659999973, 0.0], [112.50911525400011, -7.859929639999962, 0.0], [112.50910726900008, -7.8598444949999475, 0.0], [112.5090685130001, -7.85974319099995, 0.0], [112.50887543300007, -7.859695076999969, 0.0], [112.50878399300007, -7.8596217159999355, 0.0], [112.50869534900005, -7.8595253769999545, 0.0], [112.50860282200006, -7.859416609999926, 0.0], [112.50839213600011, -7.859343517999946, 0.0], [112.50824818700005, -7.859346905999928, 0.0], [112.50801148500011, -7.859444412999949, 0.0], [112.50775939500011, -7.859533362999969, 0.0], [112.50750688400001, -7.859517126999947, 0.0], [112.50738791100002, -7.859487383999976, 0.0], [112.50725855600001, -7.859528387999944, 0.0], [112.50719789900006, -7.859524126999929, 0.0], [112.5071477240001, -7.859444641999971, 0.0], [112.50711301800004, -7.8594017009999675, 0.0], [112.50701820500001, -7.85941261499994, 0.0], [112.50695234200009, -7.859445748999974, 0.0], [112.50693741100008, -7.85946374699995, 0.0], [112.50672761200008, -7.859503376999953, 0.0], [112.50668565600006, -7.859512498999948, 0.0], [112.5066143030001, -7.859498233999943, 0.0], [112.50652593600012, -7.8594784529999515, 0.0], [112.50646814200002, -7.8594202839999525, 0.0], [112.50644291600008, -7.85934476999995, 0.0], [112.50645395700008, -7.859300993999966, 0.0], [112.50654389900001, -7.859291698999925, 0.0], [112.50661578100005, -7.859264525999947, 0.0], [112.50666664700009, -7.859231445999967, 0.0], [112.50673579400006, -7.8591711869999585, 0.0], [112.50676510100004, -7.859114379999937, 0.0], [112.50678226500008, -7.859083453999972, 0.0], [112.50684885800001, -7.858987034999927, 0.0], [112.50694885500002, -7.8589050919999295, 0.0], [112.50694469100006, -7.8587483969999425, 0.0], [112.50677936300008, -7.858818159999942, 0.0], [112.50671170100009, -7.858876595999959, 0.0], [112.50665027900004, -7.858944443999974, 0.0], [112.50660985800005, -7.859046270999954, 0.0], [112.5065271410001, -7.859070383999949, 0.0], [112.50641072200006, -7.859048778999977, 0.0], [112.5063061190001, -7.858984555999939, 0.0], [112.50618135000002, -7.858983806999959, 0.0], [112.50603242600005, -7.858999325999946, 0.0], [112.50597391200006, -7.858946269999933, 0.0], [112.5058608920001, -7.858932373999949, 0.0], [112.50572063300001, -7.858971581999981, 0.0], [112.50554663500009, -7.859025319999944, 0.0], [112.50534571900005, -7.859199735999937, 0.0], [112.50525650800012, -7.859208391999971, 0.0], [112.50517560700007, -7.859179838999978, 0.0], [112.50500428500004, -7.859060864999947, 0.0], [112.50489007100009, -7.85900851699995, 0.0], [112.50479965200009, -7.858965686999966, 0.0], [112.50466640200011, -7.859041829999967, 0.0], [112.50450260200012, -7.859069732999956, 0.0], [112.5044064330001, -7.859259002999977, 0.0], [112.50424004000001, -7.8593980039999565, 0.0], [112.50413340300008, -7.859308329999976, 0.0], [112.50390504100005, -7.859057002999975, 0.0], [112.50387990600007, -7.859085407999942, 0.0], [112.50381099100002, -7.85910359899998, 0.0], [112.50378408400002, -7.8591276209999705, 0.0], [112.50372984, -7.858425059999945, 0.0], [112.5034821160001, -7.858456254999965, 0.0], [112.50332113000002, -7.858459720999974, 0.0], [112.50283339100008, -7.858405958999981, 0.0], [112.50276805400006, -7.8583851389999495, 0.0], [112.5024212400001, -7.858287805999964, 0.0], [112.50230910100004, -7.858282995999957, 0.0], [112.50176981100003, -7.858352340999943, 0.0], [112.50131901600002, -7.858430512999973, 0.0], [112.50121891700007, -7.858473956999944, 0.0], [112.50108076100003, -7.858559472999957, 0.0], [112.50074450400007, -7.858767610999962, 0.0], [112.50039798800003, -7.85905394599996, 0.0], [112.50003642900003, -7.859394019999968, 0.0], [112.49957293700004, -7.859678949999932, 0.0], [112.49943825100002, -7.85968424899994, 0.0], [112.49935607300006, -7.859689294999953, 0.0], [112.49913847500011, -7.859743796999965, 0.0], [112.49908488100004, -7.859779353999954, 0.0], [112.49889448300007, -7.859100832999957, 0.0], [112.49880369800007, -7.858875062999971, 0.0], [112.49863378500004, -7.858508859999972, 0.0], [112.49863586400011, -7.858440499999972, 0.0], [112.49867157000006, -7.858361418999948, 0.0], [112.49876847300004, -7.858285708999972, 0.0], [112.49884935000011, -7.858181482999953, 0.0], [112.49908122200009, -7.858147548999966, 0.0], [112.4995133000001, -7.858088562999967, 0.0], [112.49968084600005, -7.858166584999935, 0.0], [112.49979981900003, -7.8581951389999745, 0.0], [112.50060407700005, -7.858518744999969, 0.0], [112.50069925600008, -7.8585425399999735, 0.0], [112.50078015700001, -7.8585235039999475, 0.0], [112.50078967500008, -7.8584806739999635, 0.0], [112.50078299600011, -7.858448235999958, 0.0], [112.50075636300005, -7.858318869999948, 0.0], [112.50066118400002, -7.858114236999938, 0.0], [112.500613595, -7.857990504999975, 0.0], [112.50062311200008, -7.857885807999935, 0.0], [112.50071353200008, -7.857781111999941, 0.0], [112.5009134070001, -7.857700210999951, 0.0], [112.5015939330001, -7.857447987999933, 0.0], [112.50165807200005, -7.8574328959999775, 0.0], [112.50183663700011, -7.857390880999958, 0.0], [112.50197940500004, -7.857309978999979, 0.0], [112.50203413300005, -7.857226697999977, 0.0], [112.50222052000004, -7.856779371999949, 0.0], [112.50233156600007, -7.8565128599999525, 0.0], [112.50249812800007, -7.856072658999949, 0.0], [112.50246549500002, -7.855488315999935, 0.0], [112.50244231200008, -7.855073184999981, 0.0], [112.50236111100003, -7.854882791999955, 0.0], [112.50221348200012, -7.8545366359999775, 0.0], [112.50197772800004, -7.853983853999978, 0.0], [112.50200976200006, -7.853609590999952, 0.0], [112.50205166600006, -7.853119999999933, 0.0], [112.5022698680001, -7.852849469999967, 0.0], [112.50252913600002, -7.85252802399998, 0.0], [112.50282605100006, -7.852081557999952, 0.0], [112.50303526300002, -7.851766967999936, 0.0], [112.50308469200002, -7.851692641999932, 0.0], [112.50342807000004, -7.851102852999929, 0.0], [112.503729754, -7.8507866789999525, 0.0], [112.50375793, -7.850757149999936, 0.0], [112.50425955500009, -7.85013808399998, 0.0], [112.5043533380001, -7.850029166999946, 0.0], [112.50485303300002, -7.849448828999925, 0.0], [112.50517704700007, -7.8490725209999255, 0.0], [112.50553548900007, -7.848669293999933, 0.0], [112.50602312700005, -7.84816511899993, 0.0], [112.50615361400003, -7.848041714999965, 0.0], [112.5064172540001, -7.847792387999959, 0.0], [112.50641868800005, -7.847791030999929, 0.0], [112.50713000000007, -7.847118332999969, 0.0], [112.50809188300002, -7.846994941999981, 0.0], [112.50894157500011, -7.847092380999925, 0.0], [112.510816567, -7.846956917999933, 0.0], [112.51106450900011, -7.846939003999978, 0.0], [112.5112742010001, -7.846923852999964, 0.0], [112.5118341540001, -7.846951961999935, 0.0], [112.51268088900008, -7.847087789999932, 0.0], [112.513643935, -7.8473066959999755, 0.0], [112.51444644200001, -7.847346204999951, 0.0], [112.51449324700002, -7.847348509999961, 0.0], [112.51497505400005, -7.847300226999948, 0.0], [112.51499316600007, -7.8470902739999815, 0.0], [112.51493867700003, -7.847017019999953, 0.0], [112.51476548100004, -7.846892753999953, 0.0], [112.51472338000008, -7.846832051999968, 0.0], [112.5147148320001, -7.846819724999932, 0.0], [112.51471469100011, -7.846780967999962, 0.0], [112.51489562600011, -7.846656861999975, 0.0], [112.5149367360001, -7.846556367999938, 0.0], [112.51499400600005, -7.846470030999967, 0.0], [112.51504511500002, -7.846385710999925, 0.0], [112.51508702000001, -7.846316574999946, 0.0], [112.51519833300006, -7.8461433329999295, 0.0], [112.5153292010001, -7.84627670499998, 0.0], [112.51549029800003, -7.846372542999973, 0.0], [112.51573894300009, -7.846450955999956, 0.0], [112.51588973500009, -7.846351123999966, 0.0], [112.51596854000002, -7.8462491569999315, 0.0], [112.51605225800006, -7.846178276999979, 0.0], [112.51618499900007, -7.846062957999948, 0.0], [112.51631226100005, -7.8460912099999405, 0.0], [112.51640461000011, -7.846084894999933, 0.0], [112.51646694200008, -7.84607151199998, 0.0], [112.51660851700001, -7.846076982999932, 0.0], [112.51674179600002, -7.846109997999974, 0.0], [112.51686782900003, -7.846129879999978, 0.0], [112.51693987100009, -7.846147563999978, 0.0], [112.51696352400006, -7.846175159999973, 0.0], [112.51708631700001, -7.846059699999955, 0.0], [112.51723344000004, -7.845940740999936, 0.0], [112.51744166700007, -7.845701665999968, 0.0], [112.5175820830001, -7.845817465999971, 0.0]]]], "type": "MultiPolygon"}}, {"type": "Feature", "properties": {"village_name": "Sidomulyo", "district_name": "Batu", "kecamatan": "Batu", "kabupaten": "Kota Batu", "provinsi": "Jawa Timur", "kode_desa": "35.79.01.2007", "last_updated": "2026-09-01T08:57:00.626128+00:00", "hourly_temp_today": [18.8, 18.1, 17.6, 17.3, 16.8, 16.1, 16.4, 19.9, 21.7, 23.9, 25.6, 26.9, 27.7, 27.8, 27.3, 26.5, 24.9, 22.8, 21.3, 20.5, 19.9, 19.0, 18.3, 17.7], "suhu_current": 26.5, "suhu_siang_1200": 27.7, "suhu_malam_2400": 18.8}, "geometry": {"coordinates": [[[[112.52368056600005, -7.840002245999926, 0.0], [112.52352049700005, -7.840359692999925, 0.0], [112.52351195300002, -7.840429926999946, 0.0], [112.52350025100009, -7.840558915999964, 0.0], [112.52337229500006, -7.840735467999934, 0.0], [112.52333828300004, -7.840882969999939, 0.0], [112.5235256950001, -7.840957893999928, 0.0], [112.5235964210001, -7.840785284999981, 0.0], [112.52386761600008, -7.840808227999958, 0.0], [112.52386821400012, -7.840808109999955, 0.0], [112.5240480120001, -7.84076222799996, 0.0], [112.52410172100008, -7.840761995999969, 0.0], [112.52433648400006, -7.8407528099999695, 0.0], [112.52452950400004, -7.840726879999977, 0.0], [112.52466731200002, -7.84072049699995, 0.0], [112.52475000000004, -7.840716666999981, 0.0], [112.5249093970001, -7.840292460999933, 0.0], [112.52491131700003, -7.84029245399995, 0.0], [112.52501882900003, -7.840448475999949, 0.0], [112.5250198550001, -7.840449965999937, 0.0], [112.5250547170001, -7.840391544999932, 0.0], [112.52505562400006, -7.84039002399993, 0.0], [112.52516764900008, -7.840557454999953, 0.0], [112.52516900500007, -7.840559480999957, 0.0], [112.52520649600001, -7.840424408999979, 0.0], [112.52520689500011, -7.840422971999942, 0.0], [112.525255044, -7.840468254999962, 0.0], [112.52525774000003, -7.840549589999966, 0.0], [112.52538116500011, -7.840660025999966, 0.0], [112.525382906, -7.8406615839999745, 0.0], [112.52539203600008, -7.840581707999945, 0.0], [112.5253922070001, -7.840580204999981, 0.0], [112.52562194100005, -7.840776823999931, 0.0], [112.52562325200006, -7.840777945999946, 0.0], [112.52562664200002, -7.840747761999978, 0.0], [112.526172169, -7.840864572999976, 0.0], [112.52617351700007, -7.84090531399994, 0.0], [112.52630484600002, -7.840930364999963, 0.0], [112.52639256600003, -7.840931375999958, 0.0], [112.52644010600011, -7.840925782999932, 0.0], [112.52644072200007, -7.840925710999954, 0.0], [112.52668378400006, -7.84093792799996, 0.0], [112.52670516400008, -7.84093910699994, 0.0], [112.52750219500001, -7.841402753999944, 0.0], [112.52750761300001, -7.841632388999926, 0.0], [112.52806039000006, -7.841631817999939, 0.0], [112.52827635900007, -7.841642517999958, 0.0], [112.52853111600007, -7.841631545999974, 0.0], [112.52875484900005, -7.841639251999936, 0.0], [112.52875620000009, -7.841639174999955, 0.0], [112.528760637, -7.841805842999975, 0.0], [112.52893432100007, -7.841785182999956, 0.0], [112.5289791140001, -7.84209550099996, 0.0], [112.5288808040001, -7.842505453999934, 0.0], [112.52874537600007, -7.842737539999973, 0.0], [112.5286808520001, -7.84293874399998, 0.0], [112.52872006300004, -7.843164453999975, 0.0], [112.52872439900011, -7.843300331999956, 0.0], [112.52877074300011, -7.843376723999938, 0.0], [112.528765754, -7.84358728199993, 0.0], [112.52856471000007, -7.843721991999928, 0.0], [112.52851546500005, -7.843902086999947, 0.0], [112.5285256410001, -7.8439720539999485, 0.0], [112.52853899700006, -7.844052726999962, 0.0], [112.52865253800007, -7.844068343999936, 0.0], [112.52861340100003, -7.8441916999999535, 0.0], [112.52841308200004, -7.84418455499997, 0.0], [112.52844897300008, -7.844290610999963, 0.0], [112.52847105700005, -7.844355865999944, 0.0], [112.52854650600011, -7.844518281999967, 0.0], [112.52861257500001, -7.844740065999929, 0.0], [112.52874594800005, -7.844996057999936, 0.0], [112.52888804700001, -7.845127561999959, 0.0], [112.52902370900006, -7.8451562779999335, 0.0], [112.52908844500007, -7.844980292999935, 0.0], [112.52939042700007, -7.845073437999929, 0.0], [112.52959298300004, -7.845121552999956, 0.0], [112.5300071480001, -7.845219932999953, 0.0], [112.53007327500006, -7.845052694999936, 0.0], [112.53036666700007, -7.845168333999936, 0.0], [112.53046997000001, -7.845277343999953, 0.0], [112.53074393800011, -7.8454019539999535, 0.0], [112.53061301100001, -7.8456835489999435, 0.0], [112.5304831730001, -7.845869678999975, 0.0], [112.53037175800011, -7.845845201999964, 0.0], [112.53036270100006, -7.845992612999964, 0.0], [112.53041881100012, -7.846114904999979, 0.0], [112.5304442800001, -7.846256447999963, 0.0], [112.53040354900008, -7.84643127399994, 0.0], [112.53016934700008, -7.846552707999933, 0.0], [112.53004298400003, -7.846639296999967, 0.0], [112.52997630800007, -7.846907976999944, 0.0], [112.52990894900006, -7.8469900459999735, 0.0], [112.529873769, -7.847211240999968, 0.0], [112.52988864200006, -7.847341816999972, 0.0], [112.5299942580001, -7.84748641799996, 0.0], [112.53001178500006, -7.8475552589999324, 0.0], [112.52995327300005, -7.847694714999932, 0.0], [112.52997366200009, -7.8477592379999805, 0.0], [112.53001298700008, -7.847883982999974, 0.0], [112.52985309900009, -7.847857290999968, 0.0], [112.52977435500009, -7.84797528799993, 0.0], [112.52967996000007, -7.848143583999956, 0.0], [112.52965140100002, -7.84820684999994, 0.0], [112.52957392300004, -7.84827747199995, 0.0], [112.52950499300005, -7.84832365799997, 0.0], [112.52953540700003, -7.8483737899999255, 0.0], [112.52956287400002, -7.848405270999933, 0.0], [112.52960042300003, -7.848438150999925, 0.0], [112.52962498900001, -7.848463899999956, 0.0], [112.52963955700011, -7.848511218999931, 0.0], [112.52965270800007, -7.848564283999963, 0.0], [112.52958618500008, -7.848645432999945, 0.0], [112.52955764900003, -7.8487040009999305, 0.0], [112.52949873900002, -7.848824906999937, 0.0], [112.52914002000011, -7.84869217499994, 0.0], [112.52897740600008, -7.849113584999941, 0.0], [112.52896149700007, -7.849271146999968, 0.0], [112.52901978600005, -7.84946472799993, 0.0], [112.52907873900006, -7.849628680999956, 0.0], [112.52901327300003, -7.849769477999928, 0.0], [112.52893868900003, -7.84987681299998, 0.0], [112.52895888, -7.8501494849999744, 0.0], [112.52904645900003, -7.8504793319999635, 0.0], [112.52908567000009, -7.850704083999972, 0.0], [112.52908631700006, -7.850881125999933, 0.0], [112.52908668400005, -7.8509816099999625, 0.0], [112.52917827500005, -7.8510961169999405, 0.0], [112.52927128300007, -7.851204493999944, 0.0], [112.52931624000007, -7.851294766999956, 0.0], [112.52933830300003, -7.851342260999957, 0.0], [112.52937282800008, -7.851416577999942, 0.0], [112.52928032900002, -7.851712728999928, 0.0], [112.52924487700011, -7.851859398999977, 0.0], [112.5291883540001, -7.8519852099999525, 0.0], [112.52908397800002, -7.852147082999977, 0.0], [112.52898864300005, -7.852320886999962, 0.0], [112.52891414800001, -7.852452744999937, 0.0], [112.52886053600002, -7.8525546209999675, 0.0], [112.52882183300005, -7.85263251799995, 0.0], [112.52872118700009, -7.852764901999933, 0.0], [112.52875975900008, -7.852815003999979, 0.0], [112.52887666200002, -7.85282796599995, 0.0], [112.5290115680001, -7.852849018999962, 0.0], [112.52916448200006, -7.8529992559999755, 0.0], [112.52922334200002, -7.853079991999948, 0.0], [112.52931061100003, -7.853199693999954, 0.0], [112.5293931860001, -7.853341507999971, 0.0], [112.52946711700008, -7.853481917999943, 0.0], [112.52947018000009, -7.853532149999978, 0.0], [112.52945595800009, -7.853579572999934, 0.0], [112.52944172500008, -7.853624124999953, 0.0], [112.52940731300009, -7.853661572999954, 0.0], [112.52942517000008, -7.853820848999931, 0.0], [112.52943845200002, -7.853909800999929, 0.0], [112.5293726640001, -7.854027751999979, 0.0], [112.52937766800005, -7.854092480999952, 0.0], [112.52942729800009, -7.854208359999973, 0.0], [112.52948703100003, -7.854271303999951, 0.0], [112.52954666500011, -7.854307452999933, 0.0], [112.52959849600006, -7.854309178999927, 0.0], [112.52961986200012, -7.854378004999944, 0.0], [112.52965290400005, -7.854490809999959, 0.0], [112.52975847900007, -7.854492339999979, 0.0], [112.52995046100011, -7.854377256999953, 0.0], [112.52999372200009, -7.854397434999953, 0.0], [112.53000824900005, -7.854433269999959, 0.0], [112.52996108900004, -7.85478444499995, 0.0], [112.52991560400005, -7.854943471999945, 0.0], [112.52988328200001, -7.855027805999953, 0.0], [112.52981307700009, -7.855190009999944, 0.0], [112.52983241200002, -7.855228218999969, 0.0], [112.53005222000002, -7.855302782999956, 0.0], [112.5302515080001, -7.855342728999972, 0.0], [112.53039565600011, -7.855394839999974, 0.0], [112.53050750600005, -7.855472188999954, 0.0], [112.5305375580001, -7.855488826999931, 0.0], [112.53071089000002, -7.85553506499997, 0.0], [112.5309812480001, -7.8555654689999415, 0.0], [112.53109074500003, -7.855589951999946, 0.0], [112.53109390300006, -7.85566602199998, 0.0], [112.53108415800011, -7.855756493999934, 0.0], [112.5311258910001, -7.855954416999964, 0.0], [112.5310917810001, -7.856139958999961, 0.0], [112.53118741100002, -7.856374075999952, 0.0], [112.53114447000007, -7.856441221999944, 0.0], [112.53111290400011, -7.856666231999952, 0.0], [112.53114090000008, -7.8566893369999775, 0.0], [112.5311418120001, -7.8569381529999305, 0.0], [112.53116124700011, -7.857003875999965, 0.0], [112.53109325300011, -7.857109392999973, 0.0], [112.53110902000003, -7.857155989999967, 0.0], [112.53113832600002, -7.857296540999926, 0.0], [112.53133686700005, -7.85745970399995, 0.0], [112.53137815900004, -7.857597121999959, 0.0], [112.53151177400002, -7.857721044999948, 0.0], [112.53159458000005, -7.857729116999963, 0.0], [112.53178518600009, -7.857691338999928, 0.0], [112.53190589600001, -7.857894260999956, 0.0], [112.53188758100009, -7.857995230999961, 0.0], [112.53179322200003, -7.8581080219999535, 0.0], [112.5316566670001, -7.858439999999973, 0.0], [112.53142841200008, -7.8584744989999535, 0.0], [112.53131518200007, -7.858539217999976, 0.0], [112.53126891600004, -7.858583048999947, 0.0], [112.53120332600008, -7.858755547999976, 0.0], [112.53116195300004, -7.858857618999934, 0.0], [112.53107885300005, -7.858965583999975, 0.0], [112.53107934400009, -7.858968811999944, 0.0], [112.5310722480001, -7.858931275999964, 0.0], [112.53102311400005, -7.858951445999935, 0.0], [112.53095581700006, -7.858979071999954, 0.0], [112.5309236820001, -7.858951807999972, 0.0], [112.53086484000005, -7.858901886999945, 0.0], [112.53077465800004, -7.858952350999971, 0.0], [112.53067376600006, -7.859008808999931, 0.0], [112.53062486800002, -7.859021906999942, 0.0], [112.53062540500002, -7.859168325999974, 0.0], [112.53058222300001, -7.859169917999964, 0.0], [112.53058033800005, -7.8594412339999735, 0.0], [112.53048962000003, -7.859434387999954, 0.0], [112.53053615400006, -7.859561977999931, 0.0], [112.53056547100005, -7.859705419999955, 0.0], [112.53052478900008, -7.8598656269999765, 0.0], [112.53048801700004, -7.859979403999944, 0.0], [112.53054031200008, -7.860173005999968, 0.0], [112.53054331600003, -7.860338076999938, 0.0], [112.5306154220001, -7.86037250499993, 0.0], [112.53078347300004, -7.860399405999942, 0.0], [112.5308183950001, -7.860435166999935, 0.0], [112.53090006600007, -7.860461185999952, 0.0], [112.53096871000002, -7.860532710999962, 0.0], [112.53103669100005, -7.860648580999964, 0.0], [112.53103912300003, -7.860652726999945, 0.0], [112.53117833400006, -7.860889999999927, 0.0], [112.53113486400002, -7.861023762999935, 0.0], [112.53113148800003, -7.8610847839999565, 0.0], [112.53108503100009, -7.861174671999947, 0.0], [112.5311068210001, -7.861228423999933, 0.0], [112.53111303000003, -7.861285821999957, 0.0], [112.53109146800011, -7.861294273999931, 0.0], [112.53106170500007, -7.861356586999932, 0.0], [112.53096978300005, -7.861480135999955, 0.0], [112.53088599600005, -7.861531879999973, 0.0], [112.53087357600009, -7.861693061999972, 0.0], [112.53114404500002, -7.861841606999974, 0.0], [112.53123815700008, -7.861712756999964, 0.0], [112.53122741700008, -7.861827640999934, 0.0], [112.53122944800009, -7.86187797599996, 0.0], [112.53123205300005, -7.861942506999981, 0.0], [112.53123375100006, -7.861984565999933, 0.0], [112.53124298600005, -7.862243424999974, 0.0], [112.53124337800011, -7.862254403999941, 0.0], [112.53124675400011, -7.862339902999963, 0.0], [112.53124972600006, -7.8624151559999405, 0.0], [112.53125432600007, -7.862622807999969, 0.0], [112.5312432830001, -7.862752042999944, 0.0], [112.53105418300004, -7.862743162999948, 0.0], [112.53103417500006, -7.863044689999981, 0.0], [112.53117293700006, -7.863066672999935, 0.0], [112.53115021300005, -7.863179813999977, 0.0], [112.53112581000005, -7.86330130999994, 0.0], [112.5311930260001, -7.863310634999948, 0.0], [112.53123024800004, -7.862992296999948, 0.0], [112.53126620300009, -7.862982595999938, 0.0], [112.53128698900002, -7.862762410999949, 0.0], [112.53128723500004, -7.8627532109999265, 0.0], [112.53128997200008, -7.862650790999965, 0.0], [112.53129138800011, -7.862597763999929, 0.0], [112.53129753700011, -7.862367609999978, 0.0], [112.5312920020001, -7.8621666609999465, 0.0], [112.53128903200002, -7.862011159999952, 0.0], [112.53127871600009, -7.861815012999955, 0.0], [112.53130062600007, -7.861627227999975, 0.0], [112.53148513400004, -7.861669656999936, 0.0], [112.53154290100008, -7.861719687999937, 0.0], [112.53160362400001, -7.861757746999956, 0.0], [112.53172665400007, -7.861775240999975, 0.0], [112.53184670600001, -7.861798728999929, 0.0], [112.53197756400004, -7.861798251999971, 0.0], [112.53208363600004, -7.861797864999971, 0.0], [112.53270301600003, -7.861680407999927, 0.0], [112.53283464900005, -7.861590208999928, 0.0], [112.53303250200008, -7.861565561999953, 0.0], [112.53318817000002, -7.861447301999931, 0.0], [112.53327430600007, -7.861381863999952, 0.0], [112.53327774900004, -7.861379247999935, 0.0], [112.53345333300001, -7.861526666999964, 0.0], [112.5333937580001, -7.861608504999936, 0.0], [112.53339988900007, -7.861762746999943, 0.0], [112.53339661300004, -7.861915877999934, 0.0], [112.53339879700002, -7.862089642999933, 0.0], [112.53339630100004, -7.86241679699998, 0.0], [112.53355826500001, -7.862419195999962, 0.0], [112.53353931900006, -7.862895862999949, 0.0], [112.53352166600007, -7.863339999999937, 0.0], [112.5332887290001, -7.863349317999962, 0.0], [112.53328153100006, -7.863349604999939, 0.0], [112.53289666700005, -7.863364999999931, 0.0], [112.53281507200006, -7.863561894999975, 0.0], [112.5327947830001, -7.863767616999951, 0.0], [112.53279377600006, -7.8637778269999785, 0.0], [112.53278492400011, -7.863867576999951, 0.0], [112.53278037400003, -7.863913717999935, 0.0], [112.53277027500008, -7.86410395799993, 0.0], [112.5326051180001, -7.864212222999981, 0.0], [112.5325263100001, -7.8643129949999775, 0.0], [112.53241167200008, -7.864298670999972, 0.0], [112.53230306900002, -7.864285099999961, 0.0], [112.53223153800002, -7.8644073789999425, 0.0], [112.53224650000004, -7.864561639999977, 0.0], [112.53221463600005, -7.864705305999962, 0.0], [112.53221484700009, -7.864762724999935, 0.0], [112.53231333300005, -7.8647699999999645, 0.0], [112.53255697300006, -7.864822484999934, 0.0], [112.53259681200007, -7.864890524999964, 0.0], [112.53256857300005, -7.865041355999949, 0.0], [112.53273060600009, -7.865062296999952, 0.0], [112.5328136070001, -7.865123001999962, 0.0], [112.53291619700008, -7.865161782999962, 0.0], [112.53291079000007, -7.865257501999963, 0.0], [112.53311585000006, -7.86532077399994, 0.0], [112.53319838200002, -7.865355394999938, 0.0], [112.53326003400002, -7.865381255999978, 0.0], [112.5332889980001, -7.8653823599999555, 0.0], [112.53356959300004, -7.865393044999962, 0.0], [112.53359100000011, -7.8654508559999385, 0.0], [112.53368106800008, -7.865694091999956, 0.0], [112.53355889700003, -7.8657471729999315, 0.0], [112.53355749100001, -7.866017528999976, 0.0], [112.53343505600003, -7.866030198999965, 0.0], [112.53341557600004, -7.86622688999995, 0.0], [112.53340595700001, -7.8662334419999524, 0.0], [112.5332895680001, -7.866312724999943, 0.0], [112.53319181000006, -7.866349447999937, 0.0], [112.53309203700007, -7.866328556999974, 0.0], [112.5330683950001, -7.866194865999944, 0.0], [112.53309116000003, -7.866121582999938, 0.0], [112.53309837000006, -7.866098374999979, 0.0], [112.53311792900001, -7.866091712999946, 0.0], [112.53314077300001, -7.866039951999937, 0.0], [112.53312133700001, -7.865975747999926, 0.0], [112.53311357100006, -7.86595009399997, 0.0], [112.53301153000007, -7.865866249999954, 0.0], [112.53295774300011, -7.865834946999939, 0.0], [112.53267490200005, -7.865670337999973, 0.0], [112.53241172600008, -7.865613878999966, 0.0], [112.53219098900001, -7.865614684999969, 0.0], [112.53190214900008, -7.86570278399995, 0.0], [112.53188613200007, -7.86570766899996, 0.0], [112.53160433700009, -7.865808224999967, 0.0], [112.53141238500007, -7.865807011999948, 0.0], [112.5313007950001, -7.865764078999973, 0.0], [112.53125776800005, -7.865747523999971, 0.0], [112.53044313500004, -7.865242089999981, 0.0], [112.5303436260001, -7.865095912999948, 0.0], [112.53021725600001, -7.864985719999936, 0.0], [112.53016342500007, -7.864971803999936, 0.0], [112.53004614000008, -7.864941483999928, 0.0], [112.52997396100011, -7.864927974999944, 0.0], [112.52990508200003, -7.864915081999925, 0.0], [112.52950331700004, -7.864949443999933, 0.0], [112.52918047700007, -7.864971803999936, 0.0], [112.52904755700001, -7.864981009999951, 0.0], [112.52894796300006, -7.864971803999936, 0.0], [112.52879854000003, -7.864957991999972, 0.0], [112.52871740900002, -7.86491641899994, 0.0], [112.52870492000011, -7.8647818869999355, 0.0], [112.52878839200002, -7.864644013999964, 0.0], [112.52879874000007, -7.864626782999949, 0.0], [112.52888378500006, -7.864485162999927, 0.0], [112.5289097000001, -7.864406681999981, 0.0], [112.52891938000005, -7.864377370999932, 0.0], [112.52889786000003, -7.864233899999931, 0.0], [112.52878052200003, -7.864132645999973, 0.0], [112.5285463250001, -7.864061723999953, 0.0], [112.52841108000007, -7.8639844599999265, 0.0], [112.52833281700009, -7.86390698799994, 0.0], [112.52820375500005, -7.8638805429999366, 0.0], [112.52805694000006, -7.863919955999961, 0.0], [112.5279832540001, -7.864006313999937, 0.0], [112.52787775800005, -7.8641299509999385, 0.0], [112.52773540900012, -7.864189342999964, 0.0], [112.5274647540001, -7.864266305999934, 0.0], [112.52725701300005, -7.864244489999976, 0.0], [112.52723900800004, -7.864238158999967, 0.0], [112.52700199500009, -7.86415481399996, 0.0], [112.5268000000001, -7.8640649999999255, 0.0], [112.52664973300011, -7.864094206999937, 0.0], [112.52638110900011, -7.864114459999939, 0.0], [112.52626742600012, -7.864100998999959, 0.0], [112.52620449100004, -7.863921321999953, 0.0], [112.5263094720001, -7.8636248509999405, 0.0], [112.52634754400003, -7.863401180999972, 0.0], [112.52630092300001, -7.863237301999959, 0.0], [112.52624655600005, -7.863132827999948, 0.0], [112.52618050500007, -7.863119904999962, 0.0], [112.5260664760001, -7.863097594999942, 0.0], [112.52589199900001, -7.863146678999954, 0.0], [112.52518208700008, -7.863190248999956, 0.0], [112.5251149830001, -7.863194365999959, 0.0], [112.52483147400005, -7.86311732799993, 0.0], [112.5245052460001, -7.862870164999947, 0.0], [112.52430596600004, -7.862703602999943, 0.0], [112.52409771400005, -7.86255493799996, 0.0], [112.52401686600001, -7.862424522999959, 0.0], [112.52398372900007, -7.862251722999929, 0.0], [112.52401141400003, -7.862199419999968, 0.0], [112.524061888, -7.862104061999958, 0.0], [112.52411790100007, -7.862023822999959, 0.0], [112.52412857600007, -7.862008530999958, 0.0], [112.5243311260001, -7.861718369999949, 0.0], [112.5248497120001, -7.860965287999932, 0.0], [112.52507814, -7.860635969999976, 0.0], [112.52512573000001, -7.860477973999934, 0.0], [112.52510888400002, -7.860401282999931, 0.0], [112.52505786100005, -7.860268764999944, 0.0], [112.52503371600005, -7.8602404759999445, 0.0], [112.52493043000004, -7.860119467999937, 0.0], [112.52488558800007, -7.8601114569999595, 0.0], [112.5247335570001, -7.860084295999968, 0.0], [112.52464060000011, -7.860130074999972, 0.0], [112.52442655700008, -7.860242679999942, 0.0], [112.52434706700001, -7.860284497999942, 0.0], [112.52422534200002, -7.860401830999933, 0.0], [112.52403926300008, -7.86049832599997, 0.0], [112.52400068300005, -7.86047422799993, 0.0], [112.52393274200006, -7.860431791999929, 0.0], [112.52389484200012, -7.860295367999981, 0.0], [112.52389613300011, -7.860244604999934, 0.0], [112.52390123900011, -7.8600438509999435, 0.0], [112.5239090340001, -7.859861981999927, 0.0], [112.52391749900005, -7.85966450199993, 0.0], [112.52392793900003, -7.859519622999926, 0.0], [112.52397407000001, -7.859370096999953, 0.0], [112.52401404600005, -7.859311085999934, 0.0], [112.5240292740001, -7.8592501719999746, 0.0], [112.52401404500006, -7.859202582999956, 0.0], [112.5240311770001, -7.8591283439999415, 0.0], [112.52401975600003, -7.85905220099994, 0.0], [112.52399786900003, -7.858989683999937, 0.0], [112.52386904700006, -7.858929859999932, 0.0], [112.52358104200005, -7.85888251199998, 0.0], [112.52333832000011, -7.858868303999941, 0.0], [112.52293980900004, -7.858865703999982, 0.0], [112.5227803360001, -7.858825665999973, 0.0], [112.52269816400008, -7.858722916999966, 0.0], [112.52260672400007, -7.858578488999967, 0.0], [112.522588799, -7.858526741999981, 0.0], [112.52256487300008, -7.85845767099994, 0.0], [112.52251139600003, -7.858239615999935, 0.0], [112.52264652400004, -7.857923314999937, 0.0], [112.5227451830001, -7.857870322999929, 0.0], [112.52280337600007, -7.857864373999973, 0.0], [112.52292301800003, -7.857912235999947, 0.0], [112.52300218900007, -7.8579955019999375, 0.0], [112.52307487300004, -7.858089546999963, 0.0], [112.52317820200005, -7.858096767999939, 0.0], [112.52322325500006, -7.85808338399994, 0.0], [112.52327691200003, -7.85805931799996, 0.0], [112.52332538600001, -7.857929945999956, 0.0], [112.52334594800004, -7.857808348999981, 0.0], [112.52335160400003, -7.857774906999964, 0.0], [112.52334208600007, -7.857580741999925, 0.0], [112.52330165500007, -7.857466670999941, 0.0], [112.52328878600008, -7.857430359999967, 0.0], [112.52317777500002, -7.85717697299998, 0.0], [112.523052688, -7.857063147999952, 0.0], [112.52303370800007, -7.857000153999934, 0.0], [112.52301276900005, -7.856936326999971, 0.0], [112.523049979, -7.85683338299998, 0.0], [112.5231041400001, -7.8567812429999435, 0.0], [112.52318789700007, -7.856712714999958, 0.0], [112.5232602320001, -7.856649896999954, 0.0], [112.52332114600006, -7.856600403999948, 0.0], [112.52334589300006, -7.85653377899996, 0.0], [112.52334398900007, -7.8564462149999486, 0.0], [112.52332685700003, -7.8563110609999285, 0.0], [112.52326927900003, -7.85619528999996, 0.0], [112.52320586700012, -7.856097978999969, 0.0], [112.52301274700005, -7.856031624999957, 0.0], [112.52286310300008, -7.856023594999954, 0.0], [112.52282909700011, -7.8560109839999654, 0.0], [112.52282268400006, -7.856008603999953, 0.0], [112.5228169940001, -7.856004214999928, 0.0], [112.52274245700005, -7.855946708999966, 0.0], [112.52261581300002, -7.855796489999932, 0.0], [112.52261432800003, -7.85577677699996, 0.0], [112.5226059900001, -7.855620287999955, 0.0], [112.52263776600012, -7.855433516999938, 0.0], [112.52269106500012, -7.855342144999952, 0.0], [112.52273484700004, -7.855286940999974, 0.0], [112.52277894600002, -7.8552541999999335, 0.0], [112.52275039300002, -7.855154262999974, 0.0], [112.52264093800011, -7.855106672999966, 0.0], [112.52259810800001, -7.855111432999934, 0.0], [112.52251049400002, -7.855170688999976, 0.0], [112.52239923900004, -7.855247187999964, 0.0], [112.52234679300011, -7.855283250999946, 0.0], [112.52221389800002, -7.855422497999939, 0.0], [112.52212137800007, -7.8555090929999665, 0.0], [112.52208764600005, -7.855540665999968, 0.0], [112.52196047500001, -7.85567032199998, 0.0], [112.52175619000002, -7.85570742799996, 0.0], [112.52160738300006, -7.855693610999936, 0.0], [112.5214819040001, -7.85564966499993, 0.0], [112.52142436500003, -7.855511616999934, 0.0], [112.52134712400004, -7.855326298999955, 0.0], [112.52132965200008, -7.855284381999979, 0.0], [112.52120545700006, -7.8547812089999525, 0.0], [112.52120472400009, -7.854761164999957, 0.0], [112.52120295300006, -7.854712756999959, 0.0], [112.5211934670001, -7.854453477999925, 0.0], [112.52120051800011, -7.854430906999937, 0.0], [112.52125631600006, -7.854252280999958, 0.0], [112.52127116700001, -7.85421338499998, 0.0], [112.52135221000003, -7.854001124999968, 0.0], [112.52126602300007, -7.8538346099999785, 0.0], [112.52111345100002, -7.853769477999947, 0.0], [112.52083730600009, -7.853731345999961, 0.0], [112.52072309300002, -7.853688514999931, 0.0], [112.52063267200003, -7.853602854999963, 0.0], [112.52054701200007, -7.85346960499993, 0.0], [112.52054071700002, -7.853414677999979, 0.0], [112.52049772700002, -7.853039576999947, 0.0], [112.52042091900012, -7.852899175999937, 0.0], [112.5203643540001, -7.852855143999932, 0.0], [112.52022467300003, -7.852871156999981, 0.0], [112.52015600000004, -7.852722999999969, 0.0], [112.52010794600005, -7.8525940499999365, 0.0], [112.52010794500006, -7.852469127999939, 0.0], [112.52015791400004, -7.852404881999973, 0.0], [112.52017219100003, -7.8522906679999664, 0.0], [112.52017932900003, -7.8521764539999594, 0.0], [112.52015791500003, -7.852094361999946, 0.0], [112.52017219100003, -7.852047962999961, 0.0], [112.5202721280001, -7.851933748999954, 0.0], [112.52032209700008, -7.851769565999973, 0.0], [112.52013293000005, -7.851555413999961, 0.0], [112.52012642500006, -7.851547979999964, 0.0], [112.51993305500002, -7.851326985999947, 0.0], [112.51981170300007, -7.851205633999939, 0.0], [112.51966179700003, -7.851087849999942, 0.0], [112.51959439300003, -7.851008251999929, 0.0], [112.51964311500001, -7.8508400409999695, 0.0], [112.5197468560001, -7.850575932999959, 0.0], [112.5195844640001, -7.850519634999955, 0.0], [112.51948996600004, -7.850545111999963, 0.0], [112.51939791500001, -7.850599584999941, 0.0], [112.5193027360001, -7.850620524999954, 0.0], [112.51921136500005, -7.850588162999941, 0.0], [112.51911237900003, -7.850544380999963, 0.0], [112.51902481500008, -7.850542477999966, 0.0], [112.51897532200007, -7.850525344999937, 0.0], [112.51894289200004, -7.850304608999977, 0.0], [112.5189674070001, -7.849470684999972, 0.0], [112.51904000000002, -7.84922333399993, 0.0], [112.51924476800002, -7.849259144999962, 0.0], [112.5192731520001, -7.849147072999926, 0.0], [112.5192833000001, -7.849147868999978, 0.0], [112.51939555000001, -7.849156678999975, 0.0], [112.519555448, -7.849186247999967, 0.0], [112.51959072300008, -7.848945751999963, 0.0], [112.51960787000007, -7.848712420999959, 0.0], [112.51958897400004, -7.848464265999951, 0.0], [112.51955812500012, -7.848228117999952, 0.0], [112.51948555100012, -7.848063893999949, 0.0], [112.51938007500007, -7.847923714999979, 0.0], [112.51923564300012, -7.847792648999928, 0.0], [112.51921522000009, -7.8477720679999265, 0.0], [112.51929445200005, -7.847551401999965, 0.0], [112.51918746600006, -7.847485289999952, 0.0], [112.51914792100001, -7.847383294999929, 0.0], [112.51908385900003, -7.8472507419999715, 0.0], [112.51909684200007, -7.847192077999978, 0.0], [112.51918047600009, -7.847098467999956, 0.0], [112.5192458250001, -7.8470375639999475, 0.0], [112.51929759500001, -7.846976026999926, 0.0], [112.51932492200001, -7.846902956999941, 0.0], [112.51932018500008, -7.846798661999969, 0.0], [112.51928446500006, -7.846689736999963, 0.0], [112.51922449300002, -7.846581864999962, 0.0], [112.51910755900008, -7.846387917999948, 0.0], [112.51900471400006, -7.846298011999977, 0.0], [112.51892229500004, -7.84617985899996, 0.0], [112.51885925300007, -7.846018212999979, 0.0], [112.51890378700011, -7.8457285589999515, 0.0], [112.51905063700008, -7.8456154399999605, 0.0], [112.51968581300002, -7.845443277999948, 0.0], [112.51976200000001, -7.845386734999977, 0.0], [112.51989637800011, -7.845287004999932, 0.0], [112.51990599800001, -7.845190215999935, 0.0], [112.5199698240001, -7.84503074099996, 0.0], [112.52016896500004, -7.844818664999934, 0.0], [112.520248003, -7.844780976999971, 0.0], [112.52047610200009, -7.844828002999975, 0.0], [112.5205574580001, -7.844767895999951, 0.0], [112.5205544580001, -7.844679464999956, 0.0], [112.52048909700011, -7.844519402999936, 0.0], [112.520238285, -7.844087183999932, 0.0], [112.52021368500004, -7.8439197969999555, 0.0], [112.52021817100001, -7.843833650999954, 0.0], [112.52026793700009, -7.843663602999925, 0.0], [112.52035612500003, -7.843502985999976, 0.0], [112.5204532680001, -7.843165291999981, 0.0], [112.52047168700005, -7.84295229199995, 0.0], [112.52051912400009, -7.842801391999956, 0.0], [112.52059539400011, -7.842662351999934, 0.0], [112.52068133900002, -7.842544807999957, 0.0], [112.52077950600005, -7.84248942499994, 0.0], [112.52086617200007, -7.842429810999931, 0.0], [112.52096276700001, -7.842406402999927, 0.0], [112.52101900000002, -7.842371326999967, 0.0], [112.52103752400001, -7.842263678999927, 0.0], [112.52102663200003, -7.84215495899997, 0.0], [112.5209433120001, -7.842086972999937, 0.0], [112.52088039400007, -7.841938865999964, 0.0], [112.52080079400002, -7.841821920999962, 0.0], [112.52081283900009, -7.841758393999953, 0.0], [112.52087241900006, -7.84164812299997, 0.0], [112.521020883, -7.841568633999941, 0.0], [112.52129638400004, -7.841533028999947, 0.0], [112.5216344700001, -7.841476778999947, 0.0], [112.52192200800005, -7.841375254999946, 0.0], [112.52250170700006, -7.841047696999965, 0.0], [112.52267038100001, -7.840917890999947, 0.0], [112.52270881900006, -7.840814812999952, 0.0], [112.52271807800003, -7.840594801999941, 0.0], [112.52275527500001, -7.840531505999934, 0.0], [112.52280820800001, -7.840440876999935, 0.0], [112.52288710500011, -7.84035959199997, 0.0], [112.52289376300007, -7.840211231999945, 0.0], [112.5228623590001, -7.840135038999961, 0.0], [112.52284701600001, -7.840097813999932, 0.0], [112.52280596100002, -7.840054016999943, 0.0], [112.52278325600003, -7.840009357999975, 0.0], [112.52285685100003, -7.8400576289999435, 0.0], [112.52300215000002, -7.840093452999952, 0.0], [112.52300321900009, -7.8400936039999465, 0.0], [112.52316030700001, -7.840064534999954, 0.0], [112.52316146100009, -7.840064320999943, 0.0], [112.52321718900009, -7.840079386999946, 0.0], [112.52325947200006, -7.8400592749999305, 0.0], [112.52331956300009, -7.839996759999963, 0.0], [112.52344390100006, -7.839911334999954, 0.0], [112.52344601900006, -7.839896866999936, 0.0], [112.52368056600005, -7.840002245999926, 0.0]]]], "type": "MultiPolygon"}}, {"type": "Feature", "properties": {"village_name": "Pandanrejo", "district_name": "Bumiaji", "kecamatan": "Bumiaji", "kabupaten": "Kota Batu", "provinsi": "Jawa Timur", "kode_desa": "35.79.02.2005", "last_updated": "2026-09-01T08:57:00.626128+00:00", "hourly_temp_today": [19.2, 18.5, 17.9, 17.6, 17.2, 16.5, 16.8, 20.2, 22.1, 24.2, 25.9, 27.2, 28.0, 28.2, 27.6, 26.9, 25.2, 23.2, 21.6, 20.9, 20.2, 19.3, 18.6, 18.1], "suhu_current": 26.9, "suhu_siang_1200": 28.0, "suhu_malam_2400": 19.2}, "geometry": {"coordinates": [[[[112.56090840400009, -7.829810438999971, 0.0], [112.56249249700011, -7.830558129999929, 0.0], [112.56387734300006, -7.831129200999953, 0.0], [112.56420570900002, -7.8313290759999745, 0.0], [112.56443413700003, -7.831900145999953, 0.0], [112.56459856400011, -7.832367642999941, 0.0], [112.56465189900007, -7.832514904999925, 0.0], [112.5651723420001, -7.833094804999973, 0.0], [112.56535092000001, -7.83330660699994, 0.0], [112.56572211600007, -7.833582624999963, 0.0], [112.56577922300005, -7.833725392999952, 0.0], [112.5657471400001, -7.834052644999929, 0.0], [112.56573163400003, -7.834210802999962, 0.0], [112.565712598, -7.834248873999968, 0.0], [112.56563501300002, -7.834344362999957, 0.0], [112.5655888660001, -7.83440115999997, 0.0], [112.56548324700009, -7.83450677899998, 0.0], [112.5654223040001, -7.834567721999974, 0.0], [112.5652943450001, -7.83496323199995, 0.0], [112.56526526000005, -7.835053131999928, 0.0], [112.5651510460001, -7.835324389999926, 0.0], [112.56514159300002, -7.835512833999928, 0.0], [112.56479118300001, -7.835921040999949, 0.0], [112.56494790200009, -7.836001841999973, 0.0], [112.56453419500008, -7.837059470999975, 0.0], [112.56425762900005, -7.838584322999964, 0.0], [112.56413369400002, -7.838616955999953, 0.0], [112.5639538150001, -7.838632576999942, 0.0], [112.56374688000005, -7.838630354999964, 0.0], [112.56354598700011, -7.838640071999976, 0.0], [112.56354681300002, -7.83886137199994, 0.0], [112.56352345700009, -7.839031921999947, 0.0], [112.56349289100001, -7.839132314999972, 0.0], [112.56346420500006, -7.839226528999973, 0.0], [112.56343158600009, -7.83932533899997, 0.0], [112.56334097800004, -7.8395579709999765, 0.0], [112.56318265800007, -7.839964452999936, 0.0], [112.56317031100002, -7.839997664999942, 0.0], [112.56293325000001, -7.840635267999971, 0.0], [112.56269574700002, -7.841282114999956, 0.0], [112.56262479200007, -7.841555716999949, 0.0], [112.56252753500007, -7.841852742999947, 0.0], [112.56245222000007, -7.842075121999926, 0.0], [112.56235151900012, -7.842399769999929, 0.0], [112.56218747600008, -7.842356774999928, 0.0], [112.5620655350001, -7.842324815999973, 0.0], [112.561625821, -7.842147012999931, 0.0], [112.56124392900006, -7.842033590999961, 0.0], [112.56102059400007, -7.841976999999929, 0.0], [112.5605377490001, -7.84181370999994, 0.0], [112.5603299600001, -7.8420656889999805, 0.0], [112.5601651400001, -7.842260089999968, 0.0], [112.55994335600008, -7.842619780999939, 0.0], [112.55977907200008, -7.842957727999931, 0.0], [112.5596219580001, -7.843288469999948, 0.0], [112.55955819600001, -7.843561446999956, 0.0], [112.55953714500004, -7.843672325999933, 0.0], [112.559438193, -7.844193502999929, 0.0], [112.55940421100001, -7.844731933999981, 0.0], [112.55944132200011, -7.845033246999947, 0.0], [112.55943589000003, -7.845506975999967, 0.0], [112.55955236000011, -7.845858236999959, 0.0], [112.55966174100001, -7.846238232999951, 0.0], [112.55966283800001, -7.846532502999935, 0.0], [112.5596782770001, -7.8470983349999415, 0.0], [112.55966872700003, -7.847352271999966, 0.0], [112.55970892100004, -7.847695901999941, 0.0], [112.55959470700009, -7.847943365999981, 0.0], [112.55945193900004, -7.848219383999947, 0.0], [112.55941386800009, -7.8482955259999585, 0.0], [112.55926158200009, -7.848343115999967, 0.0], [112.55917592200001, -7.848447811999961, 0.0], [112.55910774600011, -7.848629613999947, 0.0], [112.55906170800006, -7.848752382999976, 0.0], [112.55885231500008, -7.84919972199998, 0.0], [112.55855726200002, -7.849647059999938, 0.0], [112.558176548, -7.850170541999944, 0.0], [112.55803378000007, -7.850389451999945, 0.0], [112.55789101300002, -7.85069402299996, 0.0], [112.55771969200009, -7.851093771999956, 0.0], [112.55756740600009, -7.851845681999976, 0.0], [112.55739608500005, -7.852416752999943, 0.0], [112.55731994200005, -7.852664216999926, 0.0], [112.55726283500007, -7.852797466999959, 0.0], [112.55725830100005, -7.852901757999973, 0.0], [112.55725331700012, -7.85301637699996, 0.0], [112.55724379900005, -7.853225769999938, 0.0], [112.55711054900007, -7.853501786999971, 0.0], [112.55710140600002, -7.853518039999926, 0.0], [112.55668224700003, -7.854263214999946, 0.0], [112.55645381800002, -7.854653445999929, 0.0], [112.5562063540001, -7.854938980999975, 0.0], [112.55581612300011, -7.855433908999942, 0.0], [112.55546396200009, -7.855947872999934, 0.0], [112.55519833300002, -7.855836666999949, 0.0], [112.55498734800005, -7.855719792999935, 0.0], [112.55479771300008, -7.855614747999937, 0.0], [112.55471305100002, -7.855603458999951, 0.0], [112.55472998000005, -7.855072850999932, 0.0], [112.55474283400008, -7.855006173999925, 0.0], [112.55476528800011, -7.854889696999976, 0.0], [112.55488682100008, -7.854666747999943, 0.0], [112.55454842400002, -7.854639289999966, 0.0], [112.5543184170001, -7.854726268999968, 0.0], [112.55408130700005, -7.854838394999945, 0.0], [112.55382565700006, -7.854964945999939, 0.0], [112.55355241100006, -7.855037729999935, 0.0], [112.55335576200002, -7.855062380999925, 0.0], [112.5530342300001, -7.855053998999949, 0.0], [112.55317258600007, -7.854838164999933, 0.0], [112.55321530900005, -7.854713598999979, 0.0], [112.5533237630001, -7.854521800999976, 0.0], [112.55341031300009, -7.854407837999929, 0.0], [112.55343682600005, -7.854279144999964, 0.0], [112.5533822650001, -7.854123835999928, 0.0], [112.55332197300004, -7.854040321999946, 0.0], [112.55334554400008, -7.853926591999937, 0.0], [112.55337503400006, -7.853791906999959, 0.0], [112.5531828290001, -7.853720842999962, 0.0], [112.55296657600002, -7.85363491499993, 0.0], [112.5528764390001, -7.853590388999976, 0.0], [112.55297779500006, -7.85342553199996, 0.0], [112.55284296100001, -7.853458926999963, 0.0], [112.55270533900011, -7.85354915299996, 0.0], [112.55248980900001, -7.853657609999971, 0.0], [112.5522864290001, -7.853807889999928, 0.0], [112.55196926500003, -7.854006440999967, 0.0], [112.55173598400006, -7.854180755999948, 0.0], [112.55156861500006, -7.854336884999952, 0.0], [112.55152109700009, -7.854462664999971, 0.0], [112.55143074700004, -7.854684301999953, 0.0], [112.55131640100001, -7.8549048319999315, 0.0], [112.55105810000009, -7.855125892999979, 0.0], [112.55074558800004, -7.8553284919999555, 0.0], [112.55056042400008, -7.855538516999957, 0.0], [112.5503933650001, -7.855778380999936, 0.0], [112.55028489300003, -7.855887348999943, 0.0], [112.55026189500006, -7.855910451999932, 0.0], [112.55019649200005, -7.856066204999934, 0.0], [112.55015000000003, -7.8561983339999415, 0.0], [112.54992824200008, -7.856703618999973, 0.0], [112.54951991400003, -7.856825598999933, 0.0], [112.54922633900003, -7.856916398999942, 0.0], [112.549148607, -7.856982478999953, 0.0], [112.5489209000001, -7.8570431299999655, 0.0], [112.5487596160001, -7.857223159999933, 0.0], [112.54864645000009, -7.857438900999966, 0.0], [112.54856931600011, -7.85766646999997, 0.0], [112.54848611900002, -7.857876117999979, 0.0], [112.5484268240001, -7.858061753999948, 0.0], [112.54846773700001, -7.858175591999952, 0.0], [112.54849517500008, -7.8582314579999775, 0.0], [112.54853226800003, -7.858269520999954, 0.0], [112.5485434630001, -7.858281008999938, 0.0], [112.54856763200007, -7.8583058099999334, 0.0], [112.5485742620001, -7.858317591999935, 0.0], [112.54857515100002, -7.858319170999948, 0.0], [112.54857925700003, -7.858326466999927, 0.0], [112.5486057920001, -7.8583736159999376, 0.0], [112.54862045300001, -7.858445335999932, 0.0], [112.548635278, -7.85851157899998, 0.0], [112.54869617000008, -7.858634105999954, 0.0], [112.54886925000005, -7.858723184999974, 0.0], [112.54892718200006, -7.858756300999971, 0.0], [112.54909752300011, -7.858853672999942, 0.0], [112.54905585300003, -7.858851978999951, 0.0], [112.54880360100003, -7.858924050999974, 0.0], [112.54868145000012, -7.85907052999994, 0.0], [112.54858140900001, -7.859105588999967, 0.0], [112.54840602200011, -7.859364623999966, 0.0], [112.54831300900003, -7.859515692999935, 0.0], [112.54824913400012, -7.859759959999963, 0.0], [112.54818869700011, -7.859961151999926, 0.0], [112.54815711800006, -7.860180179999929, 0.0], [112.54798868800003, -7.860374590999982, 0.0], [112.5479639880001, -7.860507463999966, 0.0], [112.5477625420001, -7.860533327999974, 0.0], [112.54776436200007, -7.860700794999957, 0.0], [112.548078196, -7.861220001999925, 0.0], [112.54807833300003, -7.8615783329999545, 0.0], [112.54870629300001, -7.861772792999943, 0.0], [112.54887761400005, -7.861829900999965, 0.0], [112.54942949800011, -7.861905182999976, 0.0], [112.54942361400003, -7.861631195999962, 0.0], [112.54983620000007, -7.861605747999931, 0.0], [112.55049822100011, -7.861555455999962, 0.0], [112.55102166800009, -7.861500887999966, 0.0], [112.55120144000011, -7.86145357099997, 0.0], [112.55137008100007, -7.861316577999958, 0.0], [112.55182719600009, -7.861329243999933, 0.0], [112.55209390200002, -7.861432330999946, 0.0], [112.55236396600003, -7.861470807999979, 0.0], [112.55242331400007, -7.8618827239999405, 0.0], [112.55290525700002, -7.861859975999948, 0.0], [112.55329702000006, -7.861880657999961, 0.0], [112.55330629500008, -7.861955387999956, 0.0], [112.55351936400007, -7.861990486999957, 0.0], [112.55368448200011, -7.862034734999952, 0.0], [112.55367618500009, -7.862223172999961, 0.0], [112.55373000000009, -7.862401666999972, 0.0], [112.55373405800003, -7.862462205999975, 0.0], [112.55394022900009, -7.862527385999954, 0.0], [112.55405922900002, -7.862801929999932, 0.0], [112.55408415700003, -7.863053046999937, 0.0], [112.55420333300003, -7.86360499999995, 0.0], [112.55422730900011, -7.863701141999968, 0.0], [112.55429146900008, -7.863958426999943, 0.0], [112.55434270900003, -7.86402702099997, 0.0], [112.55429913000012, -7.86412762599997, 0.0], [112.55422932300007, -7.864182951999965, 0.0], [112.55420912000011, -7.8643953579999675, 0.0], [112.55418559500004, -7.864521048999961, 0.0], [112.55417138900009, -7.864733433999959, 0.0], [112.554138953, -7.864888340999926, 0.0], [112.5541696040001, -7.865008106999937, 0.0], [112.55420391500002, -7.865142169999956, 0.0], [112.5542585290001, -7.8653555689999735, 0.0], [112.55421580200004, -7.865497483999945, 0.0], [112.55414419800002, -7.865598232999957, 0.0], [112.55419501100005, -7.865712883999947, 0.0], [112.5543105380001, -7.8658093499999495, 0.0], [112.55432182900006, -7.865942090999965, 0.0], [112.5542900260001, -7.86610011199997, 0.0], [112.55430494300003, -7.866240015999949, 0.0], [112.55441312500011, -7.866297033999956, 0.0], [112.55448176000004, -7.866364965999935, 0.0], [112.55451057300002, -7.866461794999964, 0.0], [112.55452549500001, -7.866511940999942, 0.0], [112.55454231800002, -7.866622937999978, 0.0], [112.55454231800002, -7.866643757999952, 0.0], [112.55451502300002, -7.866805617999944, 0.0], [112.5545485990001, -7.866917378999972, 0.0], [112.5544706070001, -7.867069001999937, 0.0], [112.5543804780001, -7.86719433199994, 0.0], [112.55428745300003, -7.867341812999939, 0.0], [112.5541379010001, -7.86777301099994, 0.0], [112.55417842500003, -7.868024070999979, 0.0], [112.55410767600006, -7.868354493999959, 0.0], [112.55412595500002, -7.868498491999958, 0.0], [112.55413363100001, -7.86855895399998, 0.0], [112.55420462600011, -7.868889392999961, 0.0], [112.5542054020001, -7.869082093999964, 0.0], [112.55420684300009, -7.869439657999976, 0.0], [112.55427760300006, -7.8695853669999565, 0.0], [112.5543151390001, -7.869649995999964, 0.0], [112.55452804700008, -7.869772866999938, 0.0], [112.55459701300003, -7.869843654999954, 0.0], [112.5546581100001, -7.869906362999927, 0.0], [112.55464982300009, -7.869949962999954, 0.0], [112.55461983600003, -7.870107756999971, 0.0], [112.55464059100007, -7.87035621299998, 0.0], [112.55473690200006, -7.870446768999955, 0.0], [112.55487235700002, -7.870438680999939, 0.0], [112.55494087800002, -7.870489561999932, 0.0], [112.55497062100005, -7.87050740799998, 0.0], [112.55497954400005, -7.870546073999947, 0.0], [112.55499144100008, -7.870676944999957, 0.0], [112.55498846700004, -7.870769148999955, 0.0], [112.5549646720001, -7.870852429999957, 0.0], [112.55494087800002, -7.870894070999952, 0.0], [112.55486340200002, -7.871024906999935, 0.0], [112.55485726200004, -7.871047822999969, 0.0], [112.55477313900008, -7.871361820999937, 0.0], [112.55471020100003, -7.871590946999959, 0.0], [112.55461665500002, -7.871734558999947, 0.0], [112.55427898100004, -7.8722529489999715, 0.0], [112.55408883700011, -7.8724855389999675, 0.0], [112.5538921650001, -7.872608072999981, 0.0], [112.5537165290001, -7.872673492999979, 0.0], [112.55371843000012, -7.873103994999951, 0.0], [112.55371535300003, -7.873174766999966, 0.0], [112.55371248100005, -7.873240813999928, 0.0], [112.55371638700001, -7.873257413999966, 0.0], [112.55372437800008, -7.873291377999976, 0.0], [112.55376007000007, -7.8733300439999425, 0.0], [112.55393555500007, -7.873472810999942, 0.0], [112.55399206800007, -7.873582861999978, 0.0], [112.55401268100002, -7.873683744999937, 0.0], [112.55399206800007, -7.873862447999954, 0.0], [112.55399026400005, -7.873956259999943, 0.0], [112.55398909300004, -7.874017112999979, 0.0], [112.5540218110001, -7.874195572999952, 0.0], [112.55416160400011, -7.874308596999981, 0.0], [112.55474457200012, -7.874543568999968, 0.0], [112.55510149100007, -7.874674438999932, 0.0], [112.55520799200008, -7.874855337999975, 0.0], [112.55499427900008, -7.874929558999952, 0.0], [112.55482236400007, -7.874958316999937, 0.0], [112.5544145560001, -7.8750769929999365, 0.0], [112.55422630900011, -7.875129638999965, 0.0], [112.55407640300007, -7.875108223999973, 0.0], [112.55372305300011, -7.875193883999941, 0.0], [112.55348391700011, -7.875275975999955, 0.0], [112.55322693500011, -7.875393758999962, 0.0], [112.55300921500009, -7.875593633999927, 0.0], [112.5524809740001, -7.875855373999968, 0.0], [112.55219668900008, -7.8759486229999425, 0.0], [112.55189392600005, -7.875879405999967, 0.0], [112.55169484200007, -7.875796617999981, 0.0], [112.55137390400012, -7.875508055999944, 0.0], [112.55118337300007, -7.875336773999948, 0.0], [112.55102518900003, -7.875095014999943, 0.0], [112.55087407700012, -7.874758883999959, 0.0], [112.55080059900001, -7.874401999999975, 0.0], [112.55087595200007, -7.873720789999936, 0.0], [112.55093870300004, -7.8735467089999815, 0.0], [112.5509005770001, -7.873496854999928, 0.0], [112.55072880300008, -7.873306458999934, 0.0], [112.55064261300004, -7.873210924999967, 0.0], [112.550640326, -7.873070398999971, 0.0], [112.55062750800005, -7.873000422999951, 0.0], [112.55055387300001, -7.872598430999972, 0.0], [112.55052670100008, -7.872462718999941, 0.0], [112.55046777900009, -7.872168432999956, 0.0], [112.55045682600007, -7.872113727999931, 0.0], [112.55040323200001, -7.871899977999931, 0.0], [112.55035597800008, -7.871737889999963, 0.0], [112.55020127300008, -7.871559025999943, 0.0], [112.55014562600002, -7.871505802999934, 0.0], [112.54999484100006, -7.871484964999979, 0.0], [112.54975760600007, -7.871551887999942, 0.0], [112.54954577700005, -7.871705874999975, 0.0], [112.54890832000001, -7.87207607299996, 0.0], [112.54864818100009, -7.872289364999972, 0.0], [112.5483196890001, -7.872333959999935, 0.0], [112.5478134980001, -7.872483682999928, 0.0], [112.54758668900001, -7.872467840999946, 0.0], [112.54745782300006, -7.872458839999979, 0.0], [112.54724273500005, -7.872689310999931, 0.0], [112.54694743000005, -7.872640157999967, 0.0], [112.54681709200008, -7.872432493999952, 0.0], [112.54658767600006, -7.872347542999933, 0.0], [112.54632058000004, -7.872474995999937, 0.0], [112.54618681800002, -7.872813337999958, 0.0], [112.54599154100003, -7.872905543999934, 0.0], [112.54586203100007, -7.872966695999935, 0.0], [112.54562777900003, -7.873076656999956, 0.0], [112.54554145400004, -7.873174303999974, 0.0], [112.54544571000008, -7.87328260299995, 0.0], [112.54535423200002, -7.873496867999961, 0.0], [112.54525887900002, -7.873476762999928, 0.0], [112.54524791300003, -7.87346348899996, 0.0], [112.54512390800005, -7.873313375999942, 0.0], [112.5450203370001, -7.873206094999944, 0.0], [112.54487430500001, -7.873187227999949, 0.0], [112.54482229300004, -7.873180507999962, 0.0], [112.54464615400002, -7.873238575999949, 0.0], [112.54447760800008, -7.873403081999982, 0.0], [112.54447147300004, -7.873508056999981, 0.0], [112.54446434200008, -7.87363007099998, 0.0], [112.5444620830001, -7.87366872399997, 0.0], [112.54442969500008, -7.873740593999969, 0.0], [112.54437731400003, -7.873856825999951, 0.0], [112.54410054400012, -7.87395354399996, 0.0], [112.54409014700002, -7.873953710999956, 0.0], [112.54381051100006, -7.873958190999929, 0.0], [112.54372738200004, -7.873959523999929, 0.0], [112.54361589700011, -7.873961308999981, 0.0], [112.54330680900011, -7.874078482999948, 0.0], [112.5427850000001, -7.874431665999964, 0.0], [112.54264867200004, -7.874466299999938, 0.0], [112.54252405500006, -7.874492636999946, 0.0], [112.54239611300011, -7.8743952219999755, 0.0], [112.54224204100001, -7.874229537999952, 0.0], [112.54214468500004, -7.874108517999957, 0.0], [112.54199177400005, -7.873918437999976, 0.0], [112.54195379500004, -7.873871227999928, 0.0], [112.5418869350001, -7.873753305999969, 0.0], [112.5417447320001, -7.873641508999981, 0.0], [112.54173037100009, -7.87363007099998, 0.0], [112.54162527100004, -7.8735463599999775, 0.0], [112.5414488130001, -7.873518297999965, 0.0], [112.54139373500004, -7.87363007099998, 0.0], [112.54137617700007, -7.873665702999972, 0.0], [112.54139142700001, -7.873837460999937, 0.0], [112.54139996100002, -7.873933573999977, 0.0], [112.5414067690001, -7.874152460999937, 0.0], [112.54121774200007, -7.87429431299995, 0.0], [112.54110634800008, -7.874339950999968, 0.0], [112.54105226800004, -7.874362109999936, 0.0], [112.54100515800008, -7.874381410999945, 0.0], [112.54099972800009, -7.874383635999948, 0.0], [112.54068361300006, -7.874373661999925, 0.0], [112.54049500000008, -7.874294999999961, 0.0], [112.54036240700009, -7.874213580999935, 0.0], [112.54033487000004, -7.87412166799993, 0.0], [112.54032586000005, -7.8740915969999605, 0.0], [112.54037482500007, -7.873836856999958, 0.0], [112.54041558900008, -7.87363007099998, 0.0], [112.54042287200002, -7.873593124999957, 0.0], [112.54043537000007, -7.873478979999959, 0.0], [112.54043912000009, -7.87344473099995, 0.0], [112.54037924900001, -7.873302318999947, 0.0], [112.54032187300004, -7.873165837999977, 0.0], [112.5401094980001, -7.872902445999955, 0.0], [112.5400753880001, -7.872864978999928, 0.0], [112.5400112640001, -7.872794773999942, 0.0], [112.53991013900009, -7.872643460999939, 0.0], [112.53987448500004, -7.872601225999972, 0.0], [112.53973501500002, -7.8724360129999695, 0.0], [112.539740101, -7.872422317999963, 0.0], [112.53994075500009, -7.8718821149999485, 0.0], [112.53957166700002, -7.871516665999934, 0.0], [112.5392915860001, -7.871345699999949, 0.0], [112.5391807530001, -7.8712479959999655, 0.0], [112.53917022300004, -7.871214134999946, 0.0], [112.53912166700002, -7.871057999999948, 0.0], [112.53897671800007, -7.870591898999976, 0.0], [112.53896490700004, -7.8705539199999635, 0.0], [112.538866342, -7.870293341999968, 0.0], [112.53886459400007, -7.870288721999941, 0.0], [112.5388755780001, -7.870107186999974, 0.0], [112.53883744900008, -7.869774155999949, 0.0], [112.53882475400007, -7.869663267999954, 0.0], [112.538728762, -7.86949614699995, 0.0], [112.53835740400007, -7.868992693999928, 0.0], [112.53808055400009, -7.868742496999971, 0.0], [112.53793704800012, -7.868514259999927, 0.0], [112.53790195500005, -7.868458445999977, 0.0], [112.5378440180001, -7.868362957999977, 0.0], [112.53767833300003, -7.868148332999965, 0.0], [112.53757976600002, -7.868079937999937, 0.0], [112.53747332500006, -7.868104731999949, 0.0], [112.53737994800008, -7.8681581879999385, 0.0], [112.53716274300007, -7.868206353999938, 0.0], [112.5368374630001, -7.868226206999964, 0.0], [112.5366804570001, -7.8682023789999676, 0.0], [112.5363789810001, -7.868072972999926, 0.0], [112.5363476230001, -7.868027629999972, 0.0], [112.5363377430001, -7.8679511069999535, 0.0], [112.53637705800008, -7.867880067999977, 0.0], [112.53660707800009, -7.867464444999939, 0.0], [112.53666848300008, -7.867198653999935, 0.0], [112.53665865700009, -7.867063793999932, 0.0], [112.53665332100002, -7.866990562999945, 0.0], [112.53659539400007, -7.866897467999934, 0.0], [112.53646823800011, -7.86690032599995, 0.0], [112.53632465400005, -7.866937456999949, 0.0], [112.53615960900004, -7.866945716999965, 0.0], [112.53596163700001, -7.866873708999947, 0.0], [112.53585373900012, -7.866763092999975, 0.0], [112.53583187600009, -7.866725954999936, 0.0], [112.53578480200008, -7.866645992999963, 0.0], [112.5357030780001, -7.866507168999931, 0.0], [112.53566212800001, -7.866333145999931, 0.0], [112.535638672, -7.866218391999951, 0.0], [112.53553088700005, -7.866138398999965, 0.0], [112.53544700500004, -7.866135870999926, 0.0], [112.53541762600003, -7.866134985999963, 0.0], [112.53534669700002, -7.866160125999954, 0.0], [112.53494661400009, -7.866473112999927, 0.0], [112.53472562600007, -7.866645992999963, 0.0], [112.53453383100009, -7.866796034999936, 0.0], [112.5343610000001, -7.866931241999964, 0.0], [112.53400405200011, -7.866951686999926, 0.0], [112.53354600400007, -7.867144759999974, 0.0], [112.53336047800008, -7.867325352999956, 0.0], [112.53324206900004, -7.867488474999959, 0.0], [112.53317146400002, -7.867601658999945, 0.0], [112.53298924900002, -7.867638690999968, 0.0], [112.53271790100007, -7.867448281999941, 0.0], [112.53261009500011, -7.867362545999981, 0.0], [112.5324831580001, -7.867294105999974, 0.0], [112.53241950600011, -7.86721012299995, 0.0], [112.5323268520001, -7.867068824999933, 0.0], [112.53235424400009, -7.866645992999963, 0.0], [112.53235773300003, -7.866592127999979, 0.0], [112.53248718000009, -7.866298813999947, 0.0], [112.532588497, -7.8661855189999415, 0.0], [112.53266134500007, -7.866177466999943, 0.0], [112.53296456300006, -7.866143951999959, 0.0], [112.53309837000006, -7.866098374999979, 0.0], [112.53309116000003, -7.866121582999938, 0.0], [112.5330683950001, -7.866194865999944, 0.0], [112.53309203700007, -7.866328556999974, 0.0], [112.53319181000006, -7.866349447999937, 0.0], [112.5332895680001, -7.866312724999943, 0.0], [112.53340595700001, -7.8662334419999524, 0.0], [112.53341557600004, -7.86622688999995, 0.0], [112.53343505600003, -7.866030198999965, 0.0], [112.53355749100001, -7.866017528999976, 0.0], [112.53355889700003, -7.8657471729999315, 0.0], [112.53368106800008, -7.865694091999956, 0.0], [112.53359100000011, -7.8654508559999385, 0.0], [112.53356959300004, -7.865393044999962, 0.0], [112.5332889980001, -7.8653823599999555, 0.0], [112.53326003400002, -7.865381255999978, 0.0], [112.53319838200002, -7.865355394999938, 0.0], [112.53311585000006, -7.86532077399994, 0.0], [112.53291079000007, -7.865257501999963, 0.0], [112.53291619700008, -7.865161782999962, 0.0], [112.5328136070001, -7.865123001999962, 0.0], [112.53273060600009, -7.865062296999952, 0.0], [112.53256857300005, -7.865041355999949, 0.0], [112.53259681200007, -7.864890524999964, 0.0], [112.53255697300006, -7.864822484999934, 0.0], [112.53231333300005, -7.8647699999999645, 0.0], [112.53221484700009, -7.864762724999935, 0.0], [112.53221463600005, -7.864705305999962, 0.0], [112.53224650000004, -7.864561639999977, 0.0], [112.53223153800002, -7.8644073789999425, 0.0], [112.53230306900002, -7.864285099999961, 0.0], [112.53241167200008, -7.864298670999972, 0.0], [112.5325263100001, -7.8643129949999775, 0.0], [112.5326051180001, -7.864212222999981, 0.0], [112.53277027500008, -7.86410395799993, 0.0], [112.53278037400003, -7.863913717999935, 0.0], [112.53278492400011, -7.863867576999951, 0.0], [112.53279377600006, -7.8637778269999785, 0.0], [112.5327947830001, -7.863767616999951, 0.0], [112.53281507200006, -7.863561894999975, 0.0], [112.53289666700005, -7.863364999999931, 0.0], [112.53328153100006, -7.863349604999939, 0.0], [112.5332887290001, -7.863349317999962, 0.0], [112.53352166600007, -7.863339999999937, 0.0], [112.53409978700006, -7.863420756999972, 0.0], [112.53463159600005, -7.863527832999978, 0.0], [112.53518482100003, -7.863667030999977, 0.0], [112.53586653600007, -7.863831213999958, 0.0], [112.53600792500004, -7.8638821689999645, 0.0], [112.53623357600009, -7.863931547999925, 0.0], [112.53634837300001, -7.863830642999972, 0.0], [112.53650140900004, -7.863688925999952, 0.0], [112.53663432300004, -7.863577746999965, 0.0], [112.53657657200006, -7.863532500999952, 0.0], [112.53661711500001, -7.863443895999978, 0.0], [112.53665831300009, -7.86329445399997, 0.0], [112.53668956700005, -7.863180934999946, 0.0], [112.53671496100003, -7.86308427299997, 0.0], [112.53672314200003, -7.863053129999969, 0.0], [112.53672314200003, -7.862960330999954, 0.0], [112.53672314200003, -7.862888947999977, 0.0], [112.53666960500004, -7.8627997179999625, 0.0], [112.53668745000004, -7.86277473399997, 0.0], [112.53677311100012, -7.862631965999981, 0.0], [112.53678024900012, -7.862549873999967, 0.0], [112.5369270220001, -7.862235514999952, 0.0], [112.53690500000005, -7.861889008999981, 0.0], [112.53682875400011, -7.861620610999978, 0.0], [112.53671812800008, -7.861311906999958, 0.0], [112.53682239400007, -7.860957436999968, 0.0], [112.5372674570001, -7.860867764999966, 0.0], [112.53738722800006, -7.860814690999973, 0.0], [112.53839166600005, -7.861043332999941, 0.0], [112.5384730610001, -7.86117915799997, 0.0], [112.53814370400005, -7.861654077999958, 0.0], [112.53799633400001, -7.86186498099994, 0.0], [112.53791763200002, -7.861977613999954, 0.0], [112.53777486400008, -7.862167970999963, 0.0], [112.5376570310001, -7.862317454999925, 0.0], [112.53765666600009, -7.862448332999975, 0.0], [112.5378131970001, -7.86245684499994, 0.0], [112.53804517100002, -7.86230895999995, 0.0], [112.53827292800008, -7.862260275999972, 0.0], [112.53853982200008, -7.862414809999962, 0.0], [112.5388478210001, -7.862655322999956, 0.0], [112.53899271400007, -7.862908395999966, 0.0], [112.53911348200006, -7.8629484149999485, 0.0], [112.53939296300007, -7.862789696999926, 0.0], [112.53951037900003, -7.862748592999935, 0.0], [112.53964852900003, -7.862774461999948, 0.0], [112.53981842000007, -7.8628321959999425, 0.0], [112.54008419800005, -7.862933515999941, 0.0], [112.54064223700004, -7.863230116999944, 0.0], [112.54106980400002, -7.863268709999943, 0.0], [112.54163563800012, -7.863251591999926, 0.0], [112.542002292, -7.8631318179999425, 0.0], [112.54269688200009, -7.863128069999959, 0.0], [112.54365594400008, -7.86294750199994, 0.0], [112.54397187300003, -7.86297075899995, 0.0], [112.54404538100005, -7.86299269899996, 0.0], [112.54423834200009, -7.863050289999933, 0.0], [112.54430774700006, -7.8630969779999305, 0.0], [112.54456553000011, -7.863269530999958, 0.0], [112.54473762300006, -7.863384039999971, 0.0], [112.54500197200002, -7.863390443999947, 0.0], [112.54537168200011, -7.863371546999929, 0.0], [112.54572244500002, -7.863269014999958, 0.0], [112.54590136000002, -7.863130462999948, 0.0], [112.54616722900005, -7.863007467999978, 0.0], [112.5466992580001, -7.8628404269999805, 0.0], [112.54723429500007, -7.86286824299998, 0.0], [112.54754438300006, -7.862785767999981, 0.0], [112.54763500000001, -7.862761665999926, 0.0], [112.54771506200007, -7.862433791999933, 0.0], [112.54759896000007, -7.86239693899995, 0.0], [112.54769326400003, -7.86184703999993, 0.0], [112.54764541000009, -7.861791749999952, 0.0], [112.54756105400008, -7.861694284999942, 0.0], [112.54738084900009, -7.861595263999959, 0.0], [112.54730504600002, -7.861534534999976, 0.0], [112.5471502260001, -7.861517160999938, 0.0], [112.54713209500005, -7.861275672999966, 0.0], [112.546989327, -7.861198340999977, 0.0], [112.54687035400002, -7.861150750999968, 0.0], [112.54679524400001, -7.861090177999927, 0.0], [112.54668594600003, -7.861002034999956, 0.0], [112.54665150200003, -7.8609546749999595, 0.0], [112.54659076700011, -7.860871164999935, 0.0], [112.54652940100004, -7.860814264999931, 0.0], [112.546592153, -7.86065517399993, 0.0], [112.54669479500001, -7.860566481999967, 0.0], [112.54690838900001, -7.860527685999955, 0.0], [112.54707031300006, -7.860519672999942, 0.0], [112.54708500000004, -7.8603583339999545, 0.0], [112.5471627710001, -7.860283672999969, 0.0], [112.54728531600006, -7.860202834999939, 0.0], [112.54747491300009, -7.860087297999939, 0.0], [112.54755709300002, -7.859991294999929, 0.0], [112.54758734300003, -7.859866774999944, 0.0], [112.54765204300008, -7.859715331999951, 0.0], [112.54768888800004, -7.859603506999974, 0.0], [112.54774242600001, -7.859395303999975, 0.0], [112.54784057900008, -7.859234689999937, 0.0], [112.54801011600011, -7.859011615999975, 0.0], [112.5480779720001, -7.858903662999978, 0.0], [112.54820642100003, -7.858699311999942, 0.0], [112.54825401000005, -7.858589261999953, 0.0], [112.54824806200008, -7.858511928999974, 0.0], [112.54824033400007, -7.85849349199998, 0.0], [112.54819720100011, -7.858390576999966, 0.0], [112.54801502900011, -7.8582778029999645, 0.0], [112.54783675700003, -7.858082275999948, 0.0], [112.54769189700005, -7.857838776999927, 0.0], [112.54765749300009, -7.85761879599994, 0.0], [112.54784923800003, -7.8575654549999285, 0.0], [112.54798825300009, -7.8575266629999305, 0.0], [112.54830468800003, -7.857453722999935, 0.0], [112.54847183800007, -7.857237783999949, 0.0], [112.54855753700008, -7.857055639999942, 0.0], [112.54862892900007, -7.856897472999947, 0.0], [112.54887345800012, -7.85684393799994, 0.0], [112.54921000000002, -7.856839999999977, 0.0], [112.54920027700007, -7.856659947999958, 0.0], [112.54926436500011, -7.85647309899997, 0.0], [112.54939044500009, -7.85650493199995, 0.0], [112.54948370900001, -7.856422047999956, 0.0], [112.54946540900005, -7.856339573999946, 0.0], [112.54946501000006, -7.856231914999967, 0.0], [112.54948251200005, -7.856099067999935, 0.0], [112.54952362900008, -7.855983367999954, 0.0], [112.54959530000008, -7.855900562999977, 0.0], [112.54972095500011, -7.8558175599999345, 0.0], [112.54974574700009, -7.855709805999936, 0.0], [112.54963030400006, -7.855634868999971, 0.0], [112.54999923000003, -7.855159798999978, 0.0], [112.55006833400012, -7.854953332999969, 0.0], [112.55026476, -7.854947084999935, 0.0], [112.55056669100009, -7.854845487999967, 0.0], [112.5507745320001, -7.85473365799993, 0.0], [112.55086023000001, -7.854551513999979, 0.0], [112.55102215300008, -7.854220755999961, 0.0], [112.55112672500002, -7.8539524119999555, 0.0], [112.55130814200004, -7.853702924999936, 0.0], [112.55174729100008, -7.853079260999948, 0.0], [112.5518755170001, -7.852719916999945, 0.0], [112.55192770500003, -7.852487852999957, 0.0], [112.5520583330001, -7.852231665999966, 0.0], [112.55218883900011, -7.851809620999973, 0.0], [112.55232195200006, -7.851474181999947, 0.0], [112.5523885660001, -7.850999030999958, 0.0], [112.552464009, -7.850715884999943, 0.0], [112.55253054200011, -7.850466180999945, 0.0], [112.55266694200009, -7.850046995999946, 0.0], [112.55288033800002, -7.849364352999942, 0.0], [112.55348666700002, -7.849531666999951, 0.0], [112.55362753700001, -7.849357537999936, 0.0], [112.55367810100006, -7.84931589699994, 0.0], [112.55371676700008, -7.849312922999957, 0.0], [112.55386061900003, -7.849169203999963, 0.0], [112.55384587700007, -7.849075951999964, 0.0], [112.55379513000003, -7.848978047999935, 0.0], [112.55388584700006, -7.848855696999976, 0.0], [112.55393851300005, -7.848824399999955, 0.0], [112.55406058800008, -7.848747390999961, 0.0], [112.55414646100007, -7.848613094999962, 0.0], [112.55416268700003, -7.8484599159999675, 0.0], [112.55419295200011, -7.848210987999948, 0.0], [112.55423570200003, -7.848093598999981, 0.0], [112.55458988300006, -7.848173274999965, 0.0], [112.55482033900012, -7.848208309999961, 0.0], [112.55498593700008, -7.848222052999972, 0.0], [112.5549992650001, -7.847934906999967, 0.0], [112.55500507500005, -7.84756165999994, 0.0], [112.55498308200004, -7.847454080999967, 0.0], [112.55498262900005, -7.847332065999979, 0.0], [112.5550969620001, -7.847109143999944, 0.0], [112.5551606460001, -7.84681463499993, 0.0], [112.55533216000003, -7.846483838999973, 0.0], [112.55541695700003, -7.846060058999967, 0.0], [112.55601488600007, -7.8462013959999695, 0.0], [112.55635609700005, -7.846233276999953, 0.0], [112.55628333300001, -7.84606333399995, 0.0], [112.5563897610001, -7.845608717999937, 0.0], [112.55625186000009, -7.845300598999927, 0.0], [112.55633644300008, -7.844819399999949, 0.0], [112.55657195900005, -7.8442802229999415, 0.0], [112.55647721700007, -7.843964767999978, 0.0], [112.5566127410001, -7.843634105999968, 0.0], [112.55680662000009, -7.843511372999956, 0.0], [112.55718739200006, -7.84332335199997, 0.0], [112.55740232800008, -7.843056991999958, 0.0], [112.55763112500006, -7.842647033999981, 0.0], [112.55770885600009, -7.8422591659999625, 0.0], [112.55782926200004, -7.841734770999949, 0.0], [112.55795784300005, -7.841446952999945, 0.0], [112.55812937100006, -7.841120941999975, 0.0], [112.55825259500011, -7.8407089809999775, 0.0], [112.5583188280001, -7.840455133999967, 0.0], [112.55857166600003, -7.840529999999944, 0.0], [112.5586602090001, -7.840266958999962, 0.0], [112.55883403500002, -7.840236409999932, 0.0], [112.5589869480001, -7.84022687199996, 0.0], [112.55921177800008, -7.840202114999954, 0.0], [112.55940189400008, -7.840162110999927, 0.0], [112.55968855700007, -7.840186891999963, 0.0], [112.55988664200004, -7.840228025999977, 0.0], [112.55995219500005, -7.840114141999948, 0.0], [112.56019558900005, -7.839437368999938, 0.0], [112.56044197000006, -7.838923880999971, 0.0], [112.56087869400005, -7.838052836999964, 0.0], [112.56094421800003, -7.837970006999967, 0.0], [112.56111166700009, -7.837758332999954, 0.0], [112.56115067000007, -7.837642716999937, 0.0], [112.56104894400005, -7.837384707999945, 0.0], [112.56088667800009, -7.837078328999951, 0.0], [112.56084860700003, -7.836716650999961, 0.0], [112.56084860700003, -7.836707132999948, 0.0], [112.56077246400002, -7.836450151999941, 0.0], [112.56062969600009, -7.83623124099995, 0.0], [112.56045837500005, -7.836088473999951, 0.0], [112.56039818800002, -7.835807737999971, 0.0], [112.56054298200002, -7.835324832999959, 0.0], [112.56059814100001, -7.835140872999943, 0.0], [112.56052230300008, -7.833856062999928, 0.0], [112.56056513300007, -7.832699644999934, 0.0], [112.56066086400006, -7.831851748999952, 0.0], [112.56066507100002, -7.831814485999928, 0.0], [112.56070085900001, -7.830060883999977, 0.0], [112.56070430900002, -7.829891824999947, 0.0], [112.56070790100011, -7.8297158009999634, 0.0], [112.56090840400009, -7.829810438999971, 0.0]]]], "type": "MultiPolygon"}}, {"type": "Feature", "properties": {"village_name": "Gunungsari", "district_name": "Bumiaji", "kecamatan": "Bumiaji", "kabupaten": "Kota Batu", "provinsi": "Jawa Timur", "kode_desa": "35.79.02.2002", "last_updated": "2026-09-01T08:57:00.626128+00:00", "hourly_temp_today": [18.4, 17.7, 17.2, 16.9, 16.4, 15.7, 16.0, 19.5, 21.3, 23.5, 25.2, 26.5, 27.3, 27.4, 26.9, 26.1, 24.5, 22.4, 20.9, 20.1, 19.5, 18.6, 17.9, 17.3], "suhu_current": 26.1, "suhu_siang_1200": 27.3, "suhu_malam_2400": 18.4}, "geometry": {"coordinates": [[[[112.50988843700009, -7.823550681999961, 0.0], [112.51142768500006, -7.825353790999941, 0.0], [112.5118721550001, -7.82611361499994, 0.0], [112.51209752300008, -7.826567553999951, 0.0], [112.51256677600009, -7.827512728999977, 0.0], [112.51275241400003, -7.827801481999927, 0.0], [112.51331693500003, -7.828679570999952, 0.0], [112.51339008100001, -7.8287453439999695, 0.0], [112.51518814100007, -7.830362132999937, 0.0], [112.51603888900001, -7.830989618999979, 0.0], [112.5162137750001, -7.831067209999958, 0.0], [112.51671568100005, -7.831289888999947, 0.0], [112.51710212300009, -7.831461340999965, 0.0], [112.51738731000012, -7.831587867999929, 0.0], [112.51830788600012, -7.831726572999969, 0.0], [112.51846385200008, -7.8317319929999485, 0.0], [112.51867809900011, -7.831745166999951, 0.0], [112.51887465000004, -7.831715559999964, 0.0], [112.51888517600003, -7.831839478999939, 0.0], [112.51901432500006, -7.832021904999976, 0.0], [112.51913408400003, -7.832297808999954, 0.0], [112.51913837500001, -7.83249217499997, 0.0], [112.51921110700005, -7.832701257999929, 0.0], [112.51930542900004, -7.8330747479999445, 0.0], [112.51933203300007, -7.83329532099998, 0.0], [112.5195986550001, -7.833216602999926, 0.0], [112.51992842900006, -7.833185507999929, 0.0], [112.52009048000002, -7.833214829999974, 0.0], [112.52010035500007, -7.83345703599997, 0.0], [112.52012807300002, -7.833657308999932, 0.0], [112.52036337400011, -7.833710928999949, 0.0], [112.52041939300011, -7.833772891999956, 0.0], [112.52060874800009, -7.833888843999944, 0.0], [112.52076844100009, -7.834094621999952, 0.0], [112.52119978200005, -7.8345045769999615, 0.0], [112.52149465500008, -7.83477266899996, 0.0], [112.5218016880001, -7.8350855769999725, 0.0], [112.52198513300004, -7.835225473999969, 0.0], [112.5222068700001, -7.835173832999942, 0.0], [112.5224826760001, -7.835145919999945, 0.0], [112.52243315700002, -7.834832405999975, 0.0], [112.52274591500009, -7.835003272999927, 0.0], [112.52291655400006, -7.835057304999964, 0.0], [112.52298242900008, -7.835227413999974, 0.0], [112.52318849200003, -7.835418069999946, 0.0], [112.52329352900006, -7.835293333999971, 0.0], [112.52349458200001, -7.835423631999959, 0.0], [112.52360460300008, -7.835329925999929, 0.0], [112.52385734000006, -7.835556299999951, 0.0], [112.52395773100011, -7.835453059999963, 0.0], [112.52413097500005, -7.835591197999975, 0.0], [112.5243955950001, -7.83578642599997, 0.0], [112.52424347200008, -7.83606046999995, 0.0], [112.52434928600007, -7.836128990999953, 0.0], [112.52421182300009, -7.836371484999972, 0.0], [112.52413040200008, -7.836656455999957, 0.0], [112.52395098900001, -7.836941341999932, 0.0], [112.52383263200011, -7.8373819909999725, 0.0], [112.52379546400005, -7.837717075999933, 0.0], [112.52374020100001, -7.838024713999971, 0.0], [112.52367895500004, -7.8383359609999275, 0.0], [112.52366033600003, -7.838493932999938, 0.0], [112.52357693900001, -7.838652139999965, 0.0], [112.52348424500008, -7.838774777999959, 0.0], [112.52280308600007, -7.838966274999962, 0.0], [112.52267224100001, -7.839271791999977, 0.0], [112.52259808100007, -7.839496356999973, 0.0], [112.5227396040001, -7.839619777999928, 0.0], [112.52281051000011, -7.8397214429999735, 0.0], [112.522847307, -7.839858842999945, 0.0], [112.5227821840001, -7.839921511999933, 0.0], [112.52278325600003, -7.840009357999975, 0.0], [112.52280596100002, -7.840054016999943, 0.0], [112.52284701600001, -7.840097813999932, 0.0], [112.5228623590001, -7.840135038999961, 0.0], [112.52289376300007, -7.840211231999945, 0.0], [112.52288710500011, -7.84035959199997, 0.0], [112.52280820800001, -7.840440876999935, 0.0], [112.52275527500001, -7.840531505999934, 0.0], [112.52271807800003, -7.840594801999941, 0.0], [112.52270881900006, -7.840814812999952, 0.0], [112.52267038100001, -7.840917890999947, 0.0], [112.52250170700006, -7.841047696999965, 0.0], [112.52192200800005, -7.841375254999946, 0.0], [112.5216344700001, -7.841476778999947, 0.0], [112.52129638400004, -7.841533028999947, 0.0], [112.521020883, -7.841568633999941, 0.0], [112.52087241900006, -7.84164812299997, 0.0], [112.52081283900009, -7.841758393999953, 0.0], [112.52080079400002, -7.841821920999962, 0.0], [112.52088039400007, -7.841938865999964, 0.0], [112.5209433120001, -7.842086972999937, 0.0], [112.52102663200003, -7.84215495899997, 0.0], [112.52103752400001, -7.842263678999927, 0.0], [112.52101900000002, -7.842371326999967, 0.0], [112.52096276700001, -7.842406402999927, 0.0], [112.52086617200007, -7.842429810999931, 0.0], [112.52077950600005, -7.84248942499994, 0.0], [112.52068133900002, -7.842544807999957, 0.0], [112.52059539400011, -7.842662351999934, 0.0], [112.52051912400009, -7.842801391999956, 0.0], [112.52047168700005, -7.84295229199995, 0.0], [112.5204532680001, -7.843165291999981, 0.0], [112.52035612500003, -7.843502985999976, 0.0], [112.52026793700009, -7.843663602999925, 0.0], [112.52021817100001, -7.843833650999954, 0.0], [112.52021368500004, -7.8439197969999555, 0.0], [112.520238285, -7.844087183999932, 0.0], [112.52048909700011, -7.844519402999936, 0.0], [112.5205544580001, -7.844679464999956, 0.0], [112.5205574580001, -7.844767895999951, 0.0], [112.52047610200009, -7.844828002999975, 0.0], [112.520248003, -7.844780976999971, 0.0], [112.52016896500004, -7.844818664999934, 0.0], [112.5199698240001, -7.84503074099996, 0.0], [112.51990599800001, -7.845190215999935, 0.0], [112.51989637800011, -7.845287004999932, 0.0], [112.51976200000001, -7.845386734999977, 0.0], [112.51968581300002, -7.845443277999948, 0.0], [112.51905063700008, -7.8456154399999605, 0.0], [112.51890378700011, -7.8457285589999515, 0.0], [112.51885925300007, -7.846018212999979, 0.0], [112.51892229500004, -7.84617985899996, 0.0], [112.51900471400006, -7.846298011999977, 0.0], [112.51910755900008, -7.846387917999948, 0.0], [112.51922449300002, -7.846581864999962, 0.0], [112.51928446500006, -7.846689736999963, 0.0], [112.51932018500008, -7.846798661999969, 0.0], [112.51932492200001, -7.846902956999941, 0.0], [112.51929759500001, -7.846976026999926, 0.0], [112.5192458250001, -7.8470375639999475, 0.0], [112.51918047600009, -7.847098467999956, 0.0], [112.51909684200007, -7.847192077999978, 0.0], [112.51908385900003, -7.8472507419999715, 0.0], [112.51914792100001, -7.847383294999929, 0.0], [112.51918746600006, -7.847485289999952, 0.0], [112.51929445200005, -7.847551401999965, 0.0], [112.51921522000009, -7.8477720679999265, 0.0], [112.51923564300012, -7.847792648999928, 0.0], [112.51938007500007, -7.847923714999979, 0.0], [112.51948555100012, -7.848063893999949, 0.0], [112.51955812500012, -7.848228117999952, 0.0], [112.51958897400004, -7.848464265999951, 0.0], [112.51960787000007, -7.848712420999959, 0.0], [112.51959072300008, -7.848945751999963, 0.0], [112.519555448, -7.849186247999967, 0.0], [112.51939555000001, -7.849156678999975, 0.0], [112.5192833000001, -7.849147868999978, 0.0], [112.5192731520001, -7.849147072999926, 0.0], [112.51924476800002, -7.849259144999962, 0.0], [112.51904000000002, -7.84922333399993, 0.0], [112.51902996500007, -7.849180973999978, 0.0], [112.51902430000007, -7.849157061999961, 0.0], [112.51902310500009, -7.849147797999933, 0.0], [112.5190198570001, -7.849122625999939, 0.0], [112.51902110300011, -7.849069508999946, 0.0], [112.51901312700011, -7.84900388799997, 0.0], [112.51901278800005, -7.848910580999927, 0.0], [112.51897296700008, -7.848846126999945, 0.0], [112.51887552300002, -7.8487711139999305, 0.0], [112.51880327300012, -7.848696010999959, 0.0], [112.51877782100007, -7.848624327999971, 0.0], [112.51875643300002, -7.8485834529999465, 0.0], [112.51875273000007, -7.848543546999963, 0.0], [112.51875143900008, -7.848529638999935, 0.0], [112.51876206700001, -7.8484829469999795, 0.0], [112.51876184100001, -7.848420742999963, 0.0], [112.51884674000007, -7.848345071999972, 0.0], [112.5189232460001, -7.848270627999966, 0.0], [112.5189310720001, -7.848211066999966, 0.0], [112.51889123800004, -7.848143023999967, 0.0], [112.51873969500002, -7.848035907999929, 0.0], [112.51867809800001, -7.847921289999931, 0.0], [112.51871923700003, -7.847775220999949, 0.0], [112.51877629800003, -7.8476314649999495, 0.0], [112.51872532800007, -7.8474701549999395, 0.0], [112.51866030100007, -7.847402201999955, 0.0], [112.51845282200009, -7.8474569229999815, 0.0], [112.5183471250001, -7.847421416999964, 0.0], [112.51825079200012, -7.847321277999981, 0.0], [112.518283999, -7.847215887999937, 0.0], [112.51824778200012, -7.847153831999947, 0.0], [112.51813716800007, -7.847084829999972, 0.0], [112.51807226800008, -7.847051568999973, 0.0], [112.51801191400011, -7.846948907999945, 0.0], [112.51802609800006, -7.846851821999962, 0.0], [112.51797875400007, -7.846697674999973, 0.0], [112.51794085200004, -7.846540045999973, 0.0], [112.5177415610001, -7.846497699999929, 0.0], [112.5176539360001, -7.84644118999995, 0.0], [112.51767415000006, -7.84639492499997, 0.0], [112.5177528690001, -7.846269033999931, 0.0], [112.51791398300008, -7.846038771999929, 0.0], [112.51780935700003, -7.84596737399994, 0.0], [112.5175820830001, -7.845817465999971, 0.0], [112.51744166700007, -7.845701665999968, 0.0], [112.51723344000004, -7.845940740999936, 0.0], [112.51708631700001, -7.846059699999955, 0.0], [112.51696352400006, -7.846175159999973, 0.0], [112.51693987100009, -7.846147563999978, 0.0], [112.51686782900003, -7.846129879999978, 0.0], [112.51674179600002, -7.846109997999974, 0.0], [112.51660851700001, -7.846076982999932, 0.0], [112.51646694200008, -7.84607151199998, 0.0], [112.51640461000011, -7.846084894999933, 0.0], [112.51631226100005, -7.8460912099999405, 0.0], [112.51618499900007, -7.846062957999948, 0.0], [112.51605225800006, -7.846178276999979, 0.0], [112.51596854000002, -7.8462491569999315, 0.0], [112.51588973500009, -7.846351123999966, 0.0], [112.51573894300009, -7.846450955999956, 0.0], [112.51549029800003, -7.846372542999973, 0.0], [112.5153292010001, -7.84627670499998, 0.0], [112.51519833300006, -7.8461433329999295, 0.0], [112.51508702000001, -7.846316574999946, 0.0], [112.51504511500002, -7.846385710999925, 0.0], [112.51499400600005, -7.846470030999967, 0.0], [112.5149367360001, -7.846556367999938, 0.0], [112.51489562600011, -7.846656861999975, 0.0], [112.51471469100011, -7.846780967999962, 0.0], [112.5147148320001, -7.846819724999932, 0.0], [112.51472338000008, -7.846832051999968, 0.0], [112.51476548100004, -7.846892753999953, 0.0], [112.51493867700003, -7.847017019999953, 0.0], [112.51499316600007, -7.8470902739999815, 0.0], [112.51497505400005, -7.847300226999948, 0.0], [112.51449324700002, -7.847348509999961, 0.0], [112.51444644200001, -7.847346204999951, 0.0], [112.513643935, -7.8473066959999755, 0.0], [112.51268088900008, -7.847087789999932, 0.0], [112.5118341540001, -7.846951961999935, 0.0], [112.5112742010001, -7.846923852999964, 0.0], [112.51106450900011, -7.846939003999978, 0.0], [112.510816567, -7.846956917999933, 0.0], [112.50894157500011, -7.847092380999925, 0.0], [112.50809188300002, -7.846994941999981, 0.0], [112.50713000000007, -7.847118332999969, 0.0], [112.50641868800005, -7.847791030999929, 0.0], [112.5064172540001, -7.847792387999959, 0.0], [112.50615361400003, -7.848041714999965, 0.0], [112.50602312700005, -7.84816511899993, 0.0], [112.50553548900007, -7.848669293999933, 0.0], [112.50517704700007, -7.8490725209999255, 0.0], [112.50485303300002, -7.849448828999925, 0.0], [112.5043533380001, -7.850029166999946, 0.0], [112.50425955500009, -7.85013808399998, 0.0], [112.50375793, -7.850757149999936, 0.0], [112.503729754, -7.8507866789999525, 0.0], [112.50342807000004, -7.851102852999929, 0.0], [112.50308469200002, -7.851692641999932, 0.0], [112.50303526300002, -7.851766967999936, 0.0], [112.50282605100006, -7.852081557999952, 0.0], [112.50252913600002, -7.85252802399998, 0.0], [112.5022698680001, -7.852849469999967, 0.0], [112.50205166600006, -7.853119999999933, 0.0], [112.50200976200006, -7.853609590999952, 0.0], [112.50197772800004, -7.853983853999978, 0.0], [112.50221348200012, -7.8545366359999775, 0.0], [112.50236111100003, -7.854882791999955, 0.0], [112.50244231200008, -7.855073184999981, 0.0], [112.50246549500002, -7.855488315999935, 0.0], [112.50249812800007, -7.856072658999949, 0.0], [112.50233156600007, -7.8565128599999525, 0.0], [112.50222052000004, -7.856779371999949, 0.0], [112.50203413300005, -7.857226697999977, 0.0], [112.50197940500004, -7.857309978999979, 0.0], [112.50183663700011, -7.857390880999958, 0.0], [112.50165807200005, -7.8574328959999775, 0.0], [112.5015939330001, -7.857447987999933, 0.0], [112.5009134070001, -7.857700210999951, 0.0], [112.50071353200008, -7.857781111999941, 0.0], [112.50062311200008, -7.857885807999935, 0.0], [112.500613595, -7.857990504999975, 0.0], [112.50066118400002, -7.858114236999938, 0.0], [112.50075636300005, -7.858318869999948, 0.0], [112.50078299600011, -7.858448235999958, 0.0], [112.50078967500008, -7.8584806739999635, 0.0], [112.50078015700001, -7.8585235039999475, 0.0], [112.50069925600008, -7.8585425399999735, 0.0], [112.50060407700005, -7.858518744999969, 0.0], [112.49979981900003, -7.8581951389999745, 0.0], [112.49968084600005, -7.858166584999935, 0.0], [112.4995133000001, -7.858088562999967, 0.0], [112.49908122200009, -7.858147548999966, 0.0], [112.49884935000011, -7.858181482999953, 0.0], [112.498731066, -7.857891074999941, 0.0], [112.49867598800006, -7.857586223999931, 0.0], [112.49857828800009, -7.857439430999932, 0.0], [112.49848057600002, -7.8572890509999525, 0.0], [112.49840457300002, -7.857170890999953, 0.0], [112.49833225900011, -7.857077839999931, 0.0], [112.49822760600011, -7.856999259999952, 0.0], [112.49800694200007, -7.856585829999972, 0.0], [112.49787352200008, -7.856179575999931, 0.0], [112.4976200000001, -7.854848999999945, 0.0], [112.49736495400009, -7.854865495999945, 0.0], [112.49701752800001, -7.854998321999972, 0.0], [112.49685026300006, -7.855190320999952, 0.0], [112.49689906200001, -7.855417436999971, 0.0], [112.49676804400008, -7.855681082999979, 0.0], [112.4967211280001, -7.855980315999943, 0.0], [112.49645789100009, -7.856172655999956, 0.0], [112.49606883100012, -7.856152217999977, 0.0], [112.49591215300006, -7.855749333999938, 0.0], [112.49563814200008, -7.8550447319999535, 0.0], [112.49543168800005, -7.854817252999965, 0.0], [112.49530500000003, -7.85470399999997, 0.0], [112.49523887900011, -7.854492298999958, 0.0], [112.49513463500011, -7.854366005999964, 0.0], [112.49503541800004, -7.85429757299994, 0.0], [112.4949421450001, -7.854214165999963, 0.0], [112.49483681200002, -7.854112857999951, 0.0], [112.49478870900009, -7.854080130999932, 0.0], [112.49470474500004, -7.8540834209999275, 0.0], [112.49461558000007, -7.853991182999948, 0.0], [112.49459710300005, -7.853340672999934, 0.0], [112.49458521000008, -7.853214234999939, 0.0], [112.49454489700008, -7.852939989999982, 0.0], [112.49452992300007, -7.852769999999964, 0.0], [112.49452416600002, -7.852704640999946, 0.0], [112.49446419700007, -7.852391228999977, 0.0], [112.49436368200008, -7.851842538999961, 0.0], [112.49422308800001, -7.850775627999951, 0.0], [112.4942018160001, -7.850614198999949, 0.0], [112.49410188700006, -7.850124451999932, 0.0], [112.49404231500012, -7.850026480999929, 0.0], [112.4940029600001, -7.849778803999925, 0.0], [112.49395567200008, -7.8494811989999675, 0.0], [112.49378078100005, -7.848380537999958, 0.0], [112.4936411430001, -7.84791045999998, 0.0], [112.49354168100001, -7.847655861999954, 0.0], [112.49336343700008, -7.847283922999964, 0.0], [112.49328379000008, -7.847029255999928, 0.0], [112.49312435800005, -7.846480772999939, 0.0], [112.49304464700003, -7.846186958999965, 0.0], [112.49298458600003, -7.845951748999937, 0.0], [112.49297038800012, -7.845636560999935, 0.0], [112.49296339200009, -7.845481250999967, 0.0], [112.49325529400005, -7.84461754199998, 0.0], [112.49353013100006, -7.843602549999957, 0.0], [112.4939412220001, -7.843032514999948, 0.0], [112.49405889200011, -7.84281647399996, 0.0], [112.49435128100004, -7.842089911999949, 0.0], [112.49439378800002, -7.84116569899993, 0.0], [112.49440026100001, -7.8410249709999675, 0.0], [112.49442434700006, -7.840501274999951, 0.0], [112.49444241300012, -7.840011108999931, 0.0], [112.49446045900004, -7.8395992359999696, 0.0], [112.49463599400008, -7.839108330999977, 0.0], [112.4948323750001, -7.838990102999958, 0.0], [112.49500902900002, -7.838812818999941, 0.0], [112.49520498900006, -7.838576971999942, 0.0], [112.49542067400012, -7.838399729999935, 0.0], [112.49565554300011, -7.838045852999926, 0.0], [112.4960606190001, -7.837642440999957, 0.0], [112.4965597690001, -7.837145342999975, 0.0], [112.49656142100002, -7.837141692999978, 0.0], [112.4966140780001, -7.837025335999954, 0.0], [112.49665754700004, -7.836929281999971, 0.0], [112.49668699600011, -7.836789531999955, 0.0], [112.49671541200007, -7.836654687999953, 0.0], [112.49673446000008, -7.8364191979999305, 0.0], [112.49668463400008, -7.836393591999979, 0.0], [112.49663393500009, -7.836367536999944, 0.0], [112.49694058700004, -7.836080004999928, 0.0], [112.4970909110001, -7.835939052999947, 0.0], [112.49724217700009, -7.835793226999954, 0.0], [112.49751660600009, -7.835528666999949, 0.0], [112.4978344540001, -7.835282147999976, 0.0], [112.49816600000008, -7.835025000999963, 0.0], [112.49874554400003, -7.834705914999972, 0.0], [112.49932566000007, -7.8343865119999805, 0.0], [112.49972878000005, -7.83426899899996, 0.0], [112.49978156300006, -7.834259494999969, 0.0], [112.49999900000012, -7.834220346999928, 0.0], [112.50043107600004, -7.834347993999927, 0.0], [112.5007879310001, -7.834122943999944, 0.0], [112.501239123, -7.8338368369999785, 0.0], [112.50169162500003, -7.833503140999937, 0.0], [112.50182885000004, -7.833204334999948, 0.0], [112.50192059800008, -7.833004554999945, 0.0], [112.50208294200002, -7.8321478319999756, 0.0], [112.50227510900004, -7.831133719999968, 0.0], [112.50227104800001, -7.830905930999961, 0.0], [112.50226977900002, -7.8308348059999275, 0.0], [112.50262365200001, -7.829961837999974, 0.0], [112.50313379500005, -7.828703367999935, 0.0], [112.5032951170001, -7.828553543999931, 0.0], [112.50432673400007, -7.827540293999959, 0.0], [112.50490746500009, -7.826969898999948, 0.0], [112.5050488060001, -7.826780876999976, 0.0], [112.50514066100004, -7.826658035999969, 0.0], [112.50572615300007, -7.825875032999932, 0.0], [112.50611902100002, -7.825358344999927, 0.0], [112.50655145400003, -7.824789621999969, 0.0], [112.50753388200008, -7.823786132999942, 0.0], [112.50770680900007, -7.823609497999939, 0.0], [112.50815377800006, -7.82324596199993, 0.0], [112.5084538100001, -7.823046462999969, 0.0], [112.5089607320001, -7.823047398999961, 0.0], [112.50941985700001, -7.822944836999966, 0.0], [112.50988843700009, -7.823550681999961, 0.0]]]], "type": "MultiPolygon"}}, {"type": "Feature", "properties": {"village_name": "Punten", "district_name": "Bumiaji", "kecamatan": "Bumiaji", "kabupaten": "Kota Batu", "provinsi": "Jawa Timur", "kode_desa": "35.79.02.2001", "last_updated": "2026-09-01T08:57:00.626128+00:00", "hourly_temp_today": [17.9, 17.2, 16.6, 16.3, 15.9, 15.2, 15.5, 18.9, 20.8, 22.9, 24.6, 25.9, 26.7, 26.9, 26.3, 25.6, 23.9, 21.9, 20.3, 19.6, 18.9, 18.0, 17.3, 16.8], "suhu_current": 25.6, "suhu_siang_1200": 26.7, "suhu_malam_2400": 17.9}, "geometry": {"coordinates": [[[[112.52230829400003, -7.825819253999953, 0.0], [112.52247067600001, -7.8260825689999365, 0.0], [112.52251864100003, -7.82607760999997, 0.0], [112.5226323920001, -7.826009469999974, 0.0], [112.52278512400005, -7.8258836229999815, 0.0], [112.52357781600006, -7.825924326999939, 0.0], [112.52383806600005, -7.826239197999939, 0.0], [112.52424333300007, -7.825853332999941, 0.0], [112.52453783400006, -7.82530531499998, 0.0], [112.52476819900005, -7.825318836999941, 0.0], [112.52503384700003, -7.825138438999943, 0.0], [112.52553705600008, -7.8249715369999535, 0.0], [112.5259899350001, -7.824819170999945, 0.0], [112.52621273700004, -7.824732234999942, 0.0], [112.5263048270001, -7.824385657999926, 0.0], [112.52637290000007, -7.824302870999929, 0.0], [112.52652015800004, -7.824164098999972, 0.0], [112.5273366670001, -7.823879999999974, 0.0], [112.52732833300001, -7.8239266669999665, 0.0], [112.52736000000004, -7.823983333999934, 0.0], [112.5273394410001, -7.824621331999936, 0.0], [112.5274746130001, -7.82550606999996, 0.0], [112.52752403200009, -7.825900652999962, 0.0], [112.52808963900009, -7.826398039999958, 0.0], [112.52828833300009, -7.826481666999939, 0.0], [112.52853500800006, -7.8268181049999725, 0.0], [112.52905677000001, -7.827133817999936, 0.0], [112.52953270900002, -7.827383304999955, 0.0], [112.52966773900005, -7.827540005999936, 0.0], [112.52962628900002, -7.828093453999941, 0.0], [112.52952748000007, -7.828629732999957, 0.0], [112.52948457500008, -7.828931768999951, 0.0], [112.52985921900006, -7.828918902999931, 0.0], [112.53004076600007, -7.828702919999955, 0.0], [112.5301818050001, -7.828497924999965, 0.0], [112.53038594600002, -7.828228027999955, 0.0], [112.53060483500008, -7.82805497399994, 0.0], [112.53088761000004, -7.827637651999964, 0.0], [112.53076864500008, -7.827580663999981, 0.0], [112.5305780860001, -7.827628009999955, 0.0], [112.53055950400005, -7.827466583999978, 0.0], [112.5304823130001, -7.8273478309999405, 0.0], [112.53056050600003, -7.827122980999945, 0.0], [112.53109380600006, -7.827336923999951, 0.0], [112.5314744740001, -7.827290329999926, 0.0], [112.53141798200011, -7.827442727999937, 0.0], [112.53142393500002, -7.827612289999934, 0.0], [112.53139170100008, -7.827859461999935, 0.0], [112.53123673200002, -7.8281440869999415, 0.0], [112.53097775900005, -7.82835328699997, 0.0], [112.5307557640001, -7.82853261799994, 0.0], [112.5306069510001, -7.82883101799996, 0.0], [112.53069491400004, -7.829027436999979, 0.0], [112.53064770000003, -7.829238147999945, 0.0], [112.53050490600003, -7.829554475999942, 0.0], [112.5305087480001, -7.829914531999975, 0.0], [112.53043248200004, -7.830053573999976, 0.0], [112.53034417700007, -7.830215389999978, 0.0], [112.53044106900006, -7.830433949999929, 0.0], [112.53028284900006, -7.830904127999929, 0.0], [112.53007078100006, -7.831322258999933, 0.0], [112.52990952400012, -7.831627389999937, 0.0], [112.52976835700008, -7.831894508999937, 0.0], [112.52975159200003, -7.832115820999945, 0.0], [112.52970053900003, -7.832474505999926, 0.0], [112.52962974000002, -7.832761436999931, 0.0], [112.52946456000006, -7.8330791959999715, 0.0], [112.52936206000004, -7.833192417999953, 0.0], [112.52923390300009, -7.833333978999974, 0.0], [112.52918097100007, -7.833621271999959, 0.0], [112.5293233330001, -7.83389666599993, 0.0], [112.52943868500006, -7.834110867999925, 0.0], [112.5297683330001, -7.834133332999954, 0.0], [112.52986686400004, -7.834204944999954, 0.0], [112.52981395300003, -7.834498218999954, 0.0], [112.52985059600007, -7.834677522999925, 0.0], [112.53024666600004, -7.834763332999955, 0.0], [112.53040422900006, -7.834800393999956, 0.0], [112.5302782120001, -7.835160450999979, 0.0], [112.53010448600003, -7.835423811999931, 0.0], [112.52998166700002, -7.835609999999974, 0.0], [112.52992472000005, -7.835666844999935, 0.0], [112.52985622900007, -7.835963763999928, 0.0], [112.52983273200005, -7.836106136999945, 0.0], [112.52981632600006, -7.836205551999967, 0.0], [112.5296546510001, -7.836608078999973, 0.0], [112.52962541700003, -7.836631552999961, 0.0], [112.52962019900008, -7.836643595999931, 0.0], [112.5295762400001, -7.836745040999972, 0.0], [112.52953103700008, -7.8368284019999805, 0.0], [112.52945112500004, -7.836975772999949, 0.0], [112.52930813700004, -7.837239466999961, 0.0], [112.52927365900007, -7.837321796999959, 0.0], [112.52920563200007, -7.837484237999945, 0.0], [112.52919833400006, -7.8375016669999695, 0.0], [112.52911507400006, -7.837775202999978, 0.0], [112.52899325200008, -7.837992916999951, 0.0], [112.52886677600009, -7.838108660999978, 0.0], [112.52880384600007, -7.838236060999975, 0.0], [112.52866195800004, -7.838523307999935, 0.0], [112.52851043500004, -7.838894062999941, 0.0], [112.52849531000004, -7.838995833999945, 0.0], [112.52843623700005, -7.838981692999937, 0.0], [112.52842894000003, -7.839021530999958, 0.0], [112.52840518700009, -7.839151194999943, 0.0], [112.52823635800007, -7.839132132999964, 0.0], [112.52825166700006, -7.839194999999961, 0.0], [112.52818740500004, -7.83931455499993, 0.0], [112.5281711780001, -7.839470125999981, 0.0], [112.52814153100007, -7.839646381999955, 0.0], [112.528157437, -7.839679147999959, 0.0], [112.52816744000006, -7.839683916999945, 0.0], [112.52820439200002, -7.839734911999926, 0.0], [112.52823351100005, -7.839824764999946, 0.0], [112.52825682900004, -7.8399031539999555, 0.0], [112.52827972500006, -7.839931062999938, 0.0], [112.52828355200006, -7.83993894799994, 0.0], [112.52831296900001, -7.839959565999948, 0.0], [112.52862615000004, -7.8400407779999455, 0.0], [112.52859949700007, -7.840133583999943, 0.0], [112.52857548400004, -7.840127689999974, 0.0], [112.52850549900006, -7.840249151999956, 0.0], [112.52846275600007, -7.8404660409999565, 0.0], [112.52854371700005, -7.840462754999976, 0.0], [112.52862731800008, -7.8403607709999505, 0.0], [112.52871436400005, -7.840381388999958, 0.0], [112.52870588000008, -7.840521978999959, 0.0], [112.5287755060001, -7.840532878999966, 0.0], [112.52877767500001, -7.840565184999946, 0.0], [112.528791178, -7.840977842999962, 0.0], [112.52889798300009, -7.841554780999957, 0.0], [112.52893432100007, -7.841785182999956, 0.0], [112.528760637, -7.841805842999975, 0.0], [112.52875620000009, -7.841639174999955, 0.0], [112.52875484900005, -7.841639251999936, 0.0], [112.52853111600007, -7.841631545999974, 0.0], [112.52827635900007, -7.841642517999958, 0.0], [112.52806039000006, -7.841631817999939, 0.0], [112.52750761300001, -7.841632388999926, 0.0], [112.52750219500001, -7.841402753999944, 0.0], [112.52670516400008, -7.84093910699994, 0.0], [112.52668378400006, -7.84093792799996, 0.0], [112.52644072200007, -7.840925710999954, 0.0], [112.52644010600011, -7.840925782999932, 0.0], [112.52639256600003, -7.840931375999958, 0.0], [112.52630484600002, -7.840930364999963, 0.0], [112.52617351700007, -7.84090531399994, 0.0], [112.526172169, -7.840864572999976, 0.0], [112.52562664200002, -7.840747761999978, 0.0], [112.52562325200006, -7.840777945999946, 0.0], [112.52562194100005, -7.840776823999931, 0.0], [112.5253922070001, -7.840580204999981, 0.0], [112.52539203600008, -7.840581707999945, 0.0], [112.525382906, -7.8406615839999745, 0.0], [112.52538116500011, -7.840660025999966, 0.0], [112.52525774000003, -7.840549589999966, 0.0], [112.525255044, -7.840468254999962, 0.0], [112.52520689500011, -7.840422971999942, 0.0], [112.52520649600001, -7.840424408999979, 0.0], [112.52516900500007, -7.840559480999957, 0.0], [112.52516764900008, -7.840557454999953, 0.0], [112.52505562400006, -7.84039002399993, 0.0], [112.5250547170001, -7.840391544999932, 0.0], [112.5250198550001, -7.840449965999937, 0.0], [112.52501882900003, -7.840448475999949, 0.0], [112.52491131700003, -7.84029245399995, 0.0], [112.5249093970001, -7.840292460999933, 0.0], [112.52475000000004, -7.840716666999981, 0.0], [112.52466731200002, -7.84072049699995, 0.0], [112.52452950400004, -7.840726879999977, 0.0], [112.52433648400006, -7.8407528099999695, 0.0], [112.52410172100008, -7.840761995999969, 0.0], [112.5240480120001, -7.84076222799996, 0.0], [112.52386821400012, -7.840808109999955, 0.0], [112.52386761600008, -7.840808227999958, 0.0], [112.5235964210001, -7.840785284999981, 0.0], [112.5235256950001, -7.840957893999928, 0.0], [112.52333828300004, -7.840882969999939, 0.0], [112.52337229500006, -7.840735467999934, 0.0], [112.52350025100009, -7.840558915999964, 0.0], [112.52351195300002, -7.840429926999946, 0.0], [112.52352049700005, -7.840359692999925, 0.0], [112.52368056600005, -7.840002245999926, 0.0], [112.52344601900006, -7.839896866999936, 0.0], [112.52344390100006, -7.839911334999954, 0.0], [112.52331956300009, -7.839996759999963, 0.0], [112.52325947200006, -7.8400592749999305, 0.0], [112.52321718900009, -7.840079386999946, 0.0], [112.52316146100009, -7.840064320999943, 0.0], [112.52316030700001, -7.840064534999954, 0.0], [112.52300321900009, -7.8400936039999465, 0.0], [112.52300215000002, -7.840093452999952, 0.0], [112.52285685100003, -7.8400576289999435, 0.0], [112.52278325600003, -7.840009357999975, 0.0], [112.5227821840001, -7.839921511999933, 0.0], [112.522847307, -7.839858842999945, 0.0], [112.52281051000011, -7.8397214429999735, 0.0], [112.5227396040001, -7.839619777999928, 0.0], [112.52259808100007, -7.839496356999973, 0.0], [112.52267224100001, -7.839271791999977, 0.0], [112.52280308600007, -7.838966274999962, 0.0], [112.52348424500008, -7.838774777999959, 0.0], [112.52357693900001, -7.838652139999965, 0.0], [112.52366033600003, -7.838493932999938, 0.0], [112.52367895500004, -7.8383359609999275, 0.0], [112.52374020100001, -7.838024713999971, 0.0], [112.52379546400005, -7.837717075999933, 0.0], [112.52383263200011, -7.8373819909999725, 0.0], [112.52395098900001, -7.836941341999932, 0.0], [112.52413040200008, -7.836656455999957, 0.0], [112.52421182300009, -7.836371484999972, 0.0], [112.52434928600007, -7.836128990999953, 0.0], [112.52424347200008, -7.83606046999995, 0.0], [112.5243955950001, -7.83578642599997, 0.0], [112.52413097500005, -7.835591197999975, 0.0], [112.52395773100011, -7.835453059999963, 0.0], [112.52385734000006, -7.835556299999951, 0.0], [112.52360460300008, -7.835329925999929, 0.0], [112.52349458200001, -7.835423631999959, 0.0], [112.52329352900006, -7.835293333999971, 0.0], [112.52318849200003, -7.835418069999946, 0.0], [112.52298242900008, -7.835227413999974, 0.0], [112.52291655400006, -7.835057304999964, 0.0], [112.52274591500009, -7.835003272999927, 0.0], [112.52243315700002, -7.834832405999975, 0.0], [112.5224826760001, -7.835145919999945, 0.0], [112.5222068700001, -7.835173832999942, 0.0], [112.52198513300004, -7.835225473999969, 0.0], [112.5218016880001, -7.8350855769999725, 0.0], [112.52149465500008, -7.83477266899996, 0.0], [112.52119978200005, -7.8345045769999615, 0.0], [112.52076844100009, -7.834094621999952, 0.0], [112.52060874800009, -7.833888843999944, 0.0], [112.52041939300011, -7.833772891999956, 0.0], [112.52036337400011, -7.833710928999949, 0.0], [112.52012807300002, -7.833657308999932, 0.0], [112.52010035500007, -7.83345703599997, 0.0], [112.52009048000002, -7.833214829999974, 0.0], [112.51992842900006, -7.833185507999929, 0.0], [112.5195986550001, -7.833216602999926, 0.0], [112.51933203300007, -7.83329532099998, 0.0], [112.51930542900004, -7.8330747479999445, 0.0], [112.51921110700005, -7.832701257999929, 0.0], [112.51913837500001, -7.83249217499997, 0.0], [112.51913408400003, -7.832297808999954, 0.0], [112.51901432500006, -7.832021904999976, 0.0], [112.51888517600003, -7.831839478999939, 0.0], [112.51887465000004, -7.831715559999964, 0.0], [112.51867809900011, -7.831745166999951, 0.0], [112.51846385200008, -7.8317319929999485, 0.0], [112.51830788600012, -7.831726572999969, 0.0], [112.51738731000012, -7.831587867999929, 0.0], [112.51710212300009, -7.831461340999965, 0.0], [112.51671568100005, -7.831289888999947, 0.0], [112.5162137750001, -7.831067209999958, 0.0], [112.51603888900001, -7.830989618999979, 0.0], [112.51518814100007, -7.830362132999937, 0.0], [112.51339008100001, -7.8287453439999695, 0.0], [112.51331693500003, -7.828679570999952, 0.0], [112.51275241400003, -7.827801481999927, 0.0], [112.51256677600009, -7.827512728999977, 0.0], [112.51209752300008, -7.826567553999951, 0.0], [112.5118721550001, -7.82611361499994, 0.0], [112.51142768500006, -7.825353790999941, 0.0], [112.50988843700009, -7.823550681999961, 0.0], [112.50941985700001, -7.822944836999966, 0.0], [112.51018953100004, -7.822714345999941, 0.0], [112.51062769700002, -7.822583128999952, 0.0], [112.51184375900004, -7.82221895899994, 0.0], [112.51307146200008, -7.821851303999949, 0.0], [112.51322982300007, -7.821803878999958, 0.0], [112.51327596500005, -7.821790060999945, 0.0], [112.51478080700008, -7.821431823999944, 0.0], [112.51644624800008, -7.821425102999967, 0.0], [112.51685905200009, -7.821505162999927, 0.0], [112.51769102500009, -7.821666513999958, 0.0], [112.51943187200004, -7.821967895999933, 0.0], [112.5204173950001, -7.822030305999931, 0.0], [112.52046158100006, -7.822033102999967, 0.0], [112.52050827700009, -7.822033429999976, 0.0], [112.52110342000003, -7.822037586999954, 0.0], [112.52157748200011, -7.822187430999975, 0.0], [112.52209866900012, -7.822704962999978, 0.0], [112.52260984100008, -7.8230799389999675, 0.0], [112.52289314400002, -7.823467698999934, 0.0], [112.52299667300008, -7.823789117999979, 0.0], [112.52289666700005, -7.824064999999962, 0.0], [112.52274168000008, -7.824591527999928, 0.0], [112.52265925300003, -7.825016496999979, 0.0], [112.52263645000005, -7.825087207999957, 0.0], [112.52257621800004, -7.8252739909999605, 0.0], [112.52239717500004, -7.8255198689999474, 0.0], [112.52230829400003, -7.825819253999953, 0.0]]]], "type": "MultiPolygon"}}, {"type": "Feature", "properties": {"village_name": "Giripurno", "district_name": "Bumiaji", "kecamatan": "Bumiaji", "kabupaten": "Kota Batu", "provinsi": "Jawa Timur", "kode_desa": "35.79.02.2007", "last_updated": "2026-09-01T08:57:00.626128+00:00", "hourly_temp_today": [18.2, 17.5, 17.0, 16.7, 16.2, 15.5, 15.8, 19.3, 21.1, 23.3, 25.0, 26.3, 27.1, 27.2, 26.7, 25.9, 24.3, 22.2, 20.7, 19.9, 19.3, 18.4, 17.7, 17.1], "suhu_current": 25.9, "suhu_siang_1200": 27.1, "suhu_malam_2400": 18.2}, "geometry": {"coordinates": [[[[112.58001926100007, -7.789808673999971, 0.0], [112.57974178600011, -7.791115604999959, 0.0], [112.57972182900005, -7.7926521969999385, 0.0], [112.57949458300004, -7.79367732999998, 0.0], [112.57888322300005, -7.794985505999932, 0.0], [112.57878376500003, -7.795856563999962, 0.0], [112.57841334300008, -7.797090078999929, 0.0], [112.57835268200006, -7.797292080999966, 0.0], [112.57781877800005, -7.798702486999957, 0.0], [112.57766781500004, -7.7995160599999735, 0.0], [112.57766546500011, -7.800604360999955, 0.0], [112.57805230000008, -7.802760336999938, 0.0], [112.57807350700011, -7.8032916569999315, 0.0], [112.57809416200007, -7.803675618999932, 0.0], [112.57813324400001, -7.80380990499998, 0.0], [112.57836016400006, -7.804410791999942, 0.0], [112.57848982900009, -7.804756015999942, 0.0], [112.57848522500001, -7.805242590999967, 0.0], [112.57828810300009, -7.805749050999964, 0.0], [112.5782635280001, -7.806034007999926, 0.0], [112.5782655700001, -7.806578145999936, 0.0], [112.57803630500007, -7.807046303999925, 0.0], [112.57785362700008, -7.807975260999967, 0.0], [112.57755401800011, -7.808546108999963, 0.0], [112.57746480100002, -7.808719295999936, 0.0], [112.57631280700002, -7.809651869999925, 0.0], [112.5760248580001, -7.809883384999978, 0.0], [112.57580836200009, -7.810348329999954, 0.0], [112.5755536590001, -7.8109126829999695, 0.0], [112.57517017900011, -7.811349410999981, 0.0], [112.57473432900008, -7.811517470999945, 0.0], [112.57462109300002, -7.812145211999962, 0.0], [112.57445661800011, -7.812786071999938, 0.0], [112.57349909400011, -7.8142236409999555, 0.0], [112.57301436900002, -7.815057622999973, 0.0], [112.57282335700006, -7.815480886999978, 0.0], [112.57167411600005, -7.817136771999969, 0.0], [112.57163623500003, -7.817303438999943, 0.0], [112.57211409500007, -7.818069830999946, 0.0], [112.57228495100003, -7.819131904999949, 0.0], [112.57205744500004, -7.820092941999974, 0.0], [112.5715226430001, -7.821272909999948, 0.0], [112.57148763700002, -7.822207645999981, 0.0], [112.57168433200002, -7.823320792999937, 0.0], [112.57196867100004, -7.823819129999947, 0.0], [112.57207437400007, -7.8246124919999716, 0.0], [112.57192174600004, -7.824984443999938, 0.0], [112.57270550400006, -7.82513511999997, 0.0], [112.57316953700001, -7.825619948999929, 0.0], [112.57331341200006, -7.826323575999936, 0.0], [112.57316133400002, -7.826861870999949, 0.0], [112.5725597610001, -7.82736351099993, 0.0], [112.57162591100007, -7.828263174999961, 0.0], [112.57147208200001, -7.829033274999972, 0.0], [112.57141270000011, -7.829627546999973, 0.0], [112.57106903200008, -7.830417519999969, 0.0], [112.57102689300007, -7.83082486099994, 0.0], [112.57102291000001, -7.831138580999948, 0.0], [112.57095408200007, -7.831606772999976, 0.0], [112.57091387100002, -7.831850202999931, 0.0], [112.57089496800006, -7.831933535999951, 0.0], [112.57090287500012, -7.831988472999967, 0.0], [112.5708037390001, -7.8321102559999645, 0.0], [112.57069090900006, -7.832288954999967, 0.0], [112.57062964700003, -7.832401827999945, 0.0], [112.57045100800008, -7.832696941999927, 0.0], [112.57034972300005, -7.833063549999963, 0.0], [112.57028045300001, -7.8337731249999365, 0.0], [112.56990474600002, -7.834933154999931, 0.0], [112.56981942200002, -7.836147339999968, 0.0], [112.56963884000004, -7.836603110999931, 0.0], [112.56948817800003, -7.83682263299994, 0.0], [112.56944847500006, -7.837201758999981, 0.0], [112.56944417500006, -7.837430950999931, 0.0], [112.56925551000006, -7.837785046999954, 0.0], [112.56921468400003, -7.837864574999969, 0.0], [112.56936778900001, -7.838975351999977, 0.0], [112.5694455690001, -7.8391799199999355, 0.0], [112.56942635100006, -7.8395384469999385, 0.0], [112.56930620100002, -7.840358324999954, 0.0], [112.56872540000006, -7.842012086999944, 0.0], [112.56859479500008, -7.842383967999979, 0.0], [112.56871659100011, -7.842404966999936, 0.0], [112.56943756100009, -7.842529271999979, 0.0], [112.56932982400008, -7.843907353999953, 0.0], [112.5693415820001, -7.845687021999936, 0.0], [112.5692713300001, -7.846005041999945, 0.0], [112.569215342, -7.846258489999968, 0.0], [112.5692083990001, -7.846365969999965, 0.0], [112.56919597900003, -7.846558254999934, 0.0], [112.56903255400005, -7.84680467499993, 0.0], [112.56877856400001, -7.847059785999932, 0.0], [112.56874598600007, -7.847092507999946, 0.0], [112.56854143500004, -7.847318649999977, 0.0], [112.56846041400001, -7.847626238999965, 0.0], [112.56844134000005, -7.8480231879999565, 0.0], [112.56844384400006, -7.848022414999946, 0.0], [112.56839508600001, -7.84830587099998, 0.0], [112.56837661300005, -7.84841326399993, 0.0], [112.56837622500007, -7.8484178569999585, 0.0], [112.5683334470001, -7.8489242769999805, 0.0], [112.56832885900008, -7.848978587999966, 0.0], [112.56830947200001, -7.849033363999979, 0.0], [112.56828399500012, -7.849105347999966, 0.0], [112.5678239130001, -7.849740026999939, 0.0], [112.5677381590001, -7.8498443329999645, 0.0], [112.56775492000008, -7.849897612999939, 0.0], [112.5678897250001, -7.850326133999943, 0.0], [112.5678425970001, -7.850328347999948, 0.0], [112.56765356000005, -7.85033722999998, 0.0], [112.5674995710001, -7.850368541999956, 0.0], [112.56737649200011, -7.850407422999979, 0.0], [112.56734057500012, -7.850420393999968, 0.0], [112.56730469600006, -7.8504434909999645, 0.0], [112.56723266800009, -7.850397742999974, 0.0], [112.56717121200006, -7.850459447999981, 0.0], [112.56706847300006, -7.850439307999977, 0.0], [112.56695560900005, -7.85047046699998, 0.0], [112.56688383200003, -7.850511687999926, 0.0], [112.56683265600009, -7.850563137999927, 0.0], [112.56676099200001, -7.850614573999962, 0.0], [112.56669938200002, -7.850635325999974, 0.0], [112.56664805300011, -7.850645732999965, 0.0], [112.56650394100006, -7.850559208999925, 0.0], [112.56638601200007, -7.850615970999968, 0.0], [112.5661908400001, -7.85061163499995, 0.0], [112.56608319200006, -7.8506581429999756, 0.0], [112.5660734270001, -7.85078619199993, 0.0], [112.56595561400002, -7.850873690999947, 0.0], [112.56589400200005, -7.850873920999959, 0.0], [112.5657605560001, -7.850900001999946, 0.0], [112.56558090100009, -7.850926345999937, 0.0], [112.5654732160001, -7.850983068999938, 0.0], [112.56547350400001, -7.850999298999966, 0.0], [112.56543712300004, -7.851114025999948, 0.0], [112.56532246200004, -7.851344624999967, 0.0], [112.56512564000002, -7.851758869999969, 0.0], [112.56486543000005, -7.8523781189999795, 0.0], [112.56477181500009, -7.852877774999968, 0.0], [112.56479681100006, -7.853163089999953, 0.0], [112.56498850500009, -7.853376365999964, 0.0], [112.56510864200004, -7.853589906999957, 0.0], [112.56513320700003, -7.85378002799996, 0.0], [112.56520572900001, -7.854017613999929, 0.0], [112.56558503200006, -7.854430888999957, 0.0], [112.56562430300005, -7.854734232999931, 0.0], [112.56562615000007, -7.855227475999925, 0.0], [112.56543720100001, -7.8556076089999465, 0.0], [112.56528616800006, -7.855949631999977, 0.0], [112.56494893600006, -7.856248319999963, 0.0], [112.5647962490001, -7.856627866999929, 0.0], [112.56481765500007, -7.85685316699994, 0.0], [112.56485413100006, -7.857009250999965, 0.0], [112.56488004500011, -7.857060323999974, 0.0], [112.56490079900004, -7.857111505999967, 0.0], [112.56494223300001, -7.857213780999928, 0.0], [112.5650660230001, -7.857343864999962, 0.0], [112.56514850500002, -7.857425554999963, 0.0], [112.56535425100003, -7.857516910999948, 0.0], [112.56564228600007, -7.857618266999964, 0.0], [112.56585915800008, -7.857924745999981, 0.0], [112.56586046300004, -7.858273070999928, 0.0], [112.56557342600001, -7.858438044999957, 0.0], [112.56506789500008, -7.858682033999969, 0.0], [112.56506832100001, -7.8587958519999574, 0.0], [112.56510894000007, -7.859478619999948, 0.0], [112.56492041500007, -7.859972572999936, 0.0], [112.56484486400007, -7.860124553999981, 0.0], [112.56476966500009, -7.860390443999961, 0.0], [112.56473274200005, -7.860694070999955, 0.0], [112.564733595, -7.860921707999978, 0.0], [112.56473444800008, -7.861149344999944, 0.0], [112.56473515900007, -7.8613390119999735, 0.0], [112.56473572800007, -7.861490799999956, 0.0], [112.56473658100003, -7.861718436999979, 0.0], [112.5647753510001, -7.861907961999975, 0.0], [112.5647759200001, -7.862059749999958, 0.0], [112.56477705700001, -7.862363234999975, 0.0], [112.56477776800011, -7.862552992999952, 0.0], [112.564778337, -7.86270468999993, 0.0], [112.56474212500007, -7.863198074999957, 0.0], [112.56481980900003, -7.863615095999933, 0.0], [112.5651262880001, -7.864107202999946, 0.0], [112.56520390500009, -7.864486252999939, 0.0], [112.56524324500003, -7.864827565999974, 0.0], [112.56528301300011, -7.86528269799993, 0.0], [112.56528386600007, -7.865510333999964, 0.0], [112.56536148500004, -7.86588947499996, 0.0], [112.56543973900011, -7.86645828199994, 0.0], [112.56538756900011, -7.867035485999963, 0.0], [112.56536212800006, -7.867316966999965, 0.0], [112.56533897200006, -7.867482946999928, 0.0], [112.56536310600006, -7.867577600999937, 0.0], [112.56541118200005, -7.867695942999944, 0.0], [112.56548287300006, -7.867790509999963, 0.0], [112.56553580100001, -7.867920950999974, 0.0], [112.5655650330001, -7.867992991999927, 0.0], [112.56557887500003, -7.868027103999964, 0.0], [112.56562705500005, -7.868192816999965, 0.0], [112.56558012000005, -7.868358884999964, 0.0], [112.56543825000006, -7.868572679999943, 0.0], [112.56524830400008, -7.8686681329999715, 0.0], [112.56508204700003, -7.868739901999959, 0.0], [112.56491595300008, -7.868835265999962, 0.0], [112.56491206700002, -7.868843086999959, 0.0], [112.56486875200005, -7.868930276999947, 0.0], [112.5647977860001, -7.869049061999931, 0.0], [112.56470338400004, -7.869238993999943, 0.0], [112.56470929700004, -7.869358558999977, 0.0], [112.56472393600006, -7.869654598999944, 0.0], [112.56496497400008, -7.869803501999968, 0.0], [112.5650738280001, -7.869929077999927, 0.0], [112.56514611900002, -7.870012474999953, 0.0], [112.56517685200004, -7.870192084999928, 0.0], [112.56517786400002, -7.870461578999937, 0.0], [112.56520904700005, -7.87076097399995, 0.0], [112.56521024000006, -7.871078919999945, 0.0], [112.56521039600011, -7.871120419999954, 0.0], [112.56518112300012, -7.871330177999937, 0.0], [112.5650609590001, -7.87247132899995, 0.0], [112.56503599500002, -7.872708400999954, 0.0], [112.56497699900001, -7.873008132999928, 0.0], [112.56488760700006, -7.8732181159999755, 0.0], [112.56485867100002, -7.87351773599994, 0.0], [112.56485945800011, -7.87372738199997, 0.0], [112.56485990800002, -7.873847256999966, 0.0], [112.56489052900008, -7.873996853999927, 0.0], [112.56531372100005, -7.874542314999928, 0.0], [112.56531502000007, -7.874888289999944, 0.0], [112.56531601900008, -7.875154347999967, 0.0], [112.56530974300006, -7.875199340999927, 0.0], [112.56526402800012, -7.875527100999932, 0.0], [112.56523815700007, -7.87576667999997, 0.0], [112.56521236200001, -7.876006349999955, 0.0], [112.565106506, -7.876272806999964, 0.0], [112.56500062400005, -7.876512684999966, 0.0], [112.5649748290001, -7.8767523539999615, 0.0], [112.56494925800007, -7.877071759999978, 0.0], [112.56494995700007, -7.877257991999954, 0.0], [112.564866918, -7.877985247999959, 0.0], [112.56458307100002, -7.878246402999935, 0.0], [112.56453594300001, -7.878341142999943, 0.0], [112.56451690900008, -7.878385862999949, 0.0], [112.56446537700003, -7.87850693799993, 0.0], [112.56446590900009, -7.878648780999981, 0.0], [112.56449296800008, -7.878728674999934, 0.0], [112.56453789600005, -7.878861325999935, 0.0], [112.5645384290001, -7.87900316899993, 0.0], [112.56453922800006, -7.8792159799999695, 0.0], [112.56434783000009, -7.879483840999967, 0.0], [112.56445099300004, -7.87969620299998, 0.0], [112.56447202400011, -7.879739494999967, 0.0], [112.56472915000006, -7.8801361269999575, 0.0], [112.5647303830001, -7.880138029999955, 0.0], [112.56484398900011, -7.880321940999977, 0.0], [112.56486220600004, -7.880350248999946, 0.0], [112.56506099, -7.8806591549999325, 0.0], [112.56507210000007, -7.880889554999953, 0.0], [112.56510037100009, -7.881077845999926, 0.0], [112.56517379200011, -7.88156683699998, 0.0], [112.56506757200009, -7.881571601999951, 0.0], [112.564583115, -7.881950222999933, 0.0], [112.56400807400007, -7.882167691999939, 0.0], [112.56351027000005, -7.882187493999936, 0.0], [112.56313879300001, -7.882302520999929, 0.0], [112.56264217900002, -7.882639317999974, 0.0], [112.56224086600002, -7.882796324999958, 0.0], [112.56203127900005, -7.8828928059999726, 0.0], [112.56173713100009, -7.88283409099995, 0.0], [112.5616337890001, -7.882469625999931, 0.0], [112.56157753700006, -7.881865738999977, 0.0], [112.56137739200005, -7.88128033199996, 0.0], [112.56117214500011, -7.8809341909999375, 0.0], [112.56086519400003, -7.880660200999955, 0.0], [112.56030742900009, -7.880686203999971, 0.0], [112.55992306000007, -7.880562029999965, 0.0], [112.55956232500012, -7.8803420699999265, 0.0], [112.5594349480001, -7.87996573199996, 0.0], [112.55946341800006, -7.879558906999932, 0.0], [112.55939647200012, -7.879301965999957, 0.0], [112.55893954200008, -7.879022551999981, 0.0], [112.55872876900003, -7.878802032999943, 0.0], [112.55870267300008, -7.878239900999972, 0.0], [112.55876059900004, -7.877689418999978, 0.0], [112.55887266600007, -7.877180603999932, 0.0], [112.5590027290001, -7.876671721999969, 0.0], [112.55891147800003, -7.87633113499993, 0.0], [112.55888661200004, -7.87609796299995, 0.0], [112.55870616900006, -7.8759670469999605, 0.0], [112.55838268200011, -7.8760818929999346, 0.0], [112.5579458520001, -7.876364630999944, 0.0], [112.55752063800003, -7.876545645999954, 0.0], [112.55713629500008, -7.876427449999937, 0.0], [112.55666068000005, -7.875962684999934, 0.0], [112.55637777400011, -7.875700564999931, 0.0], [112.55621143500002, -7.8754218529999775, 0.0], [112.55598316100009, -7.874999184999979, 0.0], [112.55551372800005, -7.874904030999971, 0.0], [112.55526509900005, -7.874866758999929, 0.0], [112.55520799200008, -7.874855337999975, 0.0], [112.55510149100007, -7.874674438999932, 0.0], [112.55474457200012, -7.874543568999968, 0.0], [112.55416160400011, -7.874308596999981, 0.0], [112.5540218110001, -7.874195572999952, 0.0], [112.55398909300004, -7.874017112999979, 0.0], [112.55399026400005, -7.873956259999943, 0.0], [112.55399206800007, -7.873862447999954, 0.0], [112.55401268100002, -7.873683744999937, 0.0], [112.55399206800007, -7.873582861999978, 0.0], [112.55393555500007, -7.873472810999942, 0.0], [112.55376007000007, -7.8733300439999425, 0.0], [112.55372437800008, -7.873291377999976, 0.0], [112.55371638700001, -7.873257413999966, 0.0], [112.55371248100005, -7.873240813999928, 0.0], [112.55371535300003, -7.873174766999966, 0.0], [112.55371843000012, -7.873103994999951, 0.0], [112.5537165290001, -7.872673492999979, 0.0], [112.5538921650001, -7.872608072999981, 0.0], [112.55408883700011, -7.8724855389999675, 0.0], [112.55427898100004, -7.8722529489999715, 0.0], [112.55461665500002, -7.871734558999947, 0.0], [112.55471020100003, -7.871590946999959, 0.0], [112.55477313900008, -7.871361820999937, 0.0], [112.55485726200004, -7.871047822999969, 0.0], [112.55486340200002, -7.871024906999935, 0.0], [112.55494087800002, -7.870894070999952, 0.0], [112.5549646720001, -7.870852429999957, 0.0], [112.55498846700004, -7.870769148999955, 0.0], [112.55499144100008, -7.870676944999957, 0.0], [112.55497954400005, -7.870546073999947, 0.0], [112.55497062100005, -7.87050740799998, 0.0], [112.55494087800002, -7.870489561999932, 0.0], [112.55487235700002, -7.870438680999939, 0.0], [112.55473690200006, -7.870446768999955, 0.0], [112.55464059100007, -7.87035621299998, 0.0], [112.55461983600003, -7.870107756999971, 0.0], [112.55464982300009, -7.869949962999954, 0.0], [112.5546581100001, -7.869906362999927, 0.0], [112.55459701300003, -7.869843654999954, 0.0], [112.55452804700008, -7.869772866999938, 0.0], [112.5543151390001, -7.869649995999964, 0.0], [112.55427760300006, -7.8695853669999565, 0.0], [112.55420684300009, -7.869439657999976, 0.0], [112.5542054020001, -7.869082093999964, 0.0], [112.55420462600011, -7.868889392999961, 0.0], [112.55413363100001, -7.86855895399998, 0.0], [112.55412595500002, -7.868498491999958, 0.0], [112.55410767600006, -7.868354493999959, 0.0], [112.55417842500003, -7.868024070999979, 0.0], [112.5541379010001, -7.86777301099994, 0.0], [112.55428745300003, -7.867341812999939, 0.0], [112.5543804780001, -7.86719433199994, 0.0], [112.5544706070001, -7.867069001999937, 0.0], [112.5545485990001, -7.866917378999972, 0.0], [112.55451502300002, -7.866805617999944, 0.0], [112.55454231800002, -7.866643757999952, 0.0], [112.55454231800002, -7.866622937999978, 0.0], [112.55452549500001, -7.866511940999942, 0.0], [112.55451057300002, -7.866461794999964, 0.0], [112.55448176000004, -7.866364965999935, 0.0], [112.55441312500011, -7.866297033999956, 0.0], [112.55430494300003, -7.866240015999949, 0.0], [112.5542900260001, -7.86610011199997, 0.0], [112.55432182900006, -7.865942090999965, 0.0], [112.5543105380001, -7.8658093499999495, 0.0], [112.55419501100005, -7.865712883999947, 0.0], [112.55414419800002, -7.865598232999957, 0.0], [112.55421580200004, -7.865497483999945, 0.0], [112.5542585290001, -7.8653555689999735, 0.0], [112.55420391500002, -7.865142169999956, 0.0], [112.5541696040001, -7.865008106999937, 0.0], [112.554138953, -7.864888340999926, 0.0], [112.55417138900009, -7.864733433999959, 0.0], [112.55418559500004, -7.864521048999961, 0.0], [112.55420912000011, -7.8643953579999675, 0.0], [112.55422932300007, -7.864182951999965, 0.0], [112.55429913000012, -7.86412762599997, 0.0], [112.55434270900003, -7.86402702099997, 0.0], [112.55429146900008, -7.863958426999943, 0.0], [112.55422730900011, -7.863701141999968, 0.0], [112.55420333300003, -7.86360499999995, 0.0], [112.55408415700003, -7.863053046999937, 0.0], [112.55405922900002, -7.862801929999932, 0.0], [112.55394022900009, -7.862527385999954, 0.0], [112.55373405800003, -7.862462205999975, 0.0], [112.55373000000009, -7.862401666999972, 0.0], [112.55367618500009, -7.862223172999961, 0.0], [112.55368448200011, -7.862034734999952, 0.0], [112.55351936400007, -7.861990486999957, 0.0], [112.55330629500008, -7.861955387999956, 0.0], [112.55329702000006, -7.861880657999961, 0.0], [112.55290525700002, -7.861859975999948, 0.0], [112.55242331400007, -7.8618827239999405, 0.0], [112.55236396600003, -7.861470807999979, 0.0], [112.55209390200002, -7.861432330999946, 0.0], [112.55182719600009, -7.861329243999933, 0.0], [112.55137008100007, -7.861316577999958, 0.0], [112.55120144000011, -7.86145357099997, 0.0], [112.55102166800009, -7.861500887999966, 0.0], [112.55049822100011, -7.861555455999962, 0.0], [112.54983620000007, -7.861605747999931, 0.0], [112.54942361400003, -7.861631195999962, 0.0], [112.54942949800011, -7.861905182999976, 0.0], [112.54887761400005, -7.861829900999965, 0.0], [112.54870629300001, -7.861772792999943, 0.0], [112.54807833300003, -7.8615783329999545, 0.0], [112.548078196, -7.861220001999925, 0.0], [112.54776436200007, -7.860700794999957, 0.0], [112.5477625420001, -7.860533327999974, 0.0], [112.5479639880001, -7.860507463999966, 0.0], [112.54798868800003, -7.860374590999982, 0.0], [112.54815711800006, -7.860180179999929, 0.0], [112.54818869700011, -7.859961151999926, 0.0], [112.54824913400012, -7.859759959999963, 0.0], [112.54831300900003, -7.859515692999935, 0.0], [112.54840602200011, -7.859364623999966, 0.0], [112.54858140900001, -7.859105588999967, 0.0], [112.54868145000012, -7.85907052999994, 0.0], [112.54880360100003, -7.858924050999974, 0.0], [112.54905585300003, -7.858851978999951, 0.0], [112.54909752300011, -7.858853672999942, 0.0], [112.54892718200006, -7.858756300999971, 0.0], [112.54886925000005, -7.858723184999974, 0.0], [112.54869617000008, -7.858634105999954, 0.0], [112.548635278, -7.85851157899998, 0.0], [112.54862045300001, -7.858445335999932, 0.0], [112.5486057920001, -7.8583736159999376, 0.0], [112.54857925700003, -7.858326466999927, 0.0], [112.54857515100002, -7.858319170999948, 0.0], [112.5485742620001, -7.858317591999935, 0.0], [112.54856763200007, -7.8583058099999334, 0.0], [112.5485434630001, -7.858281008999938, 0.0], [112.54853226800003, -7.858269520999954, 0.0], [112.54849517500008, -7.8582314579999775, 0.0], [112.54846773700001, -7.858175591999952, 0.0], [112.5484268240001, -7.858061753999948, 0.0], [112.54848611900002, -7.857876117999979, 0.0], [112.54856931600011, -7.85766646999997, 0.0], [112.54864645000009, -7.857438900999966, 0.0], [112.5487596160001, -7.857223159999933, 0.0], [112.5489209000001, -7.8570431299999655, 0.0], [112.549148607, -7.856982478999953, 0.0], [112.54922633900003, -7.856916398999942, 0.0], [112.54951991400003, -7.856825598999933, 0.0], [112.54992824200008, -7.856703618999973, 0.0], [112.55015000000003, -7.8561983339999415, 0.0], [112.55019649200005, -7.856066204999934, 0.0], [112.55026189500006, -7.855910451999932, 0.0], [112.55028489300003, -7.855887348999943, 0.0], [112.5503933650001, -7.855778380999936, 0.0], [112.55056042400008, -7.855538516999957, 0.0], [112.55074558800004, -7.8553284919999555, 0.0], [112.55105810000009, -7.855125892999979, 0.0], [112.55131640100001, -7.8549048319999315, 0.0], [112.55143074700004, -7.854684301999953, 0.0], [112.55152109700009, -7.854462664999971, 0.0], [112.55156861500006, -7.854336884999952, 0.0], [112.55173598400006, -7.854180755999948, 0.0], [112.55196926500003, -7.854006440999967, 0.0], [112.5522864290001, -7.853807889999928, 0.0], [112.55248980900001, -7.853657609999971, 0.0], [112.55270533900011, -7.85354915299996, 0.0], [112.55284296100001, -7.853458926999963, 0.0], [112.55297779500006, -7.85342553199996, 0.0], [112.5528764390001, -7.853590388999976, 0.0], [112.55296657600002, -7.85363491499993, 0.0], [112.5531828290001, -7.853720842999962, 0.0], [112.55337503400006, -7.853791906999959, 0.0], [112.55334554400008, -7.853926591999937, 0.0], [112.55332197300004, -7.854040321999946, 0.0], [112.5533822650001, -7.854123835999928, 0.0], [112.55343682600005, -7.854279144999964, 0.0], [112.55341031300009, -7.854407837999929, 0.0], [112.5533237630001, -7.854521800999976, 0.0], [112.55321530900005, -7.854713598999979, 0.0], [112.55317258600007, -7.854838164999933, 0.0], [112.5530342300001, -7.855053998999949, 0.0], [112.55335576200002, -7.855062380999925, 0.0], [112.55355241100006, -7.855037729999935, 0.0], [112.55382565700006, -7.854964945999939, 0.0], [112.55408130700005, -7.854838394999945, 0.0], [112.5543184170001, -7.854726268999968, 0.0], [112.55454842400002, -7.854639289999966, 0.0], [112.55488682100008, -7.854666747999943, 0.0], [112.55476528800011, -7.854889696999976, 0.0], [112.55474283400008, -7.855006173999925, 0.0], [112.55472998000005, -7.855072850999932, 0.0], [112.55471305100002, -7.855603458999951, 0.0], [112.55479771300008, -7.855614747999937, 0.0], [112.55498734800005, -7.855719792999935, 0.0], [112.55519833300002, -7.855836666999949, 0.0], [112.55546396200009, -7.855947872999934, 0.0], [112.55581612300011, -7.855433908999942, 0.0], [112.5562063540001, -7.854938980999975, 0.0], [112.55645381800002, -7.854653445999929, 0.0], [112.55668224700003, -7.854263214999946, 0.0], [112.55710140600002, -7.853518039999926, 0.0], [112.55711054900007, -7.853501786999971, 0.0], [112.55724379900005, -7.853225769999938, 0.0], [112.55725331700012, -7.85301637699996, 0.0], [112.55725830100005, -7.852901757999973, 0.0], [112.55726283500007, -7.852797466999959, 0.0], [112.55731994200005, -7.852664216999926, 0.0], [112.55739608500005, -7.852416752999943, 0.0], [112.55756740600009, -7.851845681999976, 0.0], [112.55771969200009, -7.851093771999956, 0.0], [112.55789101300002, -7.85069402299996, 0.0], [112.55803378000007, -7.850389451999945, 0.0], [112.558176548, -7.850170541999944, 0.0], [112.55855726200002, -7.849647059999938, 0.0], [112.55885231500008, -7.84919972199998, 0.0], [112.55906170800006, -7.848752382999976, 0.0], [112.55910774600011, -7.848629613999947, 0.0], [112.55917592200001, -7.848447811999961, 0.0], [112.55926158200009, -7.848343115999967, 0.0], [112.55941386800009, -7.8482955259999585, 0.0], [112.55945193900004, -7.848219383999947, 0.0], [112.55959470700009, -7.847943365999981, 0.0], [112.55970892100004, -7.847695901999941, 0.0], [112.55966872700003, -7.847352271999966, 0.0], [112.5596782770001, -7.8470983349999415, 0.0], [112.55966283800001, -7.846532502999935, 0.0], [112.55966174100001, -7.846238232999951, 0.0], [112.55955236000011, -7.845858236999959, 0.0], [112.55943589000003, -7.845506975999967, 0.0], [112.55944132200011, -7.845033246999947, 0.0], [112.55940421100001, -7.844731933999981, 0.0], [112.559438193, -7.844193502999929, 0.0], [112.55953714500004, -7.843672325999933, 0.0], [112.55955819600001, -7.843561446999956, 0.0], [112.5596219580001, -7.843288469999948, 0.0], [112.55977907200008, -7.842957727999931, 0.0], [112.55994335600008, -7.842619780999939, 0.0], [112.5601651400001, -7.842260089999968, 0.0], [112.5603299600001, -7.8420656889999805, 0.0], [112.5605377490001, -7.84181370999994, 0.0], [112.56102059400007, -7.841976999999929, 0.0], [112.56124392900006, -7.842033590999961, 0.0], [112.561625821, -7.842147012999931, 0.0], [112.5620655350001, -7.842324815999973, 0.0], [112.56218747600008, -7.842356774999928, 0.0], [112.56235151900012, -7.842399769999929, 0.0], [112.56245222000007, -7.842075121999926, 0.0], [112.56252753500007, -7.841852742999947, 0.0], [112.56262479200007, -7.841555716999949, 0.0], [112.56269574700002, -7.841282114999956, 0.0], [112.56293325000001, -7.840635267999971, 0.0], [112.56317031100002, -7.839997664999942, 0.0], [112.56318265800007, -7.839964452999936, 0.0], [112.56334097800004, -7.8395579709999765, 0.0], [112.56343158600009, -7.83932533899997, 0.0], [112.56346420500006, -7.839226528999973, 0.0], [112.56349289100001, -7.839132314999972, 0.0], [112.56352345700009, -7.839031921999947, 0.0], [112.56354681300002, -7.83886137199994, 0.0], [112.56354598700011, -7.838640071999976, 0.0], [112.56374688000005, -7.838630354999964, 0.0], [112.5639538150001, -7.838632576999942, 0.0], [112.56413369400002, -7.838616955999953, 0.0], [112.56425762900005, -7.838584322999964, 0.0], [112.56453419500008, -7.837059470999975, 0.0], [112.56494790200009, -7.836001841999973, 0.0], [112.56479118300001, -7.835921040999949, 0.0], [112.56514159300002, -7.835512833999928, 0.0], [112.5651510460001, -7.835324389999926, 0.0], [112.56526526000005, -7.835053131999928, 0.0], [112.5652943450001, -7.83496323199995, 0.0], [112.5654223040001, -7.834567721999974, 0.0], [112.56548324700009, -7.83450677899998, 0.0], [112.5655888660001, -7.83440115999997, 0.0], [112.56563501300002, -7.834344362999957, 0.0], [112.565712598, -7.834248873999968, 0.0], [112.56573163400003, -7.834210802999962, 0.0], [112.5657471400001, -7.834052644999929, 0.0], [112.56577922300005, -7.833725392999952, 0.0], [112.56572211600007, -7.833582624999963, 0.0], [112.56535092000001, -7.83330660699994, 0.0], [112.5651723420001, -7.833094804999973, 0.0], [112.56465189900007, -7.832514904999925, 0.0], [112.56473226100002, -7.832402411999965, 0.0], [112.56472794700005, -7.832342012999959, 0.0], [112.56472274300006, -7.832269161999932, 0.0], [112.56475129600005, -7.832116876999976, 0.0], [112.56497972400007, -7.831621948999953, 0.0], [112.5650749030001, -7.831517252999959, 0.0], [112.56518911700005, -7.831298341999968, 0.0], [112.56519618400011, -7.831124037999928, 0.0], [112.56520293900007, -7.830957407999961, 0.0], [112.56521767100003, -7.830594021999957, 0.0], [112.56517959900009, -7.830365593999943, 0.0], [112.56521767100003, -7.8295565769999484, 0.0], [112.56518811500007, -7.829286030999981, 0.0], [112.56513562000009, -7.828805501999966, 0.0], [112.56509393900001, -7.8284239529999695, 0.0], [112.56486787300003, -7.827492492999966, 0.0], [112.56486584400011, -7.827475234999952, 0.0], [112.56478153800003, -7.826757759999964, 0.0], [112.5647505820001, -7.826494321999974, 0.0], [112.564609184, -7.825290967999933, 0.0], [112.56452789800005, -7.823801664999962, 0.0], [112.564504037, -7.823364468999955, 0.0], [112.56461326500005, -7.822671143999969, 0.0], [112.56475385400006, -7.821778758999926, 0.0], [112.5650747090001, -7.820871263999948, 0.0], [112.56552182600001, -7.819606648999979, 0.0], [112.5655955200001, -7.819273172999942, 0.0], [112.56563807600003, -7.819080600999939, 0.0], [112.5657158570001, -7.818728632999978, 0.0], [112.56581820200006, -7.818265507999968, 0.0], [112.56590523200009, -7.817871680999929, 0.0], [112.5662292500001, -7.816987604999952, 0.0], [112.56631790400002, -7.816745711999943, 0.0], [112.56640297500007, -7.816585026999974, 0.0], [112.56647592000002, -7.81644724399996, 0.0], [112.56652687400003, -7.816350998999951, 0.0], [112.56661745500003, -7.816179905999945, 0.0], [112.56665521200011, -7.816108586999974, 0.0], [112.56682920100002, -7.815779945999964, 0.0], [112.566902217, -7.815366273999928, 0.0], [112.56711077900002, -7.815049961999932, 0.0], [112.56711068000004, -7.815029694999964, 0.0], [112.56710915100007, -7.814713963999964, 0.0], [112.5671073100001, -7.8143338169999765, 0.0], [112.5671053420001, -7.813927508999939, 0.0], [112.56735487300011, -7.813251180999941, 0.0], [112.56783431000008, -7.812688476999938, 0.0], [112.56796123200002, -7.812336695999932, 0.0], [112.56742281000004, -7.811288008999952, 0.0], [112.56719537300012, -7.81078122699995, 0.0], [112.56729516900009, -7.810625984999945, 0.0], [112.56753624800001, -7.810250961999941, 0.0], [112.56733657600012, -7.810034805999976, 0.0], [112.56726785000001, -7.809952037999949, 0.0], [112.56709209200005, -7.80974036799995, 0.0], [112.56729196700007, -7.809266101999981, 0.0], [112.56717810700002, -7.808844415999943, 0.0], [112.56734781000011, -7.8081358989999785, 0.0], [112.56761295100011, -7.807673586999954, 0.0], [112.56778932600002, -7.807348367999964, 0.0], [112.56790495300004, -7.807244371999957, 0.0], [112.56907293500001, -7.806193883999981, 0.0], [112.56992631000003, -7.804580226999974, 0.0], [112.56992421500001, -7.804488394999964, 0.0], [112.56990413900007, -7.803608164999957, 0.0], [112.57002431000001, -7.803017914999941, 0.0], [112.57029395500001, -7.802540306999958, 0.0], [112.57037129500009, -7.802403320999929, 0.0], [112.57077384200011, -7.801776289999964, 0.0], [112.57124317000012, -7.800885039999969, 0.0], [112.57135784500008, -7.800487858999929, 0.0], [112.57178488900001, -7.799008758999946, 0.0], [112.5721330450001, -7.7983667589999754, 0.0], [112.5732278050001, -7.797089381999967, 0.0], [112.5736760530001, -7.796426978999932, 0.0], [112.57379596700002, -7.796249774999978, 0.0], [112.57425237000007, -7.795493690999933, 0.0], [112.57440760700001, -7.79523652499995, 0.0], [112.57522214900007, -7.794096584999977, 0.0], [112.5764343730001, -7.792400086999976, 0.0], [112.57688507600005, -7.7914562429999705, 0.0], [112.57714876400007, -7.79076282099993, 0.0], [112.57827851400009, -7.790123242999925, 0.0], [112.57986470300011, -7.789210237999953, 0.0], [112.58023985500006, -7.78880083699994, 0.0], [112.58001926100007, -7.789808673999971, 0.0]]]], "type": "MultiPolygon"}}, {"type": "Feature", "properties": {"village_name": "Bumiaji", "district_name": "Bumiaji", "kecamatan": "Bumiaji", "kabupaten": "Kota Batu", "provinsi": "Jawa Timur", "kode_desa": "35.79.02.2006", "last_updated": "2026-09-01T08:57:00.626128+00:00", "hourly_temp_today": [17.6, 16.9, 16.3, 16.0, 15.6, 14.9, 15.2, 18.6, 20.5, 22.6, 24.3, 25.6, 26.4, 26.6, 26.0, 25.3, 23.6, 21.6, 20.0, 19.3, 18.6, 17.7, 17.0, 16.5], "suhu_current": 25.3, "suhu_siang_1200": 26.4, "suhu_malam_2400": 17.6}, "geometry": {"coordinates": [[[[112.58429605300012, -7.780036519999953, 0.0], [112.5847087730001, -7.780547119999937, 0.0], [112.58470646400008, -7.780557372999965, 0.0], [112.58467010100003, -7.78071883399997, 0.0], [112.58466767800007, -7.780729593999979, 0.0], [112.58466553900007, -7.780739091999976, 0.0], [112.58450677700012, -7.781444054999952, 0.0], [112.58338094200008, -7.782472542999926, 0.0], [112.58246065800006, -7.783551430999978, 0.0], [112.58169463900003, -7.784681000999967, 0.0], [112.5814605920001, -7.785181918999967, 0.0], [112.58108336900011, -7.785989266999934, 0.0], [112.58037266000008, -7.78819408499993, 0.0], [112.5802428510001, -7.7887871489999725, 0.0], [112.58023985500006, -7.78880083699994, 0.0], [112.57986470300011, -7.789210237999953, 0.0], [112.57827851400009, -7.790123242999925, 0.0], [112.57714876400007, -7.79076282099993, 0.0], [112.57688507600005, -7.7914562429999705, 0.0], [112.5764343730001, -7.792400086999976, 0.0], [112.57522214900007, -7.794096584999977, 0.0], [112.57440760700001, -7.79523652499995, 0.0], [112.57425237000007, -7.795493690999933, 0.0], [112.57379596700002, -7.796249774999978, 0.0], [112.5736760530001, -7.796426978999932, 0.0], [112.5732278050001, -7.797089381999967, 0.0], [112.5721330450001, -7.7983667589999754, 0.0], [112.57178488900001, -7.799008758999946, 0.0], [112.57135784500008, -7.800487858999929, 0.0], [112.57124317000012, -7.800885039999969, 0.0], [112.57077384200011, -7.801776289999964, 0.0], [112.57037129500009, -7.802403320999929, 0.0], [112.57029395500001, -7.802540306999958, 0.0], [112.57002431000001, -7.803017914999941, 0.0], [112.56990413900007, -7.803608164999957, 0.0], [112.56992421500001, -7.804488394999964, 0.0], [112.56992631000003, -7.804580226999974, 0.0], [112.56907293500001, -7.806193883999981, 0.0], [112.56790495300004, -7.807244371999957, 0.0], [112.56778932600002, -7.807348367999964, 0.0], [112.56761295100011, -7.807673586999954, 0.0], [112.56734781000011, -7.8081358989999785, 0.0], [112.56717810700002, -7.808844415999943, 0.0], [112.56729196700007, -7.809266101999981, 0.0], [112.56709209200005, -7.80974036799995, 0.0], [112.56726785000001, -7.809952037999949, 0.0], [112.56733657600012, -7.810034805999976, 0.0], [112.56753624800001, -7.810250961999941, 0.0], [112.56729516900009, -7.810625984999945, 0.0], [112.56719537300012, -7.81078122699995, 0.0], [112.56742281000004, -7.811288008999952, 0.0], [112.56796123200002, -7.812336695999932, 0.0], [112.56783431000008, -7.812688476999938, 0.0], [112.56735487300011, -7.813251180999941, 0.0], [112.5671053420001, -7.813927508999939, 0.0], [112.5671073100001, -7.8143338169999765, 0.0], [112.56710915100007, -7.814713963999964, 0.0], [112.56711068000004, -7.815029694999964, 0.0], [112.56711077900002, -7.815049961999932, 0.0], [112.566902217, -7.815366273999928, 0.0], [112.56682920100002, -7.815779945999964, 0.0], [112.56665521200011, -7.816108586999974, 0.0], [112.56661745500003, -7.816179905999945, 0.0], [112.56652687400003, -7.816350998999951, 0.0], [112.56647592000002, -7.81644724399996, 0.0], [112.56640297500007, -7.816585026999974, 0.0], [112.56631790400002, -7.816745711999943, 0.0], [112.5662292500001, -7.816987604999952, 0.0], [112.56590523200009, -7.817871680999929, 0.0], [112.56581820200006, -7.818265507999968, 0.0], [112.5657158570001, -7.818728632999978, 0.0], [112.56563807600003, -7.819080600999939, 0.0], [112.5655955200001, -7.819273172999942, 0.0], [112.56552182600001, -7.819606648999979, 0.0], [112.5650747090001, -7.820871263999948, 0.0], [112.56475385400006, -7.821778758999926, 0.0], [112.56461326500005, -7.822671143999969, 0.0], [112.564504037, -7.823364468999955, 0.0], [112.56452789800005, -7.823801664999962, 0.0], [112.564609184, -7.825290967999933, 0.0], [112.5647505820001, -7.826494321999974, 0.0], [112.56478153800003, -7.826757759999964, 0.0], [112.56486584400011, -7.827475234999952, 0.0], [112.56486787300003, -7.827492492999966, 0.0], [112.56509393900001, -7.8284239529999695, 0.0], [112.56513562000009, -7.828805501999966, 0.0], [112.56518811500007, -7.829286030999981, 0.0], [112.56521767100003, -7.8295565769999484, 0.0], [112.56517959900009, -7.830365593999943, 0.0], [112.56521767100003, -7.830594021999957, 0.0], [112.56520293900007, -7.830957407999961, 0.0], [112.56519618400011, -7.831124037999928, 0.0], [112.56518911700005, -7.831298341999968, 0.0], [112.5650749030001, -7.831517252999959, 0.0], [112.56497972400007, -7.831621948999953, 0.0], [112.56475129600005, -7.832116876999976, 0.0], [112.56472274300006, -7.832269161999932, 0.0], [112.56472794700005, -7.832342012999959, 0.0], [112.56473226100002, -7.832402411999965, 0.0], [112.56465189900007, -7.832514904999925, 0.0], [112.56459856400011, -7.832367642999941, 0.0], [112.56443413700003, -7.831900145999953, 0.0], [112.56420570900002, -7.8313290759999745, 0.0], [112.56387734300006, -7.831129200999953, 0.0], [112.56249249700011, -7.830558129999929, 0.0], [112.56090840400009, -7.829810438999971, 0.0], [112.56070790100011, -7.8297158009999634, 0.0], [112.56070430900002, -7.829891824999947, 0.0], [112.56070085900001, -7.830060883999977, 0.0], [112.56066507100002, -7.831814485999928, 0.0], [112.56066086400006, -7.831851748999952, 0.0], [112.56056513300007, -7.832699644999934, 0.0], [112.56052230300008, -7.833856062999928, 0.0], [112.56059814100001, -7.835140872999943, 0.0], [112.56054298200002, -7.835324832999959, 0.0], [112.56039818800002, -7.835807737999971, 0.0], [112.56045837500005, -7.836088473999951, 0.0], [112.56062969600009, -7.83623124099995, 0.0], [112.56077246400002, -7.836450151999941, 0.0], [112.56084860700003, -7.836707132999948, 0.0], [112.56084860700003, -7.836716650999961, 0.0], [112.56088667800009, -7.837078328999951, 0.0], [112.56104894400005, -7.837384707999945, 0.0], [112.56115067000007, -7.837642716999937, 0.0], [112.56111166700009, -7.837758332999954, 0.0], [112.56094421800003, -7.837970006999967, 0.0], [112.56087869400005, -7.838052836999964, 0.0], [112.56044197000006, -7.838923880999971, 0.0], [112.56019558900005, -7.839437368999938, 0.0], [112.55995219500005, -7.840114141999948, 0.0], [112.55988664200004, -7.840228025999977, 0.0], [112.55968855700007, -7.840186891999963, 0.0], [112.55940189400008, -7.840162110999927, 0.0], [112.55921177800008, -7.840202114999954, 0.0], [112.5589869480001, -7.84022687199996, 0.0], [112.55883403500002, -7.840236409999932, 0.0], [112.5586602090001, -7.840266958999962, 0.0], [112.55857166600003, -7.840529999999944, 0.0], [112.5583188280001, -7.840455133999967, 0.0], [112.55825259500011, -7.8407089809999775, 0.0], [112.55812937100006, -7.841120941999975, 0.0], [112.55795784300005, -7.841446952999945, 0.0], [112.55782926200004, -7.841734770999949, 0.0], [112.55770885600009, -7.8422591659999625, 0.0], [112.55763112500006, -7.842647033999981, 0.0], [112.55740232800008, -7.843056991999958, 0.0], [112.55718739200006, -7.84332335199997, 0.0], [112.55680662000009, -7.843511372999956, 0.0], [112.5566127410001, -7.843634105999968, 0.0], [112.55647721700007, -7.843964767999978, 0.0], [112.55657195900005, -7.8442802229999415, 0.0], [112.55633644300008, -7.844819399999949, 0.0], [112.55625186000009, -7.845300598999927, 0.0], [112.5563897610001, -7.845608717999937, 0.0], [112.55628333300001, -7.84606333399995, 0.0], [112.55635609700005, -7.846233276999953, 0.0], [112.55601488600007, -7.8462013959999695, 0.0], [112.55541695700003, -7.846060058999967, 0.0], [112.55533216000003, -7.846483838999973, 0.0], [112.5551606460001, -7.84681463499993, 0.0], [112.5550969620001, -7.847109143999944, 0.0], [112.55498262900005, -7.847332065999979, 0.0], [112.55498308200004, -7.847454080999967, 0.0], [112.55500507500005, -7.84756165999994, 0.0], [112.5549992650001, -7.847934906999967, 0.0], [112.55498593700008, -7.848222052999972, 0.0], [112.55482033900012, -7.848208309999961, 0.0], [112.55458988300006, -7.848173274999965, 0.0], [112.55423570200003, -7.848093598999981, 0.0], [112.55419295200011, -7.848210987999948, 0.0], [112.55416268700003, -7.8484599159999675, 0.0], [112.55414646100007, -7.848613094999962, 0.0], [112.55406058800008, -7.848747390999961, 0.0], [112.55393851300005, -7.848824399999955, 0.0], [112.55388584700006, -7.848855696999976, 0.0], [112.55379513000003, -7.848978047999935, 0.0], [112.55384587700007, -7.849075951999964, 0.0], [112.55386061900003, -7.849169203999963, 0.0], [112.55371676700008, -7.849312922999957, 0.0], [112.55367810100006, -7.84931589699994, 0.0], [112.55362753700001, -7.849357537999936, 0.0], [112.55348666700002, -7.849531666999951, 0.0], [112.55288033800002, -7.849364352999942, 0.0], [112.55266694200009, -7.850046995999946, 0.0], [112.55253054200011, -7.850466180999945, 0.0], [112.552464009, -7.850715884999943, 0.0], [112.5523885660001, -7.850999030999958, 0.0], [112.55232195200006, -7.851474181999947, 0.0], [112.55218883900011, -7.851809620999973, 0.0], [112.5520583330001, -7.852231665999966, 0.0], [112.55192770500003, -7.852487852999957, 0.0], [112.5518755170001, -7.852719916999945, 0.0], [112.55174729100008, -7.853079260999948, 0.0], [112.55130814200004, -7.853702924999936, 0.0], [112.55112672500002, -7.8539524119999555, 0.0], [112.55102215300008, -7.854220755999961, 0.0], [112.55086023000001, -7.854551513999979, 0.0], [112.5507745320001, -7.85473365799993, 0.0], [112.55056669100009, -7.854845487999967, 0.0], [112.55026476, -7.854947084999935, 0.0], [112.55006833400012, -7.854953332999969, 0.0], [112.54999923000003, -7.855159798999978, 0.0], [112.54963030400006, -7.855634868999971, 0.0], [112.54974574700009, -7.855709805999936, 0.0], [112.54972095500011, -7.8558175599999345, 0.0], [112.54959530000008, -7.855900562999977, 0.0], [112.54952362900008, -7.855983367999954, 0.0], [112.54948251200005, -7.856099067999935, 0.0], [112.54946501000006, -7.856231914999967, 0.0], [112.54946540900005, -7.856339573999946, 0.0], [112.54948370900001, -7.856422047999956, 0.0], [112.54939044500009, -7.85650493199995, 0.0], [112.54926436500011, -7.85647309899997, 0.0], [112.54920027700007, -7.856659947999958, 0.0], [112.54921000000002, -7.856839999999977, 0.0], [112.54887345800012, -7.85684393799994, 0.0], [112.54862892900007, -7.856897472999947, 0.0], [112.54855753700008, -7.857055639999942, 0.0], [112.54847183800007, -7.857237783999949, 0.0], [112.54830468800003, -7.857453722999935, 0.0], [112.54798825300009, -7.8575266629999305, 0.0], [112.54784923800003, -7.8575654549999285, 0.0], [112.54765749300009, -7.85761879599994, 0.0], [112.54769189700005, -7.857838776999927, 0.0], [112.54783675700003, -7.858082275999948, 0.0], [112.54801502900011, -7.8582778029999645, 0.0], [112.54819720100011, -7.858390576999966, 0.0], [112.54824033400007, -7.85849349199998, 0.0], [112.54824806200008, -7.858511928999974, 0.0], [112.54825401000005, -7.858589261999953, 0.0], [112.54820642100003, -7.858699311999942, 0.0], [112.5480779720001, -7.858903662999978, 0.0], [112.54801011600011, -7.859011615999975, 0.0], [112.54784057900008, -7.859234689999937, 0.0], [112.54774242600001, -7.859395303999975, 0.0], [112.54768888800004, -7.859603506999974, 0.0], [112.54765204300008, -7.859715331999951, 0.0], [112.54758734300003, -7.859866774999944, 0.0], [112.54755709300002, -7.859991294999929, 0.0], [112.54747491300009, -7.860087297999939, 0.0], [112.54728531600006, -7.860202834999939, 0.0], [112.5471627710001, -7.860283672999969, 0.0], [112.54708500000004, -7.8603583339999545, 0.0], [112.54707031300006, -7.860519672999942, 0.0], [112.54690838900001, -7.860527685999955, 0.0], [112.54669479500001, -7.860566481999967, 0.0], [112.546592153, -7.86065517399993, 0.0], [112.54652940100004, -7.860814264999931, 0.0], [112.54659076700011, -7.860871164999935, 0.0], [112.54665150200003, -7.8609546749999595, 0.0], [112.54668594600003, -7.861002034999956, 0.0], [112.54679524400001, -7.861090177999927, 0.0], [112.54687035400002, -7.861150750999968, 0.0], [112.546989327, -7.861198340999977, 0.0], [112.54713209500005, -7.861275672999966, 0.0], [112.5471502260001, -7.861517160999938, 0.0], [112.54730504600002, -7.861534534999976, 0.0], [112.54738084900009, -7.861595263999959, 0.0], [112.54756105400008, -7.861694284999942, 0.0], [112.54764541000009, -7.861791749999952, 0.0], [112.54769326400003, -7.86184703999993, 0.0], [112.54759896000007, -7.86239693899995, 0.0], [112.54771506200007, -7.862433791999933, 0.0], [112.54763500000001, -7.862761665999926, 0.0], [112.54754438300006, -7.862785767999981, 0.0], [112.54723429500007, -7.86286824299998, 0.0], [112.5466992580001, -7.8628404269999805, 0.0], [112.54616722900005, -7.863007467999978, 0.0], [112.54590136000002, -7.863130462999948, 0.0], [112.54572244500002, -7.863269014999958, 0.0], [112.54537168200011, -7.863371546999929, 0.0], [112.54500197200002, -7.863390443999947, 0.0], [112.54473762300006, -7.863384039999971, 0.0], [112.54456553000011, -7.863269530999958, 0.0], [112.54430774700006, -7.8630969779999305, 0.0], [112.54423834200009, -7.863050289999933, 0.0], [112.54404538100005, -7.86299269899996, 0.0], [112.54397187300003, -7.86297075899995, 0.0], [112.54365594400008, -7.86294750199994, 0.0], [112.54269688200009, -7.863128069999959, 0.0], [112.542002292, -7.8631318179999425, 0.0], [112.54163563800012, -7.863251591999926, 0.0], [112.54106980400002, -7.863268709999943, 0.0], [112.54064223700004, -7.863230116999944, 0.0], [112.54008419800005, -7.862933515999941, 0.0], [112.53981842000007, -7.8628321959999425, 0.0], [112.53964852900003, -7.862774461999948, 0.0], [112.53951037900003, -7.862748592999935, 0.0], [112.53939296300007, -7.862789696999926, 0.0], [112.53911348200006, -7.8629484149999485, 0.0], [112.53899271400007, -7.862908395999966, 0.0], [112.5388478210001, -7.862655322999956, 0.0], [112.53853982200008, -7.862414809999962, 0.0], [112.53827292800008, -7.862260275999972, 0.0], [112.53804517100002, -7.86230895999995, 0.0], [112.5378131970001, -7.86245684499994, 0.0], [112.53765666600009, -7.862448332999975, 0.0], [112.5376570310001, -7.862317454999925, 0.0], [112.53777486400008, -7.862167970999963, 0.0], [112.53791763200002, -7.861977613999954, 0.0], [112.53799633400001, -7.86186498099994, 0.0], [112.53814370400005, -7.861654077999958, 0.0], [112.5384730610001, -7.86117915799997, 0.0], [112.53839166600005, -7.861043332999941, 0.0], [112.53738722800006, -7.860814690999973, 0.0], [112.5372674570001, -7.860867764999966, 0.0], [112.53682239400007, -7.860957436999968, 0.0], [112.53671812800008, -7.861311906999958, 0.0], [112.53682875400011, -7.861620610999978, 0.0], [112.53690500000005, -7.861889008999981, 0.0], [112.5369270220001, -7.862235514999952, 0.0], [112.53678024900012, -7.862549873999967, 0.0], [112.53677311100012, -7.862631965999981, 0.0], [112.53668745000004, -7.86277473399997, 0.0], [112.53666960500004, -7.8627997179999625, 0.0], [112.53672314200003, -7.862888947999977, 0.0], [112.53672314200003, -7.862960330999954, 0.0], [112.53672314200003, -7.863053129999969, 0.0], [112.53671496100003, -7.86308427299997, 0.0], [112.53668956700005, -7.863180934999946, 0.0], [112.53665831300009, -7.86329445399997, 0.0], [112.53661711500001, -7.863443895999978, 0.0], [112.53657657200006, -7.863532500999952, 0.0], [112.53663432300004, -7.863577746999965, 0.0], [112.53650140900004, -7.863688925999952, 0.0], [112.53634837300001, -7.863830642999972, 0.0], [112.53623357600009, -7.863931547999925, 0.0], [112.53600792500004, -7.8638821689999645, 0.0], [112.53586653600007, -7.863831213999958, 0.0], [112.53518482100003, -7.863667030999977, 0.0], [112.53463159600005, -7.863527832999978, 0.0], [112.53409978700006, -7.863420756999972, 0.0], [112.53352166600007, -7.863339999999937, 0.0], [112.53353931900006, -7.862895862999949, 0.0], [112.53355826500001, -7.862419195999962, 0.0], [112.53339630100004, -7.86241679699998, 0.0], [112.53339879700002, -7.862089642999933, 0.0], [112.53339661300004, -7.861915877999934, 0.0], [112.53339988900007, -7.861762746999943, 0.0], [112.5333937580001, -7.861608504999936, 0.0], [112.53345333300001, -7.861526666999964, 0.0], [112.53327774900004, -7.861379247999935, 0.0], [112.53327430600007, -7.861381863999952, 0.0], [112.53318817000002, -7.861447301999931, 0.0], [112.53303250200008, -7.861565561999953, 0.0], [112.53283464900005, -7.861590208999928, 0.0], [112.53270301600003, -7.861680407999927, 0.0], [112.53208363600004, -7.861797864999971, 0.0], [112.53197756400004, -7.861798251999971, 0.0], [112.53184670600001, -7.861798728999929, 0.0], [112.53172665400007, -7.861775240999975, 0.0], [112.53160362400001, -7.861757746999956, 0.0], [112.53154290100008, -7.861719687999937, 0.0], [112.53148513400004, -7.861669656999936, 0.0], [112.53130062600007, -7.861627227999975, 0.0], [112.53127871600009, -7.861815012999955, 0.0], [112.53128903200002, -7.862011159999952, 0.0], [112.5312920020001, -7.8621666609999465, 0.0], [112.53129753700011, -7.862367609999978, 0.0], [112.53129138800011, -7.862597763999929, 0.0], [112.53128997200008, -7.862650790999965, 0.0], [112.53128723500004, -7.8627532109999265, 0.0], [112.53128698900002, -7.862762410999949, 0.0], [112.53126620300009, -7.862982595999938, 0.0], [112.53123024800004, -7.862992296999948, 0.0], [112.5311930260001, -7.863310634999948, 0.0], [112.53112581000005, -7.86330130999994, 0.0], [112.53115021300005, -7.863179813999977, 0.0], [112.53117293700006, -7.863066672999935, 0.0], [112.53103417500006, -7.863044689999981, 0.0], [112.53105418300004, -7.862743162999948, 0.0], [112.5312432830001, -7.862752042999944, 0.0], [112.53125432600007, -7.862622807999969, 0.0], [112.53124972600006, -7.8624151559999405, 0.0], [112.53124675400011, -7.862339902999963, 0.0], [112.53124337800011, -7.862254403999941, 0.0], [112.53124298600005, -7.862243424999974, 0.0], [112.53123375100006, -7.861984565999933, 0.0], [112.53123205300005, -7.861942506999981, 0.0], [112.53122944800009, -7.86187797599996, 0.0], [112.53122741700008, -7.861827640999934, 0.0], [112.53123815700008, -7.861712756999964, 0.0], [112.53114404500002, -7.861841606999974, 0.0], [112.53087357600009, -7.861693061999972, 0.0], [112.53088599600005, -7.861531879999973, 0.0], [112.53096978300005, -7.861480135999955, 0.0], [112.53106170500007, -7.861356586999932, 0.0], [112.53109146800011, -7.861294273999931, 0.0], [112.53111303000003, -7.861285821999957, 0.0], [112.5311068210001, -7.861228423999933, 0.0], [112.53108503100009, -7.861174671999947, 0.0], [112.53113148800003, -7.8610847839999565, 0.0], [112.53113486400002, -7.861023762999935, 0.0], [112.53117833400006, -7.860889999999927, 0.0], [112.53103912300003, -7.860652726999945, 0.0], [112.53103669100005, -7.860648580999964, 0.0], [112.53096871000002, -7.860532710999962, 0.0], [112.53090006600007, -7.860461185999952, 0.0], [112.5308183950001, -7.860435166999935, 0.0], [112.53078347300004, -7.860399405999942, 0.0], [112.5306154220001, -7.86037250499993, 0.0], [112.53054331600003, -7.860338076999938, 0.0], [112.53054031200008, -7.860173005999968, 0.0], [112.53048801700004, -7.859979403999944, 0.0], [112.53052478900008, -7.8598656269999765, 0.0], [112.53056547100005, -7.859705419999955, 0.0], [112.53053615400006, -7.859561977999931, 0.0], [112.53048962000003, -7.859434387999954, 0.0], [112.53058033800005, -7.8594412339999735, 0.0], [112.53058222300001, -7.859169917999964, 0.0], [112.53062540500002, -7.859168325999974, 0.0], [112.53062486800002, -7.859021906999942, 0.0], [112.53067376600006, -7.859008808999931, 0.0], [112.53077465800004, -7.858952350999971, 0.0], [112.53086484000005, -7.858901886999945, 0.0], [112.5309236820001, -7.858951807999972, 0.0], [112.53095581700006, -7.858979071999954, 0.0], [112.53102311400005, -7.858951445999935, 0.0], [112.5310722480001, -7.858931275999964, 0.0], [112.53107934400009, -7.858968811999944, 0.0], [112.53107885300005, -7.858965583999975, 0.0], [112.53116195300004, -7.858857618999934, 0.0], [112.53120332600008, -7.858755547999976, 0.0], [112.53126891600004, -7.858583048999947, 0.0], [112.53131518200007, -7.858539217999976, 0.0], [112.53142841200008, -7.8584744989999535, 0.0], [112.5316566670001, -7.858439999999973, 0.0], [112.53179322200003, -7.8581080219999535, 0.0], [112.53188758100009, -7.857995230999961, 0.0], [112.53190589600001, -7.857894260999956, 0.0], [112.53178518600009, -7.857691338999928, 0.0], [112.53159458000005, -7.857729116999963, 0.0], [112.53151177400002, -7.857721044999948, 0.0], [112.53137815900004, -7.857597121999959, 0.0], [112.53133686700005, -7.85745970399995, 0.0], [112.53113832600002, -7.857296540999926, 0.0], [112.53110902000003, -7.857155989999967, 0.0], [112.53109325300011, -7.857109392999973, 0.0], [112.53116124700011, -7.857003875999965, 0.0], [112.5311418120001, -7.8569381529999305, 0.0], [112.53114090000008, -7.8566893369999775, 0.0], [112.53111290400011, -7.856666231999952, 0.0], [112.53114447000007, -7.856441221999944, 0.0], [112.53118741100002, -7.856374075999952, 0.0], [112.5310917810001, -7.856139958999961, 0.0], [112.5311258910001, -7.855954416999964, 0.0], [112.53108415800011, -7.855756493999934, 0.0], [112.53109390300006, -7.85566602199998, 0.0], [112.53219500000012, -7.855816665999953, 0.0], [112.53228416200011, -7.855419276999953, 0.0], [112.53220011200006, -7.855310173999953, 0.0], [112.5322331540001, -7.855119825999964, 0.0], [112.53222057000005, -7.855045943999926, 0.0], [112.53217656100003, -7.854893555999979, 0.0], [112.53208388100006, -7.854781210999931, 0.0], [112.53211409700009, -7.854426460999946, 0.0], [112.5320599040001, -7.854369238999936, 0.0], [112.53202721500008, -7.854288011999927, 0.0], [112.53199874300003, -7.8540476709999325, 0.0], [112.53200192500003, -7.853934014999936, 0.0], [112.53200524100009, -7.853529671999979, 0.0], [112.53200921200005, -7.853303566999955, 0.0], [112.53202784500002, -7.853150378999942, 0.0], [112.5319855680001, -7.853071580999938, 0.0], [112.53193694900006, -7.852987374999941, 0.0], [112.53137903300001, -7.852789713999925, 0.0], [112.53130348400009, -7.8526867199999515, 0.0], [112.53128394600003, -7.85259300499996, 0.0], [112.53132993000008, -7.852484849999939, 0.0], [112.53144295200002, -7.852227244999938, 0.0], [112.53151815300009, -7.85207920199997, 0.0], [112.53155590900008, -7.8519068039999524, 0.0], [112.53155501000003, -7.851706468999964, 0.0], [112.53190296500009, -7.851723144999937, 0.0], [112.53192214300009, -7.852046061999943, 0.0], [112.53199488700011, -7.852255139999954, 0.0], [112.53213145900008, -7.852342637999925, 0.0], [112.53227422700002, -7.852385467999966, 0.0], [112.53250741400007, -7.85234739699996, 0.0], [112.5326168690001, -7.852271253999959, 0.0], [112.53274060100011, -7.852180834999956, 0.0], [112.53282626200007, -7.852128486999959, 0.0], [112.53302401700012, -7.852054812999938, 0.0], [112.53306896700008, -7.852038066999967, 0.0], [112.53325932400003, -7.851990477999948, 0.0], [112.53340209100008, -7.85192385299996, 0.0], [112.5334961960001, -7.85187317599997, 0.0], [112.5335657920001, -7.8518777069999715, 0.0], [112.53363479600011, -7.8517538839999474, 0.0], [112.53368631900003, -7.851651567999966, 0.0], [112.53380500000003, -7.85139666699996, 0.0], [112.53387830100007, -7.851421394999932, 0.0], [112.53388262500005, -7.851533348999965, 0.0], [112.53391494800007, -7.85160069899996, 0.0], [112.53398551800001, -7.851666844999954, 0.0], [112.53421365500003, -7.851796271999945, 0.0], [112.53424666500007, -7.851628988999948, 0.0], [112.53430636100006, -7.851551014999927, 0.0], [112.53435364600011, -7.851500527999974, 0.0], [112.53435147500011, -7.851301001999957, 0.0], [112.53435512400006, -7.851206330999958, 0.0], [112.53435391000005, -7.851105239999981, 0.0], [112.5345993310001, -7.851098840999953, 0.0], [112.53456756700007, -7.850226695999936, 0.0], [112.53507608600012, -7.850254222999979, 0.0], [112.53539966500011, -7.850271738999936, 0.0], [112.53585124500012, -7.850296182999955, 0.0], [112.53617333300008, -7.850348332999943, 0.0], [112.53620509600012, -7.850315336999927, 0.0], [112.53620605900005, -7.850186359999952, 0.0], [112.53620985500004, -7.8496776419999605, 0.0], [112.53627501400001, -7.849649260999968, 0.0], [112.53645364300007, -7.849683059999961, 0.0], [112.53663040800006, -7.849732177999954, 0.0], [112.5367437220001, -7.849750903999961, 0.0], [112.5368737340001, -7.849853776999964, 0.0], [112.53700166400006, -7.849952844999962, 0.0], [112.53702363100001, -7.850029801999938, 0.0], [112.53707122000003, -7.850096426999926, 0.0], [112.53720260900002, -7.850313854999968, 0.0], [112.53736151400005, -7.850320095999962, 0.0], [112.53749952300006, -7.850329613999975, 0.0], [112.53805346200011, -7.850249663999932, 0.0], [112.53851983600009, -7.850144967999938, 0.0], [112.53877556100008, -7.850082004999933, 0.0], [112.5389116670001, -7.849918332999948, 0.0], [112.53918663500008, -7.849892052999962, 0.0], [112.53945984600011, -7.849809708999942, 0.0], [112.53946274200007, -7.849292920999972, 0.0], [112.53949835300011, -7.848879950999958, 0.0], [112.53952054600006, -7.848811521999949, 0.0], [112.53956278200008, -7.848528655999928, 0.0], [112.53960982000001, -7.848271290999946, 0.0], [112.53960143800009, -7.847884336999925, 0.0], [112.5395032240001, -7.8477538769999455, 0.0], [112.53951643100004, -7.8476035309999475, 0.0], [112.53964807900002, -7.847519312999964, 0.0], [112.53974826000001, -7.847516170999938, 0.0], [112.53981143700003, -7.84747191699995, 0.0], [112.53997606600001, -7.847318167999958, 0.0], [112.54024432500012, -7.847229170999981, 0.0], [112.54085576000011, -7.847028823999949, 0.0], [112.54098890300008, -7.8469066739999676, 0.0], [112.5410985630001, -7.84673797399995, 0.0], [112.5411818230001, -7.846414205999963, 0.0], [112.54131678600004, -7.846057708999979, 0.0], [112.5415808460001, -7.845399862999955, 0.0], [112.54157412400002, -7.845119151999938, 0.0], [112.54166950100011, -7.844848059999947, 0.0], [112.54176542100004, -7.844672207999963, 0.0], [112.54189867100001, -7.844405707999954, 0.0], [112.54198373600002, -7.844187193999971, 0.0], [112.54203132600003, -7.844059297999934, 0.0], [112.54210271000011, -7.84399386299998, 0.0], [112.5422127600001, -7.843967093999936, 0.0], [112.54244773100004, -7.843907606999949, 0.0], [112.54260834500008, -7.843836223999972, 0.0], [112.54274383200004, -7.843711194999969, 0.0], [112.54280803300003, -7.843944944999976, 0.0], [112.54319224300002, -7.84381067399994, 0.0], [112.543438777, -7.843650922999927, 0.0], [112.54353629500008, -7.843421829999954, 0.0], [112.54387702100007, -7.843494586999952, 0.0], [112.54403496900011, -7.843169916999955, 0.0], [112.54417754400004, -7.842950550999944, 0.0], [112.54427269900009, -7.842730093999933, 0.0], [112.5443870470001, -7.8425095649999434, 0.0], [112.54465666700003, -7.842301666999958, 0.0], [112.54476175700006, -7.84257540699997, 0.0], [112.54485217700005, -7.842699138999933, 0.0], [112.5450853640001, -7.842851423999946, 0.0], [112.54522146900001, -7.842974679999941, 0.0], [112.54522537300011, -7.84302314599995, 0.0], [112.54528070000003, -7.843192330999955, 0.0], [112.54542134400003, -7.843524335999973, 0.0], [112.54548512500003, -7.8435884529999385, 0.0], [112.54555072200003, -7.843680082999981, 0.0], [112.54570658800003, -7.843830157999946, 0.0], [112.54583173300011, -7.843934966999939, 0.0], [112.54592089100004, -7.844039908999946, 0.0], [112.54593056500005, -7.844095425999967, 0.0], [112.54593100900001, -7.84418102799998, 0.0], [112.54592180100008, -7.844286330999978, 0.0], [112.54617628200003, -7.844330852999974, 0.0], [112.54641500000002, -7.844344999999976, 0.0], [112.54667262400005, -7.844400205999932, 0.0], [112.54687704000003, -7.844531040999925, 0.0], [112.5470703100001, -7.844680753999967, 0.0], [112.54709494400004, -7.8447324339999795, 0.0], [112.5470972710001, -7.844839401999934, 0.0], [112.54709841200008, -7.8448917609999285, 0.0], [112.54709440600004, -7.844976469999949, 0.0], [112.5470691160001, -7.845144514999959, 0.0], [112.5476346590001, -7.845222343999978, 0.0], [112.54772933400011, -7.844872693999946, 0.0], [112.54771990300003, -7.844652199999928, 0.0], [112.54771990300003, -7.844473740999945, 0.0], [112.5478198400001, -7.844181066999965, 0.0], [112.54804113000012, -7.843217384999946, 0.0], [112.54808396100009, -7.84281763599995, 0.0], [112.54811251400008, -7.842410747999963, 0.0], [112.54792691600005, -7.841746877999981, 0.0], [112.5478259140001, -7.8413241629999675, 0.0], [112.54807090400004, -7.8412295359999575, 0.0], [112.54881161100002, -7.841217839999956, 0.0], [112.5492493910001, -7.841198284999962, 0.0], [112.54961907300003, -7.841247901999964, 0.0], [112.5497341460001, -7.84090641399996, 0.0], [112.5497871450001, -7.840359847999935, 0.0], [112.54989617800004, -7.840000574999976, 0.0], [112.55013267700008, -7.840097911999976, 0.0], [112.55041841000002, -7.840153605999944, 0.0], [112.5512445710001, -7.840295655999967, 0.0], [112.55166226300003, -7.840358712999944, 0.0], [112.55173072700006, -7.840382385999931, 0.0], [112.55201158300008, -7.840423218999945, 0.0], [112.55203542400011, -7.8403824589999545, 0.0], [112.55206381000005, -7.8402734969999415, 0.0], [112.5521171470001, -7.840047942999945, 0.0], [112.5521259090001, -7.84001967599994, 0.0], [112.55233843700012, -7.839334104999978, 0.0], [112.55219566900007, -7.839219890999971, 0.0], [112.55223136100005, -7.839048569999932, 0.0], [112.55225423900004, -7.83901997199996, 0.0], [112.55224728400003, -7.838947520999966, 0.0], [112.55209151700001, -7.8388161389999595, 0.0], [112.55202239000005, -7.838723494999954, 0.0], [112.55185966700003, -7.838282340999967, 0.0], [112.55163816700008, -7.838072618999945, 0.0], [112.55193599100005, -7.838022887999955, 0.0], [112.55239812200011, -7.838036975999955, 0.0], [112.55256084300004, -7.8380521659999545, 0.0], [112.55281792100004, -7.837900797999964, 0.0], [112.55303500000002, -7.837464999999952, 0.0], [112.55314086800001, -7.837000036999939, 0.0], [112.55334382100011, -7.837010114999941, 0.0], [112.5532966720001, -7.836500493999949, 0.0], [112.55323463400009, -7.836074383999971, 0.0], [112.55324805400005, -7.835811640999964, 0.0], [112.55332163000003, -7.835630235999929, 0.0], [112.55342632700001, -7.835449396999934, 0.0], [112.55353701800004, -7.83529009199998, 0.0], [112.55364377400008, -7.83509447299997, 0.0], [112.55373089800003, -7.834697486999971, 0.0], [112.55390892000003, -7.834134591999941, 0.0], [112.55407657500007, -7.833799026999941, 0.0], [112.55443896200006, -7.833183303999931, 0.0], [112.55475742300007, -7.832627074999948, 0.0], [112.55481916400004, -7.832515064999939, 0.0], [112.55523373100004, -7.832624858999964, 0.0], [112.55561550900006, -7.832709578999982, 0.0], [112.55586937600003, -7.832808628999942, 0.0], [112.55603464000001, -7.832863523999947, 0.0], [112.55638230700004, -7.832936884999981, 0.0], [112.55649835300005, -7.83291128999997, 0.0], [112.55654817900006, -7.8330794539999715, 0.0], [112.55664335800009, -7.833222220999971, 0.0], [112.55680166700006, -7.833326665999948, 0.0], [112.5568664000001, -7.8334033939999586, 0.0], [112.55701455400003, -7.833431613999949, 0.0], [112.55707166100001, -7.833393542999943, 0.0], [112.55709069600005, -7.8332888459999594, 0.0], [112.5570526250001, -7.833088971999928, 0.0], [112.55707166100001, -7.832870060999937, 0.0], [112.55710021400012, -7.832479829999954, 0.0], [112.5573387930001, -7.83140371099995, 0.0], [112.55748814000003, -7.8306537979999575, 0.0], [112.55753309600004, -7.830428061999953, 0.0], [112.55755232800004, -7.830247848999932, 0.0], [112.55760844500003, -7.829722004999951, 0.0], [112.55769143500004, -7.829458525999939, 0.0], [112.55790252000008, -7.828964299999939, 0.0], [112.55803571600006, -7.828752687999952, 0.0], [112.55814333300009, -7.828589999999963, 0.0], [112.55827090900004, -7.8282729419999555, 0.0], [112.55845054300005, -7.827949063999938, 0.0], [112.55909896200001, -7.82649310599993, 0.0], [112.55945148, -7.825599825999973, 0.0], [112.55947003900008, -7.825552795999954, 0.0], [112.55912751500011, -7.825417588999926, 0.0], [112.55898474700007, -7.825312892999932, 0.0], [112.558946676, -7.825170124999943, 0.0], [112.55883246200005, -7.824608572999978, 0.0], [112.55885149800008, -7.823980394999978, 0.0], [112.55868969400001, -7.823656787999937, 0.0], [112.558522616, -7.823567916999934, 0.0], [112.55873788500003, -7.822643783999979, 0.0], [112.55876927200006, -7.822159191999958, 0.0], [112.55856131600001, -7.821610888999942, 0.0], [112.5586398580001, -7.821226606999971, 0.0], [112.55869154000004, -7.820500301999971, 0.0], [112.55882611800007, -7.819431566999981, 0.0], [112.55883825600006, -7.818662342999971, 0.0], [112.55911964400002, -7.8177198679999265, 0.0], [112.55935470500003, -7.816415104999976, 0.0], [112.55976049200001, -7.815863337999929, 0.0], [112.5598660930001, -7.8152289429999655, 0.0], [112.55987776600011, -7.8141730249999455, 0.0], [112.56038841400004, -7.812142325999957, 0.0], [112.56189532300004, -7.809648591999974, 0.0], [112.56309735700006, -7.806232249999937, 0.0], [112.56452448800007, -7.802937332999932, 0.0], [112.56655332900004, -7.800178492999976, 0.0], [112.56782510800008, -7.798047172999929, 0.0], [112.56992107100007, -7.797015696999949, 0.0], [112.5708354730001, -7.796506759999943, 0.0], [112.5709131210001, -7.796402823999927, 0.0], [112.57116862900011, -7.7960608089999255, 0.0], [112.57116315400003, -7.794593266999925, 0.0], [112.57174208600009, -7.792819639999948, 0.0], [112.57305262200009, -7.791102621999926, 0.0], [112.57336145800002, -7.790123100999949, 0.0], [112.57596557200009, -7.788134442999933, 0.0], [112.5778775340001, -7.785246177999966, 0.0], [112.58027779800011, -7.782480011999951, 0.0], [112.58390914600011, -7.7795514069999285, 0.0], [112.58406941500004, -7.779752354999971, 0.0], [112.5840990370001, -7.779789495999978, 0.0], [112.5842074410001, -7.779925415999969, 0.0], [112.58429605300012, -7.780036519999953, 0.0]]]], "type": "MultiPolygon"}}, {"type": "Feature", "properties": {"village_name": "Bulukerto", "district_name": "Bumiaji", "kecamatan": "Bumiaji", "kabupaten": "Kota Batu", "provinsi": "Jawa Timur", "kode_desa": "35.79.02.2008", "last_updated": "2026-09-01T08:57:00.626128+00:00", "hourly_temp_today": [16.0, 15.7, 15.1, 14.9, 14.5, 13.8, 14.3, 18.6, 20.8, 23.1, 24.6, 25.5, 25.7, 25.5, 25.1, 24.3, 22.7, 20.8, 18.8, 17.5, 16.8, 16.2, 15.7, 15.5], "suhu_current": 24.3, "suhu_siang_1200": 25.7, "suhu_malam_2400": 16.0}, "geometry": {"coordinates": [[[[112.58390914600011, -7.7795514069999285, 0.0], [112.58027779800011, -7.782480011999951, 0.0], [112.5778775340001, -7.785246177999966, 0.0], [112.57596557200009, -7.788134442999933, 0.0], [112.57336145800002, -7.790123100999949, 0.0], [112.57305262200009, -7.791102621999926, 0.0], [112.57174208600009, -7.792819639999948, 0.0], [112.57116315400003, -7.794593266999925, 0.0], [112.57116862900011, -7.7960608089999255, 0.0], [112.5709131210001, -7.796402823999927, 0.0], [112.5708354730001, -7.796506759999943, 0.0], [112.56992107100007, -7.797015696999949, 0.0], [112.56782510800008, -7.798047172999929, 0.0], [112.56655332900004, -7.800178492999976, 0.0], [112.56452448800007, -7.802937332999932, 0.0], [112.56309735700006, -7.806232249999937, 0.0], [112.56189532300004, -7.809648591999974, 0.0], [112.56038841400004, -7.812142325999957, 0.0], [112.55987776600011, -7.8141730249999455, 0.0], [112.5598660930001, -7.8152289429999655, 0.0], [112.55976049200001, -7.815863337999929, 0.0], [112.55935470500003, -7.816415104999976, 0.0], [112.55911964400002, -7.8177198679999265, 0.0], [112.55883825600006, -7.818662342999971, 0.0], [112.55882611800007, -7.819431566999981, 0.0], [112.55869154000004, -7.820500301999971, 0.0], [112.5586398580001, -7.821226606999971, 0.0], [112.55856131600001, -7.821610888999942, 0.0], [112.55876927200006, -7.822159191999958, 0.0], [112.55873788500003, -7.822643783999979, 0.0], [112.558522616, -7.823567916999934, 0.0], [112.55868969400001, -7.823656787999937, 0.0], [112.55885149800008, -7.823980394999978, 0.0], [112.55883246200005, -7.824608572999978, 0.0], [112.558946676, -7.825170124999943, 0.0], [112.55898474700007, -7.825312892999932, 0.0], [112.55912751500011, -7.825417588999926, 0.0], [112.55947003900008, -7.825552795999954, 0.0], [112.55945148, -7.825599825999973, 0.0], [112.55909896200001, -7.82649310599993, 0.0], [112.55845054300005, -7.827949063999938, 0.0], [112.55827090900004, -7.8282729419999555, 0.0], [112.55814333300009, -7.828589999999963, 0.0], [112.55803571600006, -7.828752687999952, 0.0], [112.55790252000008, -7.828964299999939, 0.0], [112.55769143500004, -7.829458525999939, 0.0], [112.55760844500003, -7.829722004999951, 0.0], [112.55755232800004, -7.830247848999932, 0.0], [112.55753309600004, -7.830428061999953, 0.0], [112.55748814000003, -7.8306537979999575, 0.0], [112.5573387930001, -7.83140371099995, 0.0], [112.55710021400012, -7.832479829999954, 0.0], [112.55707166100001, -7.832870060999937, 0.0], [112.5570526250001, -7.833088971999928, 0.0], [112.55709069600005, -7.8332888459999594, 0.0], [112.55707166100001, -7.833393542999943, 0.0], [112.55701455400003, -7.833431613999949, 0.0], [112.5568664000001, -7.8334033939999586, 0.0], [112.55680166700006, -7.833326665999948, 0.0], [112.55664335800009, -7.833222220999971, 0.0], [112.55654817900006, -7.8330794539999715, 0.0], [112.55649835300005, -7.83291128999997, 0.0], [112.55638230700004, -7.832936884999981, 0.0], [112.55603464000001, -7.832863523999947, 0.0], [112.55586937600003, -7.832808628999942, 0.0], [112.55561550900006, -7.832709578999982, 0.0], [112.55523373100004, -7.832624858999964, 0.0], [112.55481916400004, -7.832515064999939, 0.0], [112.55475742300007, -7.832627074999948, 0.0], [112.55443896200006, -7.833183303999931, 0.0], [112.55407657500007, -7.833799026999941, 0.0], [112.55390892000003, -7.834134591999941, 0.0], [112.55373089800003, -7.834697486999971, 0.0], [112.55364377400008, -7.83509447299997, 0.0], [112.55353701800004, -7.83529009199998, 0.0], [112.55342632700001, -7.835449396999934, 0.0], [112.55332163000003, -7.835630235999929, 0.0], [112.55324805400005, -7.835811640999964, 0.0], [112.55323463400009, -7.836074383999971, 0.0], [112.5532966720001, -7.836500493999949, 0.0], [112.55334382100011, -7.837010114999941, 0.0], [112.55314086800001, -7.837000036999939, 0.0], [112.55303500000002, -7.837464999999952, 0.0], [112.55281792100004, -7.837900797999964, 0.0], [112.55256084300004, -7.8380521659999545, 0.0], [112.55239812200011, -7.838036975999955, 0.0], [112.55193599100005, -7.838022887999955, 0.0], [112.55163816700008, -7.838072618999945, 0.0], [112.55185966700003, -7.838282340999967, 0.0], [112.55202239000005, -7.838723494999954, 0.0], [112.55209151700001, -7.8388161389999595, 0.0], [112.55224728400003, -7.838947520999966, 0.0], [112.55225423900004, -7.83901997199996, 0.0], [112.55223136100005, -7.839048569999932, 0.0], [112.55219566900007, -7.839219890999971, 0.0], [112.55233843700012, -7.839334104999978, 0.0], [112.5521259090001, -7.84001967599994, 0.0], [112.5521171470001, -7.840047942999945, 0.0], [112.55206381000005, -7.8402734969999415, 0.0], [112.55203542400011, -7.8403824589999545, 0.0], [112.55201158300008, -7.840423218999945, 0.0], [112.55173072700006, -7.840382385999931, 0.0], [112.55166226300003, -7.840358712999944, 0.0], [112.5512445710001, -7.840295655999967, 0.0], [112.55041841000002, -7.840153605999944, 0.0], [112.55013267700008, -7.840097911999976, 0.0], [112.54989617800004, -7.840000574999976, 0.0], [112.5497871450001, -7.840359847999935, 0.0], [112.5497341460001, -7.84090641399996, 0.0], [112.54961907300003, -7.841247901999964, 0.0], [112.5492493910001, -7.841198284999962, 0.0], [112.54881161100002, -7.841217839999956, 0.0], [112.54807090400004, -7.8412295359999575, 0.0], [112.5478259140001, -7.8413241629999675, 0.0], [112.54792691600005, -7.841746877999981, 0.0], [112.54811251400008, -7.842410747999963, 0.0], [112.54808396100009, -7.84281763599995, 0.0], [112.54804113000012, -7.843217384999946, 0.0], [112.5478198400001, -7.844181066999965, 0.0], [112.54771990300003, -7.844473740999945, 0.0], [112.54771990300003, -7.844652199999928, 0.0], [112.54772933400011, -7.844872693999946, 0.0], [112.5476346590001, -7.845222343999978, 0.0], [112.5470691160001, -7.845144514999959, 0.0], [112.54709440600004, -7.844976469999949, 0.0], [112.54709841200008, -7.8448917609999285, 0.0], [112.5470972710001, -7.844839401999934, 0.0], [112.54709494400004, -7.8447324339999795, 0.0], [112.5470703100001, -7.844680753999967, 0.0], [112.54687704000003, -7.844531040999925, 0.0], [112.54667262400005, -7.844400205999932, 0.0], [112.54641500000002, -7.844344999999976, 0.0], [112.54617628200003, -7.844330852999974, 0.0], [112.54592180100008, -7.844286330999978, 0.0], [112.54593100900001, -7.84418102799998, 0.0], [112.54593056500005, -7.844095425999967, 0.0], [112.54592089100004, -7.844039908999946, 0.0], [112.54583173300011, -7.843934966999939, 0.0], [112.54570658800003, -7.843830157999946, 0.0], [112.54555072200003, -7.843680082999981, 0.0], [112.54548512500003, -7.8435884529999385, 0.0], [112.54542134400003, -7.843524335999973, 0.0], [112.54528070000003, -7.843192330999955, 0.0], [112.54522537300011, -7.84302314599995, 0.0], [112.54522146900001, -7.842974679999941, 0.0], [112.5450853640001, -7.842851423999946, 0.0], [112.54485217700005, -7.842699138999933, 0.0], [112.54476175700006, -7.84257540699997, 0.0], [112.54465666700003, -7.842301666999958, 0.0], [112.5443870470001, -7.8425095649999434, 0.0], [112.54427269900009, -7.842730093999933, 0.0], [112.54417754400004, -7.842950550999944, 0.0], [112.54403496900011, -7.843169916999955, 0.0], [112.54387702100007, -7.843494586999952, 0.0], [112.54353629500008, -7.843421829999954, 0.0], [112.543438777, -7.843650922999927, 0.0], [112.54319224300002, -7.84381067399994, 0.0], [112.54280803300003, -7.843944944999976, 0.0], [112.54274383200004, -7.843711194999969, 0.0], [112.54260834500008, -7.843836223999972, 0.0], [112.54244773100004, -7.843907606999949, 0.0], [112.5422127600001, -7.843967093999936, 0.0], [112.54210271000011, -7.84399386299998, 0.0], [112.54203132600003, -7.844059297999934, 0.0], [112.54198373600002, -7.844187193999971, 0.0], [112.54189867100001, -7.844405707999954, 0.0], [112.54176542100004, -7.844672207999963, 0.0], [112.54166950100011, -7.844848059999947, 0.0], [112.54157412400002, -7.845119151999938, 0.0], [112.5415808460001, -7.845399862999955, 0.0], [112.54131678600004, -7.846057708999979, 0.0], [112.5411818230001, -7.846414205999963, 0.0], [112.5410985630001, -7.84673797399995, 0.0], [112.54098890300008, -7.8469066739999676, 0.0], [112.54085576000011, -7.847028823999949, 0.0], [112.54024432500012, -7.847229170999981, 0.0], [112.53997606600001, -7.847318167999958, 0.0], [112.53981143700003, -7.84747191699995, 0.0], [112.53974826000001, -7.847516170999938, 0.0], [112.53964807900002, -7.847519312999964, 0.0], [112.53951643100004, -7.8476035309999475, 0.0], [112.5395032240001, -7.8477538769999455, 0.0], [112.53960143800009, -7.847884336999925, 0.0], [112.53960982000001, -7.848271290999946, 0.0], [112.53956278200008, -7.848528655999928, 0.0], [112.53952054600006, -7.848811521999949, 0.0], [112.53949835300011, -7.848879950999958, 0.0], [112.53946274200007, -7.849292920999972, 0.0], [112.53945984600011, -7.849809708999942, 0.0], [112.53918663500008, -7.849892052999962, 0.0], [112.5389116670001, -7.849918332999948, 0.0], [112.53877556100008, -7.850082004999933, 0.0], [112.53851983600009, -7.850144967999938, 0.0], [112.53805346200011, -7.850249663999932, 0.0], [112.53749952300006, -7.850329613999975, 0.0], [112.53736151400005, -7.850320095999962, 0.0], [112.53720260900002, -7.850313854999968, 0.0], [112.53707122000003, -7.850096426999926, 0.0], [112.53702363100001, -7.850029801999938, 0.0], [112.53700166400006, -7.849952844999962, 0.0], [112.5368737340001, -7.849853776999964, 0.0], [112.5367437220001, -7.849750903999961, 0.0], [112.53663040800006, -7.849732177999954, 0.0], [112.53645364300007, -7.849683059999961, 0.0], [112.53627501400001, -7.849649260999968, 0.0], [112.53620985500004, -7.8496776419999605, 0.0], [112.53620605900005, -7.850186359999952, 0.0], [112.53620509600012, -7.850315336999927, 0.0], [112.53617333300008, -7.850348332999943, 0.0], [112.53585124500012, -7.850296182999955, 0.0], [112.53539966500011, -7.850271738999936, 0.0], [112.53507608600012, -7.850254222999979, 0.0], [112.53456756700007, -7.850226695999936, 0.0], [112.5345993310001, -7.851098840999953, 0.0], [112.53435391000005, -7.851105239999981, 0.0], [112.53435512400006, -7.851206330999958, 0.0], [112.53435147500011, -7.851301001999957, 0.0], [112.53435364600011, -7.851500527999974, 0.0], [112.53430636100006, -7.851551014999927, 0.0], [112.53424666500007, -7.851628988999948, 0.0], [112.53421365500003, -7.851796271999945, 0.0], [112.53398551800001, -7.851666844999954, 0.0], [112.53391494800007, -7.85160069899996, 0.0], [112.53388262500005, -7.851533348999965, 0.0], [112.53387830100007, -7.851421394999932, 0.0], [112.53380500000003, -7.85139666699996, 0.0], [112.53368631900003, -7.851651567999966, 0.0], [112.53363479600011, -7.8517538839999474, 0.0], [112.5335657920001, -7.8518777069999715, 0.0], [112.5334961960001, -7.85187317599997, 0.0], [112.53340209100008, -7.85192385299996, 0.0], [112.53325932400003, -7.851990477999948, 0.0], [112.53306896700008, -7.852038066999967, 0.0], [112.53302401700012, -7.852054812999938, 0.0], [112.53282626200007, -7.852128486999959, 0.0], [112.53274060100011, -7.852180834999956, 0.0], [112.5326168690001, -7.852271253999959, 0.0], [112.53250741400007, -7.85234739699996, 0.0], [112.53227422700002, -7.852385467999966, 0.0], [112.53213145900008, -7.852342637999925, 0.0], [112.53199488700011, -7.852255139999954, 0.0], [112.53192214300009, -7.852046061999943, 0.0], [112.53190296500009, -7.851723144999937, 0.0], [112.53155501000003, -7.851706468999964, 0.0], [112.53155590900008, -7.8519068039999524, 0.0], [112.53151815300009, -7.85207920199997, 0.0], [112.53144295200002, -7.852227244999938, 0.0], [112.53132993000008, -7.852484849999939, 0.0], [112.53128394600003, -7.85259300499996, 0.0], [112.53130348400009, -7.8526867199999515, 0.0], [112.53137903300001, -7.852789713999925, 0.0], [112.53193694900006, -7.852987374999941, 0.0], [112.5319855680001, -7.853071580999938, 0.0], [112.53202784500002, -7.853150378999942, 0.0], [112.53200921200005, -7.853303566999955, 0.0], [112.53200524100009, -7.853529671999979, 0.0], [112.53200192500003, -7.853934014999936, 0.0], [112.53199874300003, -7.8540476709999325, 0.0], [112.53202721500008, -7.854288011999927, 0.0], [112.5320599040001, -7.854369238999936, 0.0], [112.53211409700009, -7.854426460999946, 0.0], [112.53208388100006, -7.854781210999931, 0.0], [112.53217656100003, -7.854893555999979, 0.0], [112.53222057000005, -7.855045943999926, 0.0], [112.5322331540001, -7.855119825999964, 0.0], [112.53220011200006, -7.855310173999953, 0.0], [112.53228416200011, -7.855419276999953, 0.0], [112.53219500000012, -7.855816665999953, 0.0], [112.53109390300006, -7.85566602199998, 0.0], [112.53109074500003, -7.855589951999946, 0.0], [112.5309812480001, -7.8555654689999415, 0.0], [112.53071089000002, -7.85553506499997, 0.0], [112.5305375580001, -7.855488826999931, 0.0], [112.53050750600005, -7.855472188999954, 0.0], [112.53039565600011, -7.855394839999974, 0.0], [112.5302515080001, -7.855342728999972, 0.0], [112.53005222000002, -7.855302782999956, 0.0], [112.52983241200002, -7.855228218999969, 0.0], [112.52981307700009, -7.855190009999944, 0.0], [112.52988328200001, -7.855027805999953, 0.0], [112.52991560400005, -7.854943471999945, 0.0], [112.52996108900004, -7.85478444499995, 0.0], [112.53000824900005, -7.854433269999959, 0.0], [112.52999372200009, -7.854397434999953, 0.0], [112.52995046100011, -7.854377256999953, 0.0], [112.52975847900007, -7.854492339999979, 0.0], [112.52965290400005, -7.854490809999959, 0.0], [112.52961986200012, -7.854378004999944, 0.0], [112.52959849600006, -7.854309178999927, 0.0], [112.52954666500011, -7.854307452999933, 0.0], [112.52948703100003, -7.854271303999951, 0.0], [112.52942729800009, -7.854208359999973, 0.0], [112.52937766800005, -7.854092480999952, 0.0], [112.5293726640001, -7.854027751999979, 0.0], [112.52943845200002, -7.853909800999929, 0.0], [112.52942517000008, -7.853820848999931, 0.0], [112.52940731300009, -7.853661572999954, 0.0], [112.52944172500008, -7.853624124999953, 0.0], [112.52945595800009, -7.853579572999934, 0.0], [112.52947018000009, -7.853532149999978, 0.0], [112.52946711700008, -7.853481917999943, 0.0], [112.5293931860001, -7.853341507999971, 0.0], [112.52931061100003, -7.853199693999954, 0.0], [112.52922334200002, -7.853079991999948, 0.0], [112.52916448200006, -7.8529992559999755, 0.0], [112.5290115680001, -7.852849018999962, 0.0], [112.52887666200002, -7.85282796599995, 0.0], [112.52875975900008, -7.852815003999979, 0.0], [112.52872118700009, -7.852764901999933, 0.0], [112.52882183300005, -7.85263251799995, 0.0], [112.52886053600002, -7.8525546209999675, 0.0], [112.52891414800001, -7.852452744999937, 0.0], [112.52898864300005, -7.852320886999962, 0.0], [112.52908397800002, -7.852147082999977, 0.0], [112.5291883540001, -7.8519852099999525, 0.0], [112.52924487700011, -7.851859398999977, 0.0], [112.52928032900002, -7.851712728999928, 0.0], [112.52937282800008, -7.851416577999942, 0.0], [112.52933830300003, -7.851342260999957, 0.0], [112.52931624000007, -7.851294766999956, 0.0], [112.52927128300007, -7.851204493999944, 0.0], [112.52917827500005, -7.8510961169999405, 0.0], [112.52908668400005, -7.8509816099999625, 0.0], [112.52908631700006, -7.850881125999933, 0.0], [112.52908567000009, -7.850704083999972, 0.0], [112.52904645900003, -7.8504793319999635, 0.0], [112.52895888, -7.8501494849999744, 0.0], [112.52893868900003, -7.84987681299998, 0.0], [112.52901327300003, -7.849769477999928, 0.0], [112.52907873900006, -7.849628680999956, 0.0], [112.52901978600005, -7.84946472799993, 0.0], [112.52896149700007, -7.849271146999968, 0.0], [112.52897740600008, -7.849113584999941, 0.0], [112.52914002000011, -7.84869217499994, 0.0], [112.52949873900002, -7.848824906999937, 0.0], [112.52955764900003, -7.8487040009999305, 0.0], [112.52958618500008, -7.848645432999945, 0.0], [112.52965270800007, -7.848564283999963, 0.0], [112.52963955700011, -7.848511218999931, 0.0], [112.52962498900001, -7.848463899999956, 0.0], [112.52960042300003, -7.848438150999925, 0.0], [112.52956287400002, -7.848405270999933, 0.0], [112.52953540700003, -7.8483737899999255, 0.0], [112.52950499300005, -7.84832365799997, 0.0], [112.52957392300004, -7.84827747199995, 0.0], [112.52965140100002, -7.84820684999994, 0.0], [112.52967996000007, -7.848143583999956, 0.0], [112.52977435500009, -7.84797528799993, 0.0], [112.52985309900009, -7.847857290999968, 0.0], [112.53001298700008, -7.847883982999974, 0.0], [112.52997366200009, -7.8477592379999805, 0.0], [112.52995327300005, -7.847694714999932, 0.0], [112.53001178500006, -7.8475552589999324, 0.0], [112.5299942580001, -7.84748641799996, 0.0], [112.52988864200006, -7.847341816999972, 0.0], [112.529873769, -7.847211240999968, 0.0], [112.52990894900006, -7.8469900459999735, 0.0], [112.52997630800007, -7.846907976999944, 0.0], [112.53004298400003, -7.846639296999967, 0.0], [112.53016934700008, -7.846552707999933, 0.0], [112.53040354900008, -7.84643127399994, 0.0], [112.5304442800001, -7.846256447999963, 0.0], [112.53041881100012, -7.846114904999979, 0.0], [112.53036270100006, -7.845992612999964, 0.0], [112.53037175800011, -7.845845201999964, 0.0], [112.5304831730001, -7.845869678999975, 0.0], [112.53061301100001, -7.8456835489999435, 0.0], [112.53074393800011, -7.8454019539999535, 0.0], [112.53046997000001, -7.845277343999953, 0.0], [112.53036666700007, -7.845168333999936, 0.0], [112.53007327500006, -7.845052694999936, 0.0], [112.5300071480001, -7.845219932999953, 0.0], [112.52959298300004, -7.845121552999956, 0.0], [112.52939042700007, -7.845073437999929, 0.0], [112.52908844500007, -7.844980292999935, 0.0], [112.52902370900006, -7.8451562779999335, 0.0], [112.52888804700001, -7.845127561999959, 0.0], [112.52874594800005, -7.844996057999936, 0.0], [112.52861257500001, -7.844740065999929, 0.0], [112.52854650600011, -7.844518281999967, 0.0], [112.52847105700005, -7.844355865999944, 0.0], [112.52844897300008, -7.844290610999963, 0.0], [112.52841308200004, -7.84418455499997, 0.0], [112.52861340100003, -7.8441916999999535, 0.0], [112.52865253800007, -7.844068343999936, 0.0], [112.52853899700006, -7.844052726999962, 0.0], [112.5285256410001, -7.8439720539999485, 0.0], [112.52851546500005, -7.843902086999947, 0.0], [112.52856471000007, -7.843721991999928, 0.0], [112.528765754, -7.84358728199993, 0.0], [112.52877074300011, -7.843376723999938, 0.0], [112.52872439900011, -7.843300331999956, 0.0], [112.52872006300004, -7.843164453999975, 0.0], [112.5286808520001, -7.84293874399998, 0.0], [112.52874537600007, -7.842737539999973, 0.0], [112.5288808040001, -7.842505453999934, 0.0], [112.5289791140001, -7.84209550099996, 0.0], [112.52893432100007, -7.841785182999956, 0.0], [112.52889798300009, -7.841554780999957, 0.0], [112.528791178, -7.840977842999962, 0.0], [112.52877767500001, -7.840565184999946, 0.0], [112.5287755060001, -7.840532878999966, 0.0], [112.52870588000008, -7.840521978999959, 0.0], [112.52871436400005, -7.840381388999958, 0.0], [112.52862731800008, -7.8403607709999505, 0.0], [112.52854371700005, -7.840462754999976, 0.0], [112.52846275600007, -7.8404660409999565, 0.0], [112.52850549900006, -7.840249151999956, 0.0], [112.52857548400004, -7.840127689999974, 0.0], [112.52859949700007, -7.840133583999943, 0.0], [112.52862615000004, -7.8400407779999455, 0.0], [112.52831296900001, -7.839959565999948, 0.0], [112.52828355200006, -7.83993894799994, 0.0], [112.52827972500006, -7.839931062999938, 0.0], [112.52825682900004, -7.8399031539999555, 0.0], [112.52823351100005, -7.839824764999946, 0.0], [112.52820439200002, -7.839734911999926, 0.0], [112.52816744000006, -7.839683916999945, 0.0], [112.528157437, -7.839679147999959, 0.0], [112.52814153100007, -7.839646381999955, 0.0], [112.5281711780001, -7.839470125999981, 0.0], [112.52818740500004, -7.83931455499993, 0.0], [112.52825166700006, -7.839194999999961, 0.0], [112.52823635800007, -7.839132132999964, 0.0], [112.52840518700009, -7.839151194999943, 0.0], [112.52842894000003, -7.839021530999958, 0.0], [112.52843623700005, -7.838981692999937, 0.0], [112.52849531000004, -7.838995833999945, 0.0], [112.52851043500004, -7.838894062999941, 0.0], [112.52866195800004, -7.838523307999935, 0.0], [112.52880384600007, -7.838236060999975, 0.0], [112.52886677600009, -7.838108660999978, 0.0], [112.52899325200008, -7.837992916999951, 0.0], [112.52911507400006, -7.837775202999978, 0.0], [112.52919833400006, -7.8375016669999695, 0.0], [112.52920563200007, -7.837484237999945, 0.0], [112.52927365900007, -7.837321796999959, 0.0], [112.52930813700004, -7.837239466999961, 0.0], [112.52945112500004, -7.836975772999949, 0.0], [112.52953103700008, -7.8368284019999805, 0.0], [112.5295762400001, -7.836745040999972, 0.0], [112.52962019900008, -7.836643595999931, 0.0], [112.52962541700003, -7.836631552999961, 0.0], [112.5296546510001, -7.836608078999973, 0.0], [112.52981632600006, -7.836205551999967, 0.0], [112.52983273200005, -7.836106136999945, 0.0], [112.52985622900007, -7.835963763999928, 0.0], [112.52992472000005, -7.835666844999935, 0.0], [112.52998166700002, -7.835609999999974, 0.0], [112.53002372300011, -7.83563455999996, 0.0], [112.53033023900002, -7.835813559999963, 0.0], [112.53044800700002, -7.83584196299995, 0.0], [112.53056374700009, -7.835966176999932, 0.0], [112.53079565000007, -7.836070802999927, 0.0], [112.5311124640001, -7.83635037199997, 0.0], [112.53165615400007, -7.836753923999936, 0.0], [112.53193500000009, -7.8367849999999635, 0.0], [112.53223892300002, -7.836690317999967, 0.0], [112.53241152200007, -7.836651409999945, 0.0], [112.5325866600001, -7.836650772999974, 0.0], [112.53275244700001, -7.836717159999978, 0.0], [112.53286314000002, -7.8368076719999635, 0.0], [112.53291168400006, -7.836960614999953, 0.0], [112.53306734800003, -7.836883488999945, 0.0], [112.53317477600001, -7.83673715599997, 0.0], [112.53314787800002, -7.836598487999936, 0.0], [112.53317511900002, -7.836306504999925, 0.0], [112.53331769900001, -7.836062907999974, 0.0], [112.53333585200005, -7.836028243999976, 0.0], [112.53341109400003, -7.835884566999937, 0.0], [112.53340098000001, -7.83574344699997, 0.0], [112.53336764900007, -7.835625264999976, 0.0], [112.53333306700006, -7.835542244999942, 0.0], [112.5333306010001, -7.835392962999947, 0.0], [112.53346331500006, -7.835010158999978, 0.0], [112.53353107500004, -7.834677953999972, 0.0], [112.53351023800008, -7.834238250999931, 0.0], [112.5334504000001, -7.833939563999934, 0.0], [112.5335096020001, -7.833727014999965, 0.0], [112.53363213000011, -7.8336099339999805, 0.0], [112.53374166700007, -7.833473332999972, 0.0], [112.53386880400001, -7.833543278999969, 0.0], [112.53380609300007, -7.833684464999976, 0.0], [112.53378153200003, -7.833856814999933, 0.0], [112.53381771600004, -7.833910513999967, 0.0], [112.53394098600006, -7.833985106999933, 0.0], [112.53401522800004, -7.834078133999981, 0.0], [112.5341785060001, -7.83416041299995, 0.0], [112.53442746000007, -7.834335353999961, 0.0], [112.53426310200007, -7.83465893999994, 0.0], [112.53434947100004, -7.834658625999964, 0.0], [112.53438566800003, -7.834715913999958, 0.0], [112.53471717000002, -7.83482954599998, 0.0], [112.53460662200007, -7.83510628199997, 0.0], [112.5351435660001, -7.8353052959999445, 0.0], [112.53494676700006, -7.835614643999975, 0.0], [112.53518666700006, -7.835776666999948, 0.0], [112.53569188900008, -7.835318867999945, 0.0], [112.53576580900005, -7.835083593999968, 0.0], [112.53596575200004, -7.834536269999944, 0.0], [112.5360878890001, -7.834212117999925, 0.0], [112.53615163300003, -7.833832594999933, 0.0], [112.53618311600007, -7.833645145999981, 0.0], [112.5362501510001, -7.833146185999965, 0.0], [112.5362351120001, -7.8329703929999255, 0.0], [112.53605013200001, -7.83276804999997, 0.0], [112.536034631, -7.832352403999948, 0.0], [112.53609604400003, -7.832089004999943, 0.0], [112.53628500000002, -7.831753332999938, 0.0], [112.53660225500005, -7.831431616999964, 0.0], [112.53696555600004, -7.831307339999967, 0.0], [112.53725335800004, -7.831032088999962, 0.0], [112.53742207200003, -7.830669059999934, 0.0], [112.53794317400002, -7.830190787999925, 0.0], [112.53805874800003, -7.830049070999962, 0.0], [112.53805381000006, -7.82987544599996, 0.0], [112.53805592700007, -7.829542946999936, 0.0], [112.53813140000011, -7.8291885829999615, 0.0], [112.53825592300007, -7.828909349999947, 0.0], [112.53837666700008, -7.828558332999933, 0.0], [112.53857006100009, -7.828430954999931, 0.0], [112.53877288600006, -7.828477361999944, 0.0], [112.53885688700007, -7.828363361999948, 0.0], [112.53907668900001, -7.8281347109999615, 0.0], [112.53933154800006, -7.8279579329999365, 0.0], [112.53953966300003, -7.8277920919999815, 0.0], [112.53962839000008, -7.827454426999964, 0.0], [112.53969840200011, -7.82708351399998, 0.0], [112.5397529380001, -7.826920996999945, 0.0], [112.54022321200011, -7.82708410999993, 0.0], [112.54045810500008, -7.827187325999944, 0.0], [112.54066651500011, -7.8272652179999795, 0.0], [112.54077058300004, -7.827334230999952, 0.0], [112.54100946800008, -7.826937940999926, 0.0], [112.54121598400002, -7.8266315939999345, 0.0], [112.54156114400007, -7.826080296999976, 0.0], [112.54192046900005, -7.825746238999955, 0.0], [112.5424547660001, -7.824902129999941, 0.0], [112.54267384500008, -7.82445632699995, 0.0], [112.54285168000001, -7.823985412999946, 0.0], [112.54299583800002, -7.823736963999977, 0.0], [112.54323668200004, -7.823208300999966, 0.0], [112.54352033100008, -7.822696029999975, 0.0], [112.54372994300002, -7.822286146999943, 0.0], [112.54407853300006, -7.821830299999931, 0.0], [112.54424723000011, -7.821645939999939, 0.0], [112.5443312540001, -7.821530792999965, 0.0], [112.54446505400006, -7.821198396999932, 0.0], [112.54452833300002, -7.821139999999957, 0.0], [112.54462313500005, -7.8209724199999755, 0.0], [112.54537060400003, -7.821340518999932, 0.0], [112.54621774500004, -7.8216805169999475, 0.0], [112.54624511300005, -7.821567620999929, 0.0], [112.54632287000004, -7.821422476999942, 0.0], [112.54635218900012, -7.821367746999954, 0.0], [112.54648781800006, -7.821146456999941, 0.0], [112.54793691000009, -7.821439129999931, 0.0], [112.54799942800003, -7.82130927999998, 0.0], [112.54833130400004, -7.82131684899997, 0.0], [112.5485080310001, -7.821321720999947, 0.0], [112.54902510400007, -7.8214434969999616, 0.0], [112.54924962400003, -7.820415700999945, 0.0], [112.54936000200007, -7.819446340999946, 0.0], [112.54929327900004, -7.81924322499998, 0.0], [112.54881316000001, -7.818942507999964, 0.0], [112.54880729800004, -7.8189389089999395, 0.0], [112.5467134270001, -7.817653338999946, 0.0], [112.54649090700002, -7.817516716999933, 0.0], [112.5435717250001, -7.815930456999979, 0.0], [112.54374559700011, -7.815706082999952, 0.0], [112.5442033170001, -7.815374239999926, 0.0], [112.54453346200012, -7.815017462999947, 0.0], [112.5449136630001, -7.814406525999971, 0.0], [112.54537082000002, -7.81392229599993, 0.0], [112.5460836850001, -7.81364031399994, 0.0], [112.54666962900001, -7.813511179999978, 0.0], [112.54715293400011, -7.813204637999945, 0.0], [112.54748269900006, -7.812746269999934, 0.0], [112.54802012000005, -7.8120426519999455, 0.0], [112.54857803800007, -7.811227880999979, 0.0], [112.5486781510001, -7.810719559999939, 0.0], [112.54862613000012, -7.810440374999928, 0.0], [112.54831924300004, -7.810187521999978, 0.0], [112.54813983600002, -7.809934201999965, 0.0], [112.54821510900001, -7.809603754999955, 0.0], [112.54872446400009, -7.809449502999939, 0.0], [112.54890181300004, -7.809144079999953, 0.0], [112.54902788800007, -7.808762652999974, 0.0], [112.54923119900002, -7.808584122999946, 0.0], [112.54968937600006, -7.808379262999949, 0.0], [112.54986700400002, -7.808150031999958, 0.0], [112.55009356400001, -7.8073618719999445, 0.0], [112.5502946260001, -7.80657380599996, 0.0], [112.55021664200001, -7.806167727999934, 0.0], [112.55008850900003, -7.80599041399995, 0.0], [112.54988295200008, -7.805559406999976, 0.0], [112.54983027600008, -7.805102439999928, 0.0], [112.54990582800008, -7.804848185999958, 0.0], [112.5501854370001, -7.804618581999932, 0.0], [112.55059591000008, -7.804270042999974, 0.0], [112.5514368900001, -7.8041653679999285, 0.0], [112.55194323900002, -7.8031983979999495, 0.0], [112.552550913, -7.802053272999956, 0.0], [112.5528505200001, -7.801632168999959, 0.0], [112.55305819600005, -7.801340275999962, 0.0], [112.55407585300009, -7.800752391999936, 0.0], [112.55506801000001, -7.800164600999949, 0.0], [112.55555082400008, -7.799731065999936, 0.0], [112.55585404400006, -7.798993419999931, 0.0], [112.557097483, -7.797414192999952, 0.0], [112.5579600850001, -7.796268125999973, 0.0], [112.55943972800003, -7.794499473999963, 0.0], [112.55964179800003, -7.794257932999926, 0.0], [112.56088539900009, -7.792729494999946, 0.0], [112.56184836000011, -7.791151294999963, 0.0], [112.56326833300011, -7.789063455999951, 0.0], [112.5647934750001, -7.787838744999931, 0.0], [112.56621729100004, -7.786792185999957, 0.0], [112.56758945000001, -7.785568031999958, 0.0], [112.56967802200006, -7.78359370499993, 0.0], [112.57112683100002, -7.782420053999942, 0.0], [112.57293235600002, -7.78119428399998, 0.0], [112.57455875000005, -7.779791389999957, 0.0], [112.57718708700008, -7.77770792299998, 0.0], [112.58049231500001, -7.7753082729999505, 0.0], [112.58299742300005, -7.773835875999964, 0.0], [112.58302073400012, -7.77392449499996, 0.0], [112.58311865000007, -7.7742967329999715, 0.0], [112.58313004400009, -7.774340046999953, 0.0], [112.58316546600008, -7.774474708999946, 0.0], [112.5833118920001, -7.774866518999943, 0.0], [112.58335469600001, -7.77519678799996, 0.0], [112.58336210000004, -7.775339102999965, 0.0], [112.5833642130001, -7.775379706999956, 0.0], [112.58337725400008, -7.775630374999935, 0.0], [112.58336446500005, -7.775730492999969, 0.0], [112.58331653800008, -7.776105677999965, 0.0], [112.58327891200008, -7.776357345999941, 0.0], [112.58322768100004, -7.776700010999946, 0.0], [112.58321292100004, -7.776798737999968, 0.0], [112.58320564000007, -7.776847440999973, 0.0], [112.58318342300004, -7.776996039999972, 0.0], [112.58312167300005, -7.77740906799994, 0.0], [112.58309410200002, -7.7775934829999755, 0.0], [112.58306895100009, -7.777656898999965, 0.0], [112.58288895900012, -7.778110728999934, 0.0], [112.58286580100003, -7.778196669999943, 0.0], [112.58285157600005, -7.778249458999937, 0.0], [112.58290408800008, -7.778556548999973, 0.0], [112.58294369300006, -7.778740829999947, 0.0], [112.5830085550001, -7.779042625999978, 0.0], [112.58302054100011, -7.779055403999962, 0.0], [112.58334369600004, -7.779399919999946, 0.0], [112.58356287400011, -7.779458638999927, 0.0], [112.58390873000008, -7.7795512959999655, 0.0], [112.58390914600011, -7.7795514069999285, 0.0]]]], "type": "MultiPolygon"}}, {"type": "Feature", "properties": {"village_name": "Sumbergondo", "district_name": "Bumiaji", "kecamatan": "Bumiaji", "kabupaten": "Kota Batu", "provinsi": "Jawa Timur", "kode_desa": "35.79.02.2004", "last_updated": "2026-09-01T08:57:00.626128+00:00", "hourly_temp_today": [13.5, 13.5, 12.9, 12.7, 12.6, 12.3, 13.0, 16.8, 18.5, 21.0, 22.6, 23.3, 22.6, 21.8, 22.0, 21.3, 20.2, 18.4, 16.2, 14.7, 14.1, 13.6, 13.3, 13.2], "suhu_current": 21.3, "suhu_siang_1200": 22.6, "suhu_malam_2400": 13.5}, "geometry": {"coordinates": [[[[112.58767255800001, -7.75894302599994, 0.0], [112.5877951540001, -7.759340709999947, 0.0], [112.58797011500008, -7.759887274999926, 0.0], [112.58798893900007, -7.760301799999979, 0.0], [112.58788820100006, -7.760489764999932, 0.0], [112.58778753800004, -7.760677820999945, 0.0], [112.58774480900001, -7.760865659999979, 0.0], [112.58765919000007, -7.761198035999939, 0.0], [112.58764588000008, -7.761515675999931, 0.0], [112.587661249, -7.761746511999945, 0.0], [112.5877204300001, -7.762078346999942, 0.0], [112.58776473000012, -7.7623091649999765, 0.0], [112.58770744500009, -7.762482592999959, 0.0], [112.58775114800005, -7.762554572999932, 0.0], [112.58788206300005, -7.762698459999967, 0.0], [112.58814338500008, -7.762870698999961, 0.0], [112.58839009600001, -7.763014152999972, 0.0], [112.58852074000004, -7.763085807999971, 0.0], [112.58870940800011, -7.76320063999998, 0.0], [112.58885515100008, -7.763430987999925, 0.0], [112.58897434100004, -7.7635489379999285, 0.0], [112.58899175600004, -7.763566171999969, 0.0], [112.58900109600006, -7.763575414999934, 0.0], [112.58904409000002, -7.763617961999955, 0.0], [112.58927642900005, -7.763775933999966, 0.0], [112.58940767000001, -7.764006335999966, 0.0], [112.58953921600005, -7.7643378989999405, 0.0], [112.58967094700006, -7.764698300999953, 0.0], [112.58977329200002, -7.764957739999943, 0.0], [112.5894631330001, -7.765098665999972, 0.0], [112.58867813300003, -7.765479407999976, 0.0], [112.58838605800008, -7.765621070999941, 0.0], [112.58797511000012, -7.765887698999961, 0.0], [112.58767847700005, -7.766080156999976, 0.0], [112.58739368700003, -7.766264931999956, 0.0], [112.58689547600011, -7.76670957999994, 0.0], [112.58683585100005, -7.766762793999931, 0.0], [112.58680044200003, -7.766797200999974, 0.0], [112.58619572300006, -7.767384815999947, 0.0], [112.58530673200005, -7.768028378999929, 0.0], [112.58421291100001, -7.769292245999964, 0.0], [112.58389887300007, -7.7699079639999695, 0.0], [112.58383472900005, -7.770033726999941, 0.0], [112.58374095300007, -7.770217588999969, 0.0], [112.58357331800005, -7.770546261999925, 0.0], [112.58343077600011, -7.770825737999928, 0.0], [112.58342701700008, -7.77083310699993, 0.0], [112.58338967300006, -7.770906325999931, 0.0], [112.58328945200003, -7.771241505999967, 0.0], [112.58323498800007, -7.7714236579999465, 0.0], [112.58297782800003, -7.772283709999954, 0.0], [112.58297089400003, -7.772306898999943, 0.0], [112.58292171300002, -7.772614813999951, 0.0], [112.58282896800006, -7.77319547299993, 0.0], [112.58285514300007, -7.773294979999946, 0.0], [112.5829139440001, -7.773518518999936, 0.0], [112.58299742300005, -7.773835875999964, 0.0], [112.58049231500001, -7.7753082729999505, 0.0], [112.57718708700008, -7.77770792299998, 0.0], [112.57455875000005, -7.779791389999957, 0.0], [112.57293235600002, -7.78119428399998, 0.0], [112.57112683100002, -7.782420053999942, 0.0], [112.56967802200006, -7.78359370499993, 0.0], [112.56758945000001, -7.785568031999958, 0.0], [112.56621729100004, -7.786792185999957, 0.0], [112.5647934750001, -7.787838744999931, 0.0], [112.56326833300011, -7.789063455999951, 0.0], [112.56184836000011, -7.791151294999963, 0.0], [112.56088539900009, -7.792729494999946, 0.0], [112.55964179800003, -7.794257932999926, 0.0], [112.55943972800003, -7.794499473999963, 0.0], [112.5579600850001, -7.796268125999973, 0.0], [112.557097483, -7.797414192999952, 0.0], [112.55585404400006, -7.798993419999931, 0.0], [112.55555082400008, -7.799731065999936, 0.0], [112.55506801000001, -7.800164600999949, 0.0], [112.55407585300009, -7.800752391999936, 0.0], [112.55305819600005, -7.801340275999962, 0.0], [112.5528505200001, -7.801632168999959, 0.0], [112.552550913, -7.802053272999956, 0.0], [112.55194323900002, -7.8031983979999495, 0.0], [112.5514368900001, -7.8041653679999285, 0.0], [112.55059591000008, -7.804270042999974, 0.0], [112.5501854370001, -7.804618581999932, 0.0], [112.54990582800008, -7.804848185999958, 0.0], [112.54983027600008, -7.805102439999928, 0.0], [112.54988295200008, -7.805559406999976, 0.0], [112.55008850900003, -7.80599041399995, 0.0], [112.55021664200001, -7.806167727999934, 0.0], [112.5502946260001, -7.80657380599996, 0.0], [112.55009356400001, -7.8073618719999445, 0.0], [112.54986700400002, -7.808150031999958, 0.0], [112.54968937600006, -7.808379262999949, 0.0], [112.54923119900002, -7.808584122999946, 0.0], [112.54902788800007, -7.808762652999974, 0.0], [112.54890181300004, -7.809144079999953, 0.0], [112.54872446400009, -7.809449502999939, 0.0], [112.54821510900001, -7.809603754999955, 0.0], [112.54813983600002, -7.809934201999965, 0.0], [112.54831924300004, -7.810187521999978, 0.0], [112.54862613000012, -7.810440374999928, 0.0], [112.5486781510001, -7.810719559999939, 0.0], [112.54857803800007, -7.811227880999979, 0.0], [112.54802012000005, -7.8120426519999455, 0.0], [112.54748269900006, -7.812746269999934, 0.0], [112.54715293400011, -7.813204637999945, 0.0], [112.54666962900001, -7.813511179999978, 0.0], [112.5460836850001, -7.81364031399994, 0.0], [112.54537082000002, -7.81392229599993, 0.0], [112.5449136630001, -7.814406525999971, 0.0], [112.54453346200012, -7.815017462999947, 0.0], [112.5442033170001, -7.815374239999926, 0.0], [112.54374559700011, -7.815706082999952, 0.0], [112.5435717250001, -7.815930456999979, 0.0], [112.54649090700002, -7.817516716999933, 0.0], [112.5467134270001, -7.817653338999946, 0.0], [112.54880729800004, -7.8189389089999395, 0.0], [112.54881316000001, -7.818942507999964, 0.0], [112.54929327900004, -7.81924322499998, 0.0], [112.54936000200007, -7.819446340999946, 0.0], [112.54924962400003, -7.820415700999945, 0.0], [112.54902510400007, -7.8214434969999616, 0.0], [112.5485080310001, -7.821321720999947, 0.0], [112.54833130400004, -7.82131684899997, 0.0], [112.54799942800003, -7.82130927999998, 0.0], [112.54793691000009, -7.821439129999931, 0.0], [112.54648781800006, -7.821146456999941, 0.0], [112.54635218900012, -7.821367746999954, 0.0], [112.54632287000004, -7.821422476999942, 0.0], [112.54624511300005, -7.821567620999929, 0.0], [112.54621774500004, -7.8216805169999475, 0.0], [112.54537060400003, -7.821340518999932, 0.0], [112.54462313500005, -7.8209724199999755, 0.0], [112.54452833300002, -7.821139999999957, 0.0], [112.54446505400006, -7.821198396999932, 0.0], [112.5443312540001, -7.821530792999965, 0.0], [112.54424723000011, -7.821645939999939, 0.0], [112.54407853300006, -7.821830299999931, 0.0], [112.54372994300002, -7.822286146999943, 0.0], [112.54352033100008, -7.822696029999975, 0.0], [112.54323668200004, -7.823208300999966, 0.0], [112.54299583800002, -7.823736963999977, 0.0], [112.54285168000001, -7.823985412999946, 0.0], [112.54267384500008, -7.82445632699995, 0.0], [112.5424547660001, -7.824902129999941, 0.0], [112.54192046900005, -7.825746238999955, 0.0], [112.54156114400007, -7.826080296999976, 0.0], [112.54121598400002, -7.8266315939999345, 0.0], [112.54100946800008, -7.826937940999926, 0.0], [112.54077058300004, -7.827334230999952, 0.0], [112.54066651500011, -7.8272652179999795, 0.0], [112.54045810500008, -7.827187325999944, 0.0], [112.54022321200011, -7.82708410999993, 0.0], [112.5397529380001, -7.826920996999945, 0.0], [112.53969840200011, -7.82708351399998, 0.0], [112.53962839000008, -7.827454426999964, 0.0], [112.53953966300003, -7.8277920919999815, 0.0], [112.53933154800006, -7.8279579329999365, 0.0], [112.53907668900001, -7.8281347109999615, 0.0], [112.53885688700007, -7.828363361999948, 0.0], [112.53877288600006, -7.828477361999944, 0.0], [112.53857006100009, -7.828430954999931, 0.0], [112.53837666700008, -7.828558332999933, 0.0], [112.53825592300007, -7.828909349999947, 0.0], [112.53813140000011, -7.8291885829999615, 0.0], [112.53805592700007, -7.829542946999936, 0.0], [112.53805381000006, -7.82987544599996, 0.0], [112.53805874800003, -7.830049070999962, 0.0], [112.53794317400002, -7.830190787999925, 0.0], [112.53742207200003, -7.830669059999934, 0.0], [112.53725335800004, -7.831032088999962, 0.0], [112.53696555600004, -7.831307339999967, 0.0], [112.53660225500005, -7.831431616999964, 0.0], [112.53628500000002, -7.831753332999938, 0.0], [112.53609604400003, -7.832089004999943, 0.0], [112.536034631, -7.832352403999948, 0.0], [112.53605013200001, -7.83276804999997, 0.0], [112.5362351120001, -7.8329703929999255, 0.0], [112.5362501510001, -7.833146185999965, 0.0], [112.53618311600007, -7.833645145999981, 0.0], [112.53615163300003, -7.833832594999933, 0.0], [112.5360878890001, -7.834212117999925, 0.0], [112.53596575200004, -7.834536269999944, 0.0], [112.53576580900005, -7.835083593999968, 0.0], [112.53569188900008, -7.835318867999945, 0.0], [112.53518666700006, -7.835776666999948, 0.0], [112.53494676700006, -7.835614643999975, 0.0], [112.5351435660001, -7.8353052959999445, 0.0], [112.53460662200007, -7.83510628199997, 0.0], [112.53471717000002, -7.83482954599998, 0.0], [112.53438566800003, -7.834715913999958, 0.0], [112.53434947100004, -7.834658625999964, 0.0], [112.53426310200007, -7.83465893999994, 0.0], [112.53442746000007, -7.834335353999961, 0.0], [112.5341785060001, -7.83416041299995, 0.0], [112.53401522800004, -7.834078133999981, 0.0], [112.53394098600006, -7.833985106999933, 0.0], [112.53381771600004, -7.833910513999967, 0.0], [112.53378153200003, -7.833856814999933, 0.0], [112.53380609300007, -7.833684464999976, 0.0], [112.53386880400001, -7.833543278999969, 0.0], [112.53374166700007, -7.833473332999972, 0.0], [112.53363213000011, -7.8336099339999805, 0.0], [112.5335096020001, -7.833727014999965, 0.0], [112.5334504000001, -7.833939563999934, 0.0], [112.53351023800008, -7.834238250999931, 0.0], [112.53353107500004, -7.834677953999972, 0.0], [112.53346331500006, -7.835010158999978, 0.0], [112.5333306010001, -7.835392962999947, 0.0], [112.53333306700006, -7.835542244999942, 0.0], [112.53336764900007, -7.835625264999976, 0.0], [112.53340098000001, -7.83574344699997, 0.0], [112.53341109400003, -7.835884566999937, 0.0], [112.53333585200005, -7.836028243999976, 0.0], [112.53331769900001, -7.836062907999974, 0.0], [112.53317511900002, -7.836306504999925, 0.0], [112.53314787800002, -7.836598487999936, 0.0], [112.53317477600001, -7.83673715599997, 0.0], [112.53306734800003, -7.836883488999945, 0.0], [112.53291168400006, -7.836960614999953, 0.0], [112.53286314000002, -7.8368076719999635, 0.0], [112.53275244700001, -7.836717159999978, 0.0], [112.5325866600001, -7.836650772999974, 0.0], [112.53241152200007, -7.836651409999945, 0.0], [112.53223892300002, -7.836690317999967, 0.0], [112.53193500000009, -7.8367849999999635, 0.0], [112.53165615400007, -7.836753923999936, 0.0], [112.5311124640001, -7.83635037199997, 0.0], [112.53079565000007, -7.836070802999927, 0.0], [112.53056374700009, -7.835966176999932, 0.0], [112.53044800700002, -7.83584196299995, 0.0], [112.53033023900002, -7.835813559999963, 0.0], [112.53002372300011, -7.83563455999996, 0.0], [112.52998166700002, -7.835609999999974, 0.0], [112.53010448600003, -7.835423811999931, 0.0], [112.5302782120001, -7.835160450999979, 0.0], [112.53040422900006, -7.834800393999956, 0.0], [112.53024666600004, -7.834763332999955, 0.0], [112.52985059600007, -7.834677522999925, 0.0], [112.52981395300003, -7.834498218999954, 0.0], [112.52986686400004, -7.834204944999954, 0.0], [112.5297683330001, -7.834133332999954, 0.0], [112.52943868500006, -7.834110867999925, 0.0], [112.5293233330001, -7.83389666599993, 0.0], [112.52918097100007, -7.833621271999959, 0.0], [112.52923390300009, -7.833333978999974, 0.0], [112.52936206000004, -7.833192417999953, 0.0], [112.52946456000006, -7.8330791959999715, 0.0], [112.52962974000002, -7.832761436999931, 0.0], [112.52970053900003, -7.832474505999926, 0.0], [112.52975159200003, -7.832115820999945, 0.0], [112.52976835700008, -7.831894508999937, 0.0], [112.52990952400012, -7.831627389999937, 0.0], [112.53007078100006, -7.831322258999933, 0.0], [112.53028284900006, -7.830904127999929, 0.0], [112.53044106900006, -7.830433949999929, 0.0], [112.53034417700007, -7.830215389999978, 0.0], [112.53043248200004, -7.830053573999976, 0.0], [112.5305087480001, -7.829914531999975, 0.0], [112.53050490600003, -7.829554475999942, 0.0], [112.53064770000003, -7.829238147999945, 0.0], [112.53069491400004, -7.829027436999979, 0.0], [112.5306069510001, -7.82883101799996, 0.0], [112.5307557640001, -7.82853261799994, 0.0], [112.53097775900005, -7.82835328699997, 0.0], [112.53123673200002, -7.8281440869999415, 0.0], [112.53139170100008, -7.827859461999935, 0.0], [112.53142393500002, -7.827612289999934, 0.0], [112.53141798200011, -7.827442727999937, 0.0], [112.5314744740001, -7.827290329999926, 0.0], [112.53191571700006, -7.826778398999977, 0.0], [112.53198052900007, -7.826353883999957, 0.0], [112.53197808900006, -7.825918848999947, 0.0], [112.53195702700009, -7.825339758999974, 0.0], [112.53196701900004, -7.825041122999949, 0.0], [112.53196996000008, -7.824953213999947, 0.0], [112.53197177900006, -7.824898883999936, 0.0], [112.53207513200005, -7.824704002999965, 0.0], [112.53212355800008, -7.82461269199996, 0.0], [112.53215956000008, -7.824544805999949, 0.0], [112.53236396700004, -7.824490430999958, 0.0], [112.53253399800008, -7.824461117999931, 0.0], [112.53254571900004, -7.824275215999933, 0.0], [112.53254930500009, -7.8242183439999735, 0.0], [112.53255704500009, -7.824095603999979, 0.0], [112.53278445100011, -7.823914070999933, 0.0], [112.53297133800004, -7.823605934999932, 0.0], [112.53313790000004, -7.823356091999926, 0.0], [112.533400529, -7.822742461999951, 0.0], [112.53336383800001, -7.822298433999947, 0.0], [112.53333481600009, -7.821947222999938, 0.0], [112.53323163900006, -7.820698602999926, 0.0], [112.5332707980001, -7.8204773029999615, 0.0], [112.53329821700004, -7.820322352999938, 0.0], [112.5332542640001, -7.820229321999932, 0.0], [112.53321515400012, -7.820146539999939, 0.0], [112.5326774670001, -7.82011433699995, 0.0], [112.53253246700001, -7.819802273999926, 0.0], [112.53222651400006, -7.819701261999967, 0.0], [112.53199765400007, -7.819561711999938, 0.0], [112.53196109700002, -7.819295698999952, 0.0], [112.53190331000008, -7.818875195999965, 0.0], [112.53176762300006, -7.8186099319999585, 0.0], [112.53167920100009, -7.817995445999941, 0.0], [112.5316707390001, -7.817687058999979, 0.0], [112.5316699440001, -7.81765807499994, 0.0], [112.53162726400001, -7.817416992999938, 0.0], [112.53161392200002, -7.817411617999937, 0.0], [112.53129382600002, -7.817282648999935, 0.0], [112.53122376400006, -7.817160305999948, 0.0], [112.53134143900002, -7.81685558099997, 0.0], [112.53148363900004, -7.816507586999933, 0.0], [112.53154382600007, -7.816201587999956, 0.0], [112.5313219200001, -7.816021508999938, 0.0], [112.53109684500009, -7.815596944999982, 0.0], [112.53107858600004, -7.815344555999957, 0.0], [112.5310633900001, -7.81513450999995, 0.0], [112.53108830000008, -7.814904418999959, 0.0], [112.53114418700011, -7.814388215999941, 0.0], [112.53119338900001, -7.814078805999941, 0.0], [112.53134573800003, -7.813833038999974, 0.0], [112.53136343000006, -7.813750433999928, 0.0], [112.531306545, -7.8134289149999745, 0.0], [112.53129170300008, -7.81339389599998, 0.0], [112.53125365400001, -7.813304117999962, 0.0], [112.53155531700008, -7.813110713999947, 0.0], [112.5316539800001, -7.813047458999961, 0.0], [112.53187843500007, -7.812903555999981, 0.0], [112.5320226230001, -7.81279563399994, 0.0], [112.53207007600008, -7.812709945999927, 0.0], [112.53205665600001, -7.812406924999948, 0.0], [112.53207413900009, -7.812184430999935, 0.0], [112.53219210700001, -7.8121010409999485, 0.0], [112.53234078000003, -7.812006062999956, 0.0], [112.53238598100006, -7.811643403999938, 0.0], [112.53251956700001, -7.810571612999979, 0.0], [112.53256659600004, -7.810194281999941, 0.0], [112.53232765100006, -7.809729614999981, 0.0], [112.53224412300005, -7.809567180999977, 0.0], [112.53223472900004, -7.809116546999974, 0.0], [112.53223370500007, -7.809067427999935, 0.0], [112.53223370500007, -7.808746200999963, 0.0], [112.53231235300007, -7.807851558999971, 0.0], [112.53233667600011, -7.807574866999971, 0.0], [112.53192815300008, -7.8069074209999485, 0.0], [112.53187104500012, -7.806814117999977, 0.0], [112.53166892700006, -7.806456796999953, 0.0], [112.53155946100003, -7.806263273999946, 0.0], [112.53145517000007, -7.806078899999932, 0.0], [112.53137594400005, -7.805435258999978, 0.0], [112.53142617900005, -7.804879511999957, 0.0], [112.53144177600007, -7.804221517999963, 0.0], [112.53128523300006, -7.80405460999998, 0.0], [112.53114624800003, -7.803768012999967, 0.0], [112.53112130000011, -7.8035049279999384, 0.0], [112.53127699800007, -7.803217523999933, 0.0], [112.53133797500004, -7.803119077999952, 0.0], [112.53145412300012, -7.802931556999965, 0.0], [112.53175913900009, -7.802529586999981, 0.0], [112.53184607600008, -7.802371601999937, 0.0], [112.53191408100008, -7.8019649359999335, 0.0], [112.53192368600003, -7.801875204999931, 0.0], [112.53203523600007, -7.800833166999951, 0.0], [112.53208588900009, -7.800389601999939, 0.0], [112.53220004500008, -7.800218570999959, 0.0], [112.53246704500009, -7.800133508999977, 0.0], [112.53277192000007, -7.799893711999971, 0.0], [112.53288238900006, -7.799774055999933, 0.0], [112.53288898800008, -7.799766308999949, 0.0], [112.53312648200006, -7.799487476999957, 0.0], [112.5332004820001, -7.799358383999959, 0.0], [112.53324936000001, -7.799058400999968, 0.0], [112.53326473700008, -7.798964020999961, 0.0], [112.53334159200006, -7.798613555999964, 0.0], [112.53341349800007, -7.798361273999944, 0.0], [112.5335470760001, -7.79800168099996, 0.0], [112.53368111000009, -7.7978667109999265, 0.0], [112.53403914900002, -7.797594784999944, 0.0], [112.53440416800004, -7.797636648999969, 0.0], [112.53481779900005, -7.797684086999936, 0.0], [112.53509381700007, -7.797665050999967, 0.0], [112.53553163800007, -7.797626979999961, 0.0], [112.53574103000005, -7.797474693999959, 0.0], [112.535931387, -7.797208194999939, 0.0], [112.53634065400001, -7.7964277309999375, 0.0], [112.53654052900004, -7.796123159999979, 0.0], [112.53669281500004, -7.796008945999972, 0.0], [112.53682606400002, -7.795970874999966, 0.0], [112.53696883200007, -7.795980392999979, 0.0], [112.53714015300011, -7.796018463999928, 0.0], [112.53761604500005, -7.7961612319999745, 0.0], [112.53784447400005, -7.7962088209999365, 0.0], [112.53807290200007, -7.796227856999963, 0.0], [112.53882481200003, -7.796380141999975, 0.0], [112.53933306500005, -7.796644737999941, 0.0], [112.54077977700001, -7.797291951999966, 0.0], [112.5414269900001, -7.797558450999929, 0.0], [112.54180532400005, -7.797548932999973, 0.0], [112.5431140280001, -7.796835094999949, 0.0], [112.54412529900003, -7.795496647999926, 0.0], [112.54480155700003, -7.794231392999961, 0.0], [112.54491001000008, -7.794028479999952, 0.0], [112.54504734000011, -7.793771538999977, 0.0], [112.54576117800002, -7.791630023999971, 0.0], [112.5459050930001, -7.7907825249999405, 0.0], [112.54602886800001, -7.790053630999978, 0.0], [112.54828935600005, -7.786930588999951, 0.0], [112.5510852220001, -7.783629086999952, 0.0], [112.55138887100009, -7.783095083999967, 0.0], [112.55194777700001, -7.782112179999956, 0.0], [112.5532498660001, -7.780948193999961, 0.0], [112.55391083200004, -7.78035732799998, 0.0], [112.55697438800007, -7.778542988999959, 0.0], [112.56057668000005, -7.776410303999967, 0.0], [112.5627523070001, -7.775122231999944, 0.0], [112.56295278400012, -7.775003539999943, 0.0], [112.56584977400007, -7.772374343999957, 0.0], [112.56649223200009, -7.771791267999959, 0.0], [112.57055701400009, -7.769508523999946, 0.0], [112.57201108700008, -7.7688557859999605, 0.0], [112.572745295, -7.768526195999925, 0.0], [112.57320959200001, -7.767734055999938, 0.0], [112.57344757600004, -7.767237664999925, 0.0], [112.57371598200007, -7.766937476999942, 0.0], [112.57416532600007, -7.766710242999977, 0.0], [112.57507171700001, -7.766080414999976, 0.0], [112.57560462300012, -7.765516195999965, 0.0], [112.57612721700002, -7.765180930999975, 0.0], [112.57679860700011, -7.764614430999927, 0.0], [112.57741493500009, -7.76429877399994, 0.0], [112.57831890400007, -7.763925680999932, 0.0], [112.5786929200001, -7.763740211999959, 0.0], [112.57901626400007, -7.763239383999974, 0.0], [112.57923052900003, -7.763012289999949, 0.0], [112.57943626400004, -7.76264030699997, 0.0], [112.57972115400003, -7.762215883999943, 0.0], [112.57991389600011, -7.761974489999943, 0.0], [112.57991793500003, -7.7619694309999545, 0.0], [112.58036162300004, -7.761630383999943, 0.0], [112.58082145100002, -7.761326664999956, 0.0], [112.58099851400004, -7.761059430999978, 0.0], [112.58114017000003, -7.76045389899997, 0.0], [112.58122942900002, -7.760279156999957, 0.0], [112.58127279500002, -7.760194258999945, 0.0], [112.58172863900006, -7.7597931959999755, 0.0], [112.58223779700006, -7.759796000999927, 0.0], [112.58273927900007, -7.75981913399994, 0.0], [112.5869314140001, -7.758898691999946, 0.0], [112.58763909400011, -7.75877395699996, 0.0], [112.58767255800001, -7.75894302599994, 0.0]]]], "type": "MultiPolygon"}}, {"type": "Feature", "properties": {"village_name": "Tulungrejo", "district_name": "Bumiaji", "kecamatan": "Bumiaji", "kabupaten": "Kota Batu", "provinsi": "Jawa Timur", "kode_desa": "35.79.02.2003", "last_updated": "2026-09-01T08:57:00.626128+00:00", "hourly_temp_today": [14.7, 14.9, 14.0, 13.8, 13.7, 13.6, 14.1, 17.6, 18.5, 21.6, 22.9, 22.2, 20.3, 19.6, 20.3, 20.0, 19.8, 18.9, 17.4, 16.4, 15.9, 15.5, 14.8, 14.6], "suhu_current": 20.0, "suhu_siang_1200": 20.3, "suhu_malam_2400": 14.7}, "geometry": {"coordinates": [[[[112.49974398500001, -7.755167168999947, 0.0], [112.49999574600008, -7.755145410999944, 0.0], [112.50332131700009, -7.759876246999966, 0.0], [112.50514160500006, -7.761839301999942, 0.0], [112.50610528700008, -7.7631955949999565, 0.0], [112.50613360400007, -7.76329293699996, 0.0], [112.50667635700006, -7.7651586499999325, 0.0], [112.50749727100003, -7.76658632699997, 0.0], [112.50829854000006, -7.76730471299993, 0.0], [112.51060246800012, -7.769370295999977, 0.0], [112.51452857900006, -7.770762280999975, 0.0], [112.51502826600006, -7.770905048999964, 0.0], [112.51766839300001, -7.771732079999936, 0.0], [112.51866810400008, -7.772045241999933, 0.0], [112.51937316100009, -7.7722660999999675, 0.0], [112.52199056800009, -7.772884759999954, 0.0], [112.52303753100011, -7.773455830999978, 0.0], [112.5231747570001, -7.773603221999963, 0.0], [112.52361161600004, -7.774072442999966, 0.0], [112.52385646800008, -7.774335432999976, 0.0], [112.5243224400001, -7.774835917999951, 0.0], [112.52500023800008, -7.77524148699996, 0.0], [112.5257739110001, -7.7757044209999435, 0.0], [112.52624226600005, -7.7759351449999485, 0.0], [112.52647109400004, -7.775721077999947, 0.0], [112.52666268300004, -7.775443167999981, 0.0], [112.5267964190001, -7.775277603999939, 0.0], [112.52693710100004, -7.775042631999952, 0.0], [112.52704867700004, -7.774719242999936, 0.0], [112.52718501100003, -7.774608695999973, 0.0], [112.52746044900005, -7.7744904729999575, 0.0], [112.52810506000003, -7.774303929999974, 0.0], [112.5283227970001, -7.774297991999958, 0.0], [112.52853760500011, -7.774288611999964, 0.0], [112.52881799200009, -7.774212237999961, 0.0], [112.5291490510001, -7.774218223999981, 0.0], [112.52918812100006, -7.7742829139999685, 0.0], [112.52914079400011, -7.774462521999965, 0.0], [112.52953421500001, -7.774631570999929, 0.0], [112.53010777300005, -7.774862772999938, 0.0], [112.53024166400007, -7.774944998999956, 0.0], [112.53096329200002, -7.775178073999939, 0.0], [112.53123001300003, -7.77526421999994, 0.0], [112.53199144000007, -7.775435540999979, 0.0], [112.53203833100008, -7.775478331999977, 0.0], [112.53209044800008, -7.775441728999965, 0.0], [112.53214372700006, -7.775445058999935, 0.0], [112.5322389050001, -7.775497406999932, 0.0], [112.53229125300004, -7.775549755999975, 0.0], [112.53233408200003, -7.77566872899996, 0.0], [112.5323911910001, -7.7757781839999325, 0.0], [112.53255299400007, -7.7759114339999655, 0.0], [112.53272907300004, -7.775997093999933, 0.0], [112.53280607600004, -7.7759944389999305, 0.0], [112.53286708300004, -7.775992334999955, 0.0], [112.53295750200004, -7.775930468999945, 0.0], [112.53299946200002, -7.77582124099996, 0.0], [112.53305083700002, -7.775766027999964, 0.0], [112.53309551100006, -7.775759148999953, 0.0], [112.53312875000006, -7.775752587999932, 0.0], [112.53319147000002, -7.775775597999939, 0.0], [112.53329566600007, -7.775807012999962, 0.0], [112.53342392000002, -7.775804918999938, 0.0], [112.53348574300003, -7.77581149599996, 0.0], [112.53355492800006, -7.775858711999945, 0.0], [112.5336142320001, -7.7759542639999495, 0.0], [112.533684289, -7.776010847999942, 0.0], [112.5337537150001, -7.776035915999955, 0.0], [112.53383235600006, -7.776027316999944, 0.0], [112.53389854800002, -7.776020080999956, 0.0], [112.53403465300005, -7.775979393999933, 0.0], [112.53414022100003, -7.775942868999948, 0.0], [112.5342023610001, -7.775921367999956, 0.0], [112.53437503400005, -7.775909259999935, 0.0], [112.53454525500001, -7.77591726199995, 0.0], [112.53465527200001, -7.775924515999975, 0.0], [112.53474887400012, -7.775916750999954, 0.0], [112.53492769500008, -7.7759019159999525, 0.0], [112.53511469500006, -7.7759305349999295, 0.0], [112.53537095500008, -7.775948269999958, 0.0], [112.53545327500001, -7.776025488999949, 0.0], [112.53551304300004, -7.776135102999945, 0.0], [112.53562249800007, -7.776239798999939, 0.0], [112.5357034000001, -7.7762969059999705, 0.0], [112.53590803600002, -7.77629690699996, 0.0], [112.53599396400011, -7.77629690699996, 0.0], [112.53621260600005, -7.7762969059999705, 0.0], [112.53670634600007, -7.776405962999945, 0.0], [112.53750833100003, -7.776643331999935, 0.0], [112.53762112700008, -7.776632330999973, 0.0], [112.53764336400002, -7.776481043999979, 0.0], [112.53763340100011, -7.776355880999972, 0.0], [112.537630766, -7.776177933999975, 0.0], [112.53889663900009, -7.775711559999934, 0.0], [112.53952005800011, -7.775478372999942, 0.0], [112.53979906600011, -7.775404439999932, 0.0], [112.54114475400002, -7.775047848999975, 0.0], [112.54643548500007, -7.772292432999961, 0.0], [112.55037875900007, -7.771104062999939, 0.0], [112.55107651300011, -7.770893778999948, 0.0], [112.5529492600001, -7.7703293779999285, 0.0], [112.56144919500002, -7.76725947999995, 0.0], [112.56171162500004, -7.767164694999963, 0.0], [112.56421005900006, -7.766093936999937, 0.0], [112.56558323500008, -7.765270033999968, 0.0], [112.56563751800002, -7.765237464999927, 0.0], [112.56670849300008, -7.764594876999979, 0.0], [112.56690073400011, -7.764488076999953, 0.0], [112.56927831100006, -7.763167199999941, 0.0], [112.5722024700001, -7.76207064099998, 0.0], [112.57270473500012, -7.761882290999949, 0.0], [112.57429831900004, -7.761391961999948, 0.0], [112.57524242600005, -7.761101466999946, 0.0], [112.57581206400005, -7.760926190999953, 0.0], [112.57641669400005, -7.760740149999947, 0.0], [112.57782341300003, -7.7605352349999634, 0.0], [112.57912877400008, -7.760345081999958, 0.0], [112.58058083100002, -7.7601335569999605, 0.0], [112.58078871100008, -7.760055206999937, 0.0], [112.58137948000001, -7.759832545999927, 0.0], [112.58139057700009, -7.75982836299994, 0.0], [112.58186646900003, -7.759676077999927, 0.0], [112.58216556200011, -7.7596760789999735, 0.0], [112.58234236200008, -7.759676077999927, 0.0], [112.58243801900005, -7.75971055399998, 0.0], [112.58273927900007, -7.75981913399994, 0.0], [112.58223779700006, -7.759796000999927, 0.0], [112.58172863900006, -7.7597931959999755, 0.0], [112.58127279500002, -7.760194258999945, 0.0], [112.58122942900002, -7.760279156999957, 0.0], [112.58114017000003, -7.76045389899997, 0.0], [112.58099851400004, -7.761059430999978, 0.0], [112.58082145100002, -7.761326664999956, 0.0], [112.58036162300004, -7.761630383999943, 0.0], [112.57991793500003, -7.7619694309999545, 0.0], [112.57991389600011, -7.761974489999943, 0.0], [112.57972115400003, -7.762215883999943, 0.0], [112.57943626400004, -7.76264030699997, 0.0], [112.57923052900003, -7.763012289999949, 0.0], [112.57901626400007, -7.763239383999974, 0.0], [112.5786929200001, -7.763740211999959, 0.0], [112.57831890400007, -7.763925680999932, 0.0], [112.57741493500009, -7.76429877399994, 0.0], [112.57679860700011, -7.764614430999927, 0.0], [112.57612721700002, -7.765180930999975, 0.0], [112.57560462300012, -7.765516195999965, 0.0], [112.57507171700001, -7.766080414999976, 0.0], [112.57416532600007, -7.766710242999977, 0.0], [112.57371598200007, -7.766937476999942, 0.0], [112.57344757600004, -7.767237664999925, 0.0], [112.57320959200001, -7.767734055999938, 0.0], [112.572745295, -7.768526195999925, 0.0], [112.57201108700008, -7.7688557859999605, 0.0], [112.57055701400009, -7.769508523999946, 0.0], [112.56649223200009, -7.771791267999959, 0.0], [112.56584977400007, -7.772374343999957, 0.0], [112.56295278400012, -7.775003539999943, 0.0], [112.5627523070001, -7.775122231999944, 0.0], [112.56057668000005, -7.776410303999967, 0.0], [112.55697438800007, -7.778542988999959, 0.0], [112.55391083200004, -7.78035732799998, 0.0], [112.5532498660001, -7.780948193999961, 0.0], [112.55194777700001, -7.782112179999956, 0.0], [112.55138887100009, -7.783095083999967, 0.0], [112.5510852220001, -7.783629086999952, 0.0], [112.54828935600005, -7.786930588999951, 0.0], [112.54602886800001, -7.790053630999978, 0.0], [112.5459050930001, -7.7907825249999405, 0.0], [112.54576117800002, -7.791630023999971, 0.0], [112.54504734000011, -7.793771538999977, 0.0], [112.54491001000008, -7.794028479999952, 0.0], [112.54480155700003, -7.794231392999961, 0.0], [112.54412529900003, -7.795496647999926, 0.0], [112.5431140280001, -7.796835094999949, 0.0], [112.54180532400005, -7.797548932999973, 0.0], [112.5414269900001, -7.797558450999929, 0.0], [112.54077977700001, -7.797291951999966, 0.0], [112.53933306500005, -7.796644737999941, 0.0], [112.53882481200003, -7.796380141999975, 0.0], [112.53807290200007, -7.796227856999963, 0.0], [112.53784447400005, -7.7962088209999365, 0.0], [112.53761604500005, -7.7961612319999745, 0.0], [112.53714015300011, -7.796018463999928, 0.0], [112.53696883200007, -7.795980392999979, 0.0], [112.53682606400002, -7.795970874999966, 0.0], [112.53669281500004, -7.796008945999972, 0.0], [112.53654052900004, -7.796123159999979, 0.0], [112.53634065400001, -7.7964277309999375, 0.0], [112.535931387, -7.797208194999939, 0.0], [112.53574103000005, -7.797474693999959, 0.0], [112.53553163800007, -7.797626979999961, 0.0], [112.53509381700007, -7.797665050999967, 0.0], [112.53481779900005, -7.797684086999936, 0.0], [112.53440416800004, -7.797636648999969, 0.0], [112.53403914900002, -7.797594784999944, 0.0], [112.53368111000009, -7.7978667109999265, 0.0], [112.5335470760001, -7.79800168099996, 0.0], [112.53341349800007, -7.798361273999944, 0.0], [112.53334159200006, -7.798613555999964, 0.0], [112.53326473700008, -7.798964020999961, 0.0], [112.53324936000001, -7.799058400999968, 0.0], [112.5332004820001, -7.799358383999959, 0.0], [112.53312648200006, -7.799487476999957, 0.0], [112.53288898800008, -7.799766308999949, 0.0], [112.53288238900006, -7.799774055999933, 0.0], [112.53277192000007, -7.799893711999971, 0.0], [112.53246704500009, -7.800133508999977, 0.0], [112.53220004500008, -7.800218570999959, 0.0], [112.53208588900009, -7.800389601999939, 0.0], [112.53203523600007, -7.800833166999951, 0.0], [112.53192368600003, -7.801875204999931, 0.0], [112.53191408100008, -7.8019649359999335, 0.0], [112.53184607600008, -7.802371601999937, 0.0], [112.53175913900009, -7.802529586999981, 0.0], [112.53145412300012, -7.802931556999965, 0.0], [112.53133797500004, -7.803119077999952, 0.0], [112.53127699800007, -7.803217523999933, 0.0], [112.53112130000011, -7.8035049279999384, 0.0], [112.53114624800003, -7.803768012999967, 0.0], [112.53128523300006, -7.80405460999998, 0.0], [112.53144177600007, -7.804221517999963, 0.0], [112.53142617900005, -7.804879511999957, 0.0], [112.53137594400005, -7.805435258999978, 0.0], [112.53145517000007, -7.806078899999932, 0.0], [112.53155946100003, -7.806263273999946, 0.0], [112.53166892700006, -7.806456796999953, 0.0], [112.53187104500012, -7.806814117999977, 0.0], [112.53192815300008, -7.8069074209999485, 0.0], [112.53233667600011, -7.807574866999971, 0.0], [112.53231235300007, -7.807851558999971, 0.0], [112.53223370500007, -7.808746200999963, 0.0], [112.53223370500007, -7.809067427999935, 0.0], [112.53223472900004, -7.809116546999974, 0.0], [112.53224412300005, -7.809567180999977, 0.0], [112.53232765100006, -7.809729614999981, 0.0], [112.53256659600004, -7.810194281999941, 0.0], [112.53251956700001, -7.810571612999979, 0.0], [112.53238598100006, -7.811643403999938, 0.0], [112.53234078000003, -7.812006062999956, 0.0], [112.53219210700001, -7.8121010409999485, 0.0], [112.53207413900009, -7.812184430999935, 0.0], [112.53205665600001, -7.812406924999948, 0.0], [112.53207007600008, -7.812709945999927, 0.0], [112.5320226230001, -7.81279563399994, 0.0], [112.53187843500007, -7.812903555999981, 0.0], [112.5316539800001, -7.813047458999961, 0.0], [112.53155531700008, -7.813110713999947, 0.0], [112.53125365400001, -7.813304117999962, 0.0], [112.53129170300008, -7.81339389599998, 0.0], [112.531306545, -7.8134289149999745, 0.0], [112.53136343000006, -7.813750433999928, 0.0], [112.53134573800003, -7.813833038999974, 0.0], [112.53119338900001, -7.814078805999941, 0.0], [112.53114418700011, -7.814388215999941, 0.0], [112.53108830000008, -7.814904418999959, 0.0], [112.5310633900001, -7.81513450999995, 0.0], [112.53107858600004, -7.815344555999957, 0.0], [112.53109684500009, -7.815596944999982, 0.0], [112.5313219200001, -7.816021508999938, 0.0], [112.53154382600007, -7.816201587999956, 0.0], [112.53148363900004, -7.816507586999933, 0.0], [112.53134143900002, -7.81685558099997, 0.0], [112.53122376400006, -7.817160305999948, 0.0], [112.53129382600002, -7.817282648999935, 0.0], [112.53161392200002, -7.817411617999937, 0.0], [112.53162726400001, -7.817416992999938, 0.0], [112.5316699440001, -7.81765807499994, 0.0], [112.5316707390001, -7.817687058999979, 0.0], [112.53167920100009, -7.817995445999941, 0.0], [112.53176762300006, -7.8186099319999585, 0.0], [112.53190331000008, -7.818875195999965, 0.0], [112.53196109700002, -7.819295698999952, 0.0], [112.53199765400007, -7.819561711999938, 0.0], [112.53222651400006, -7.819701261999967, 0.0], [112.53253246700001, -7.819802273999926, 0.0], [112.5326774670001, -7.82011433699995, 0.0], [112.53321515400012, -7.820146539999939, 0.0], [112.5332542640001, -7.820229321999932, 0.0], [112.53329821700004, -7.820322352999938, 0.0], [112.5332707980001, -7.8204773029999615, 0.0], [112.53323163900006, -7.820698602999926, 0.0], [112.53333481600009, -7.821947222999938, 0.0], [112.53336383800001, -7.822298433999947, 0.0], [112.533400529, -7.822742461999951, 0.0], [112.53313790000004, -7.823356091999926, 0.0], [112.53297133800004, -7.823605934999932, 0.0], [112.53278445100011, -7.823914070999933, 0.0], [112.53255704500009, -7.824095603999979, 0.0], [112.53254930500009, -7.8242183439999735, 0.0], [112.53254571900004, -7.824275215999933, 0.0], [112.53253399800008, -7.824461117999931, 0.0], [112.53236396700004, -7.824490430999958, 0.0], [112.53215956000008, -7.824544805999949, 0.0], [112.53212355800008, -7.82461269199996, 0.0], [112.53207513200005, -7.824704002999965, 0.0], [112.53197177900006, -7.824898883999936, 0.0], [112.53196996000008, -7.824953213999947, 0.0], [112.53196701900004, -7.825041122999949, 0.0], [112.53195702700009, -7.825339758999974, 0.0], [112.53197808900006, -7.825918848999947, 0.0], [112.53198052900007, -7.826353883999957, 0.0], [112.53191571700006, -7.826778398999977, 0.0], [112.5314744740001, -7.827290329999926, 0.0], [112.53109380600006, -7.827336923999951, 0.0], [112.53056050600003, -7.827122980999945, 0.0], [112.5304823130001, -7.8273478309999405, 0.0], [112.53055950400005, -7.827466583999978, 0.0], [112.5305780860001, -7.827628009999955, 0.0], [112.53076864500008, -7.827580663999981, 0.0], [112.53088761000004, -7.827637651999964, 0.0], [112.53060483500008, -7.82805497399994, 0.0], [112.53038594600002, -7.828228027999955, 0.0], [112.5301818050001, -7.828497924999965, 0.0], [112.53004076600007, -7.828702919999955, 0.0], [112.52985921900006, -7.828918902999931, 0.0], [112.52948457500008, -7.828931768999951, 0.0], [112.52952748000007, -7.828629732999957, 0.0], [112.52962628900002, -7.828093453999941, 0.0], [112.52966773900005, -7.827540005999936, 0.0], [112.52953270900002, -7.827383304999955, 0.0], [112.52905677000001, -7.827133817999936, 0.0], [112.52853500800006, -7.8268181049999725, 0.0], [112.52828833300009, -7.826481666999939, 0.0], [112.52808963900009, -7.826398039999958, 0.0], [112.52752403200009, -7.825900652999962, 0.0], [112.5274746130001, -7.82550606999996, 0.0], [112.5273394410001, -7.824621331999936, 0.0], [112.52736000000004, -7.823983333999934, 0.0], [112.52732833300001, -7.8239266669999665, 0.0], [112.5273366670001, -7.823879999999974, 0.0], [112.52652015800004, -7.824164098999972, 0.0], [112.52637290000007, -7.824302870999929, 0.0], [112.5263048270001, -7.824385657999926, 0.0], [112.52621273700004, -7.824732234999942, 0.0], [112.5259899350001, -7.824819170999945, 0.0], [112.52553705600008, -7.8249715369999535, 0.0], [112.52503384700003, -7.825138438999943, 0.0], [112.52476819900005, -7.825318836999941, 0.0], [112.52453783400006, -7.82530531499998, 0.0], [112.52424333300007, -7.825853332999941, 0.0], [112.52383806600005, -7.826239197999939, 0.0], [112.52357781600006, -7.825924326999939, 0.0], [112.52278512400005, -7.8258836229999815, 0.0], [112.5226323920001, -7.826009469999974, 0.0], [112.52251864100003, -7.82607760999997, 0.0], [112.52247067600001, -7.8260825689999365, 0.0], [112.52230829400003, -7.825819253999953, 0.0], [112.52239717500004, -7.8255198689999474, 0.0], [112.52257621800004, -7.8252739909999605, 0.0], [112.52263645000005, -7.825087207999957, 0.0], [112.52265925300003, -7.825016496999979, 0.0], [112.52274168000008, -7.824591527999928, 0.0], [112.52289666700005, -7.824064999999962, 0.0], [112.52299667300008, -7.823789117999979, 0.0], [112.52289314400002, -7.823467698999934, 0.0], [112.52260984100008, -7.8230799389999675, 0.0], [112.52209866900012, -7.822704962999978, 0.0], [112.52157748200011, -7.822187430999975, 0.0], [112.52110342000003, -7.822037586999954, 0.0], [112.52050827700009, -7.822033429999976, 0.0], [112.52046158100006, -7.822033102999967, 0.0], [112.5204173950001, -7.822030305999931, 0.0], [112.51943187200004, -7.821967895999933, 0.0], [112.51769102500009, -7.821666513999958, 0.0], [112.51685905200009, -7.821505162999927, 0.0], [112.51644624800008, -7.821425102999967, 0.0], [112.51478080700008, -7.821431823999944, 0.0], [112.51327596500005, -7.821790060999945, 0.0], [112.51322982300007, -7.821803878999958, 0.0], [112.51307146200008, -7.821851303999949, 0.0], [112.51184375900004, -7.82221895899994, 0.0], [112.51062769700002, -7.822583128999952, 0.0], [112.51018953100004, -7.822714345999941, 0.0], [112.50941985700001, -7.822944836999966, 0.0], [112.5089607320001, -7.823047398999961, 0.0], [112.5084538100001, -7.823046462999969, 0.0], [112.50815377800006, -7.82324596199993, 0.0], [112.50770680900007, -7.823609497999939, 0.0], [112.50753388200008, -7.823786132999942, 0.0], [112.50655145400003, -7.824789621999969, 0.0], [112.50611902100002, -7.825358344999927, 0.0], [112.50572615300007, -7.825875032999932, 0.0], [112.50514066100004, -7.826658035999969, 0.0], [112.5050488060001, -7.826780876999976, 0.0], [112.50490746500009, -7.826969898999948, 0.0], [112.50432673400007, -7.827540293999959, 0.0], [112.5032951170001, -7.828553543999931, 0.0], [112.50313379500005, -7.828703367999935, 0.0], [112.50262365200001, -7.829961837999974, 0.0], [112.50226977900002, -7.8308348059999275, 0.0], [112.50227104800001, -7.830905930999961, 0.0], [112.50227510900004, -7.831133719999968, 0.0], [112.50208294200002, -7.8321478319999756, 0.0], [112.50192059800008, -7.833004554999945, 0.0], [112.50182885000004, -7.833204334999948, 0.0], [112.50169162500003, -7.833503140999937, 0.0], [112.501239123, -7.8338368369999785, 0.0], [112.5007879310001, -7.834122943999944, 0.0], [112.50043107600004, -7.834347993999927, 0.0], [112.49999900000012, -7.834220346999928, 0.0], [112.49978156300006, -7.834259494999969, 0.0], [112.49972878000005, -7.83426899899996, 0.0], [112.49932566000007, -7.8343865119999805, 0.0], [112.49874554400003, -7.834705914999972, 0.0], [112.49816600000008, -7.835025000999963, 0.0], [112.4978344540001, -7.835282147999976, 0.0], [112.49751660600009, -7.835528666999949, 0.0], [112.49724217700009, -7.835793226999954, 0.0], [112.4970909110001, -7.835939052999947, 0.0], [112.49694058700004, -7.836080004999928, 0.0], [112.49663393500009, -7.836367536999944, 0.0], [112.49656831000004, -7.8363338109999745, 0.0], [112.4965114800001, -7.836308868999936, 0.0], [112.496448439, -7.8362811999999735, 0.0], [112.49640895400012, -7.836263869999925, 0.0], [112.49638318200005, -7.836252558999945, 0.0], [112.49631577800005, -7.83610729399993, 0.0], [112.49626725600001, -7.836002721999932, 0.0], [112.4961553920001, -7.835761638999941, 0.0], [112.49603129100001, -7.835516259999963, 0.0], [112.49598961800007, -7.8353628049999315, 0.0], [112.49595859100009, -7.834127851999938, 0.0], [112.49595698100006, -7.833676811999965, 0.0], [112.49599699400005, -7.8334729949999655, 0.0], [112.49601477500005, -7.833382419999964, 0.0], [112.49595523100004, -7.833186716999933, 0.0], [112.4955994070001, -7.832834845999969, 0.0], [112.49548092500004, -7.83271773599995, 0.0], [112.49538232500004, -7.832619902999966, 0.0], [112.49528321900004, -7.832463576999942, 0.0], [112.49527154700002, -7.83243766399994, 0.0], [112.49520385500011, -7.832287381999947, 0.0], [112.49518998000008, -7.832139268999981, 0.0], [112.49518364500011, -7.832071649999932, 0.0], [112.4951924510001, -7.832008592999955, 0.0], [112.49520282800006, -7.831934290999925, 0.0], [112.49520886000005, -7.831891096999925, 0.0], [112.49522199600005, -7.8317970349999655, 0.0], [112.49522182900012, -7.831795664999959, 0.0], [112.49520697500009, -7.831673516999956, 0.0], [112.49518147700007, -7.831463844999973, 0.0], [112.49514123400002, -7.831228745999965, 0.0], [112.4950698240001, -7.831134543999951, 0.0], [112.49503777600012, -7.8310922679999635, 0.0], [112.49501808700006, -7.831066294999971, 0.0], [112.49495423700012, -7.830982065999933, 0.0], [112.49490399000001, -7.830915780999931, 0.0], [112.49456784300003, -7.83052478299993, 0.0], [112.49402937200011, -7.829694665999966, 0.0], [112.49395341500008, -7.829445679999935, 0.0], [112.49395240500007, -7.829162230999941, 0.0], [112.49395218200004, -7.829099706999955, 0.0], [112.49395217100005, -7.829096708999941, 0.0], [112.49382564500002, -7.82867323399995, 0.0], [112.49367478300007, -7.828449465999938, 0.0], [112.49357411900007, -7.828275334999944, 0.0], [112.49358108600006, -7.828172850999977, 0.0], [112.49359784900003, -7.827926274999982, 0.0], [112.49364645000003, -7.827527131999943, 0.0], [112.49372045400003, -7.82722789099995, 0.0], [112.49396922800008, -7.826853081999957, 0.0], [112.49489719400003, -7.825158238999961, 0.0], [112.49506333200009, -7.824854803999926, 0.0], [112.49561132500003, -7.8242046359999335, 0.0], [112.49591075700005, -7.823904594999931, 0.0], [112.49615926000001, -7.823454928999979, 0.0], [112.49648256500006, -7.822930319999955, 0.0], [112.49670690900007, -7.822730084999932, 0.0], [112.49715649000007, -7.822454282999956, 0.0], [112.49731148800004, -7.8223457159999725, 0.0], [112.4982297460001, -7.821702528999936, 0.0], [112.49892880200002, -7.821251261999976, 0.0], [112.49903791000008, -7.820691159999967, 0.0], [112.49912407800002, -7.8198002449999535, 0.0], [112.4992100070001, -7.8188423399999465, 0.0], [112.49944023, -7.81698083699996, 0.0], [112.49952733000009, -7.816539427999942, 0.0], [112.4996128570001, -7.815657285999976, 0.0], [112.49955783500002, -7.8151988419999725, 0.0], [112.49939656600009, -7.81463490699997, 0.0], [112.49930205100009, -7.814108021999971, 0.0], [112.49927008300006, -7.813929812999959, 0.0], [112.49873043700006, -7.812555085999975, 0.0], [112.4987293590001, -7.812252764999926, 0.0], [112.49870196100005, -7.811698570999965, 0.0], [112.49864977200002, -7.811194821999948, 0.0], [112.49844537100012, -7.810590807999972, 0.0], [112.49823935600011, -7.809659341999975, 0.0], [112.49777955400009, -7.808300420999956, 0.0], [112.49762377000002, -7.807217523999952, 0.0], [112.49754444200005, -7.806209845999945, 0.0], [112.49754148200009, -7.805378373999929, 0.0], [112.49774013600006, -7.80436980199994, 0.0], [112.49801496000009, -7.803461764999952, 0.0], [112.49818276000008, -7.802229360999945, 0.0], [112.49818139700005, -7.801846668999929, 0.0], [112.49833560000002, -7.800743325999974, 0.0], [112.4983541040001, -7.7996404639999355, 0.0], [112.49823736400003, -7.798560591999944, 0.0], [112.49798602700002, -7.797706130999927, 0.0], [112.49793951400011, -7.797346199999936, 0.0], [112.49775519500008, -7.796288987999958, 0.0], [112.49752735800007, -7.7958397419999415, 0.0], [112.49743678700008, -7.7957049929999584, 0.0], [112.49723254800006, -7.795458177999933, 0.0], [112.49707362700008, -7.795256134999931, 0.0], [112.4968469590001, -7.795009489999927, 0.0], [112.49673342500012, -7.794829706999963, 0.0], [112.496551382, -7.794537789999936, 0.0], [112.49639229600007, -7.7942682129999525, 0.0], [112.49621078200005, -7.793998895999948, 0.0], [112.4961423210001, -7.793773930999976, 0.0], [112.49605026300003, -7.79334662499997, 0.0], [112.49604265500011, -7.793263942999943, 0.0], [112.49597988500011, -7.792581749999954, 0.0], [112.49556155900007, -7.791818464999949, 0.0], [112.49553819300002, -7.79165988099993, 0.0], [112.49542374900011, -7.791433721999965, 0.0], [112.4951718420001, -7.791026417999944, 0.0], [112.49485158200002, -7.790529127999946, 0.0], [112.49462277300006, -7.790099139999938, 0.0], [112.49427635500001, -7.789266450999946, 0.0], [112.49425554200002, -7.789216422999971, 0.0], [112.49409541200009, -7.788967551999974, 0.0], [112.49395824700002, -7.788764073999971, 0.0], [112.49352371200007, -7.788108246999968, 0.0], [112.49334094200003, -7.787904929999968, 0.0], [112.49304437100011, -7.787656718999926, 0.0], [112.49279287200011, -7.787362873999939, 0.0], [112.49231329100007, -7.786843268999974, 0.0], [112.4917878660001, -7.78625565599998, 0.0], [112.49137662100009, -7.785735717999955, 0.0], [112.49153410200006, -7.785236470999962, 0.0], [112.4915541800001, -7.784465849999947, 0.0], [112.49156120500004, -7.784221990999981, 0.0], [112.49160239100001, -7.7827924029999735, 0.0], [112.49172197200005, -7.782083270999976, 0.0], [112.49173814900007, -7.7809494029999655, 0.0], [112.4918591930001, -7.780319677999955, 0.0], [112.49189782200006, -7.780118712999979, 0.0], [112.49189445700006, -7.779166995999958, 0.0], [112.4917693970001, -7.7781353339999555, 0.0], [112.491654444, -7.77744592199997, 0.0], [112.4916200890001, -7.776884696999957, 0.0], [112.49152179600003, -7.776339698999948, 0.0], [112.49135883400004, -7.7757947469999635, 0.0], [112.49114701200006, -7.775089943999944, 0.0], [112.49030817200003, -7.773433804999968, 0.0], [112.49016668400009, -7.77242642799996, 0.0], [112.48983613900009, -7.770044781999957, 0.0], [112.48978282100006, -7.769671836999976, 0.0], [112.48960043800002, -7.768396105999955, 0.0], [112.48959607900008, -7.7671588809999434, 0.0], [112.48945983600004, -7.765538147999962, 0.0], [112.49041043500006, -7.7640598969999814, 0.0], [112.49096707100011, -7.763755709999941, 0.0], [112.49140282000008, -7.7635366589999535, 0.0], [112.49194917800003, -7.7633074549999606, 0.0], [112.49283525700002, -7.763167195999927, 0.0], [112.4934607880001, -7.762875601999951, 0.0], [112.49394877400005, -7.762630326999954, 0.0], [112.49467955800003, -7.761850699999968, 0.0], [112.49606581400008, -7.759206265999978, 0.0], [112.49658828300005, -7.758339982999928, 0.0], [112.4972643430001, -7.757219034999935, 0.0], [112.49805869200009, -7.755984336999973, 0.0], [112.49843317300008, -7.755292028999975, 0.0], [112.49882410200007, -7.755065354999942, 0.0], [112.49909539500004, -7.755064398999934, 0.0], [112.49974398500001, -7.755167168999947, 0.0]]]], "type": "MultiPolygon"}}, {"type": "Feature", "properties": {"village_name": "Sumberbrantas", "district_name": "Bumiaji", "kecamatan": "Bumiaji", "kabupaten": "Kota Batu", "provinsi": "Jawa Timur", "kode_desa": "35.79.02.2009", "last_updated": "2026-09-01T08:57:00.626128+00:00", "hourly_temp_today": [11.5, 11.5, 10.9, 10.7, 10.6, 10.3, 11.0, 14.8, 16.5, 19.0, 20.6, 21.3, 20.6, 19.8, 20.0, 19.3, 18.2, 16.4, 14.2, 12.7, 12.1, 11.6, 11.3, 11.2], "suhu_current": 19.3, "suhu_siang_1200": 20.6, "suhu_malam_2400": 11.5}, "geometry": {"coordinates": [[[[112.57484174100011, -7.732585893999953, 0.0], [112.57489141400004, -7.732679169999926, 0.0], [112.57489898600011, -7.732693387999973, 0.0], [112.57497254600003, -7.732755758999929, 0.0], [112.57498402200008, -7.7327654889999735, 0.0], [112.57521470000006, -7.732945628999971, 0.0], [112.57530035600007, -7.733099054999968, 0.0], [112.57540967700004, -7.733294866999927, 0.0], [112.57551966300002, -7.733584028999928, 0.0], [112.57565377900005, -7.733849052999972, 0.0], [112.57566721700005, -7.734186847999979, 0.0], [112.5757053960001, -7.734705541999972, 0.0], [112.57577939800001, -7.735067249999929, 0.0], [112.57590206200007, -7.735489169999937, 0.0], [112.57604996900011, -7.735723585999949, 0.0], [112.57617155900004, -7.735855851999929, 0.0], [112.57637806500009, -7.736048193999977, 0.0], [112.5767542110001, -7.7362880949999635, 0.0], [112.57692420900003, -7.736432294999929, 0.0], [112.57713080600001, -7.736648774999935, 0.0], [112.577409837, -7.736804595999956, 0.0], [112.5777008870001, -7.736936233999927, 0.0], [112.57781033800006, -7.737080657999968, 0.0], [112.57794481500002, -7.7374421419999635, 0.0], [112.57797006700002, -7.737719591999962, 0.0], [112.57798506300003, -7.737849657999959, 0.0], [112.57800760700002, -7.738045181999951, 0.0], [112.57814226500011, -7.738454941999976, 0.0], [112.57830751400002, -7.739070693999963, 0.0], [112.57840333100012, -7.739427727999953, 0.0], [112.57852583500005, -7.739825507999967, 0.0], [112.57861208500003, -7.740223331999971, 0.0], [112.57866223000008, -7.740681679999966, 0.0], [112.57872409600009, -7.741055546999974, 0.0], [112.57884784400005, -7.74176702799997, 0.0], [112.57898362800006, -7.742478462999941, 0.0], [112.5790039100001, -7.74296600699995, 0.0], [112.579010229, -7.7431178889999615, 0.0], [112.57903530200008, -7.743347062999931, 0.0], [112.5790484150001, -7.743636581999965, 0.0], [112.57914610300008, -7.743853462999937, 0.0], [112.57925196100007, -7.744213043999935, 0.0], [112.57928094500005, -7.744311496999956, 0.0], [112.57929019900007, -7.744358287999944, 0.0], [112.57941877000007, -7.745008368999947, 0.0], [112.57952894300001, -7.745345803999953, 0.0], [112.57978479400003, -7.745779250999931, 0.0], [112.58001642700003, -7.74621278799998, 0.0], [112.58027259500011, -7.746730760999981, 0.0], [112.58055304400011, -7.747284715999967, 0.0], [112.58084617300005, -7.747971428999961, 0.0], [112.5810898740001, -7.7483928959999275, 0.0], [112.58124821900003, -7.748657735999927, 0.0], [112.58137055000009, -7.74900723899998, 0.0], [112.58134705100008, -7.749200430999963, 0.0], [112.58120284100005, -7.749478508999971, 0.0], [112.58117080400007, -7.749787540999932, 0.0], [112.58119583400003, -7.750004600999944, 0.0], [112.58130587500011, -7.750305872999945, 0.0], [112.58158523200007, -7.750546125999961, 0.0], [112.58176874500009, -7.751064367999959, 0.0], [112.58182454500002, -7.7511654469999485, 0.0], [112.58183091900003, -7.751176991999955, 0.0], [112.58198813900003, -7.751461785999936, 0.0], [112.5827518100001, -7.75173639999997, 0.0], [112.58313994900004, -7.751940084999944, 0.0], [112.58341894700004, -7.752083875999972, 0.0], [112.58408515300005, -7.752202087999933, 0.0], [112.5846671600001, -7.752453325999966, 0.0], [112.58523758400008, -7.7528252059999545, 0.0], [112.58581936600001, -7.753016143999957, 0.0], [112.58609791300012, -7.753039243999979, 0.0], [112.58644845900005, -7.75290522399996, 0.0], [112.58678734600005, -7.752891846999944, 0.0], [112.58706634600003, -7.7530356349999465, 0.0], [112.5873579690001, -7.7533362279999665, 0.0], [112.58756457900006, -7.753552608999939, 0.0], [112.5876137890001, -7.753757552999957, 0.0], [112.58750573200007, -7.753987221999978, 0.0], [112.58748607400003, -7.754406681999967, 0.0], [112.58747486900006, -7.754648012999951, 0.0], [112.58733079900003, -7.754962344999967, 0.0], [112.58722379700009, -7.755493598999976, 0.0], [112.58727314300006, -7.755734794999967, 0.0], [112.58725118500001, -7.756338236999966, 0.0], [112.58730084700005, -7.75666377899995, 0.0], [112.58738674900007, -7.756965137999941, 0.0], [112.58738770000002, -7.75721853899995, 0.0], [112.58736438500011, -7.757460005999974, 0.0], [112.58746273000008, -7.757869893999953, 0.0], [112.58758532600007, -7.758267577999959, 0.0], [112.5875985670001, -7.7585692089999725, 0.0], [112.58763909400011, -7.75877395699996, 0.0], [112.5869314140001, -7.758898691999946, 0.0], [112.58273927900007, -7.75981913399994, 0.0], [112.58243801900005, -7.75971055399998, 0.0], [112.58234236200008, -7.759676077999927, 0.0], [112.58216556200011, -7.7596760789999735, 0.0], [112.58186646900003, -7.759676077999927, 0.0], [112.58139057700009, -7.75982836299994, 0.0], [112.58137948000001, -7.759832545999927, 0.0], [112.58078871100008, -7.760055206999937, 0.0], [112.58058083100002, -7.7601335569999605, 0.0], [112.57912877400008, -7.760345081999958, 0.0], [112.57782341300003, -7.7605352349999634, 0.0], [112.57641669400005, -7.760740149999947, 0.0], [112.57581206400005, -7.760926190999953, 0.0], [112.57524242600005, -7.761101466999946, 0.0], [112.57429831900004, -7.761391961999948, 0.0], [112.57270473500012, -7.761882290999949, 0.0], [112.5722024700001, -7.76207064099998, 0.0], [112.56927831100006, -7.763167199999941, 0.0], [112.56690073400011, -7.764488076999953, 0.0], [112.56670849300008, -7.764594876999979, 0.0], [112.56563751800002, -7.765237464999927, 0.0], [112.56558323500008, -7.765270033999968, 0.0], [112.56421005900006, -7.766093936999937, 0.0], [112.56171162500004, -7.767164694999963, 0.0], [112.56144919500002, -7.76725947999995, 0.0], [112.5529492600001, -7.7703293779999285, 0.0], [112.55107651300011, -7.770893778999948, 0.0], [112.55037875900007, -7.771104062999939, 0.0], [112.54643548500007, -7.772292432999961, 0.0], [112.54114475400002, -7.775047848999975, 0.0], [112.53979906600011, -7.775404439999932, 0.0], [112.53952005800011, -7.775478372999942, 0.0], [112.53889663900009, -7.775711559999934, 0.0], [112.537630766, -7.776177933999975, 0.0], [112.53763340100011, -7.776355880999972, 0.0], [112.53764336400002, -7.776481043999979, 0.0], [112.53762112700008, -7.776632330999973, 0.0], [112.53750833100003, -7.776643331999935, 0.0], [112.53670634600007, -7.776405962999945, 0.0], [112.53621260600005, -7.7762969059999705, 0.0], [112.53599396400011, -7.77629690699996, 0.0], [112.53590803600002, -7.77629690699996, 0.0], [112.5357034000001, -7.7762969059999705, 0.0], [112.53562249800007, -7.776239798999939, 0.0], [112.53551304300004, -7.776135102999945, 0.0], [112.53545327500001, -7.776025488999949, 0.0], [112.53537095500008, -7.775948269999958, 0.0], [112.53511469500006, -7.7759305349999295, 0.0], [112.53492769500008, -7.7759019159999525, 0.0], [112.53474887400012, -7.775916750999954, 0.0], [112.53465527200001, -7.775924515999975, 0.0], [112.53454525500001, -7.77591726199995, 0.0], [112.53437503400005, -7.775909259999935, 0.0], [112.5342023610001, -7.775921367999956, 0.0], [112.53414022100003, -7.775942868999948, 0.0], [112.53403465300005, -7.775979393999933, 0.0], [112.53389854800002, -7.776020080999956, 0.0], [112.53383235600006, -7.776027316999944, 0.0], [112.5337537150001, -7.776035915999955, 0.0], [112.533684289, -7.776010847999942, 0.0], [112.5336142320001, -7.7759542639999495, 0.0], [112.53355492800006, -7.775858711999945, 0.0], [112.53348574300003, -7.77581149599996, 0.0], [112.53342392000002, -7.775804918999938, 0.0], [112.53329566600007, -7.775807012999962, 0.0], [112.53319147000002, -7.775775597999939, 0.0], [112.53312875000006, -7.775752587999932, 0.0], [112.53309551100006, -7.775759148999953, 0.0], [112.53305083700002, -7.775766027999964, 0.0], [112.53299946200002, -7.77582124099996, 0.0], [112.53295750200004, -7.775930468999945, 0.0], [112.53286708300004, -7.775992334999955, 0.0], [112.53280607600004, -7.7759944389999305, 0.0], [112.53272907300004, -7.775997093999933, 0.0], [112.53255299400007, -7.7759114339999655, 0.0], [112.5323911910001, -7.7757781839999325, 0.0], [112.53233408200003, -7.77566872899996, 0.0], [112.53229125300004, -7.775549755999975, 0.0], [112.5322389050001, -7.775497406999932, 0.0], [112.53214372700006, -7.775445058999935, 0.0], [112.53209044800008, -7.775441728999965, 0.0], [112.53203833100008, -7.775478331999977, 0.0], [112.53199144000007, -7.775435540999979, 0.0], [112.53123001300003, -7.77526421999994, 0.0], [112.53096329200002, -7.775178073999939, 0.0], [112.53024166400007, -7.774944998999956, 0.0], [112.53010777300005, -7.774862772999938, 0.0], [112.52953421500001, -7.774631570999929, 0.0], [112.52914079400011, -7.774462521999965, 0.0], [112.52918812100006, -7.7742829139999685, 0.0], [112.5291490510001, -7.774218223999981, 0.0], [112.52881799200009, -7.774212237999961, 0.0], [112.52853760500011, -7.774288611999964, 0.0], [112.5283227970001, -7.774297991999958, 0.0], [112.52810506000003, -7.774303929999974, 0.0], [112.52746044900005, -7.7744904729999575, 0.0], [112.52718501100003, -7.774608695999973, 0.0], [112.52704867700004, -7.774719242999936, 0.0], [112.52693710100004, -7.775042631999952, 0.0], [112.5267964190001, -7.775277603999939, 0.0], [112.52666268300004, -7.775443167999981, 0.0], [112.52647109400004, -7.775721077999947, 0.0], [112.52624226600005, -7.7759351449999485, 0.0], [112.5257739110001, -7.7757044209999435, 0.0], [112.52500023800008, -7.77524148699996, 0.0], [112.5243224400001, -7.774835917999951, 0.0], [112.52385646800008, -7.774335432999976, 0.0], [112.52361161600004, -7.774072442999966, 0.0], [112.5231747570001, -7.773603221999963, 0.0], [112.52303753100011, -7.773455830999978, 0.0], [112.52199056800009, -7.772884759999954, 0.0], [112.51937316100009, -7.7722660999999675, 0.0], [112.51866810400008, -7.772045241999933, 0.0], [112.51766839300001, -7.771732079999936, 0.0], [112.51502826600006, -7.770905048999964, 0.0], [112.51452857900006, -7.770762280999975, 0.0], [112.51060246800012, -7.769370295999977, 0.0], [112.50829854000006, -7.76730471299993, 0.0], [112.50749727100003, -7.76658632699997, 0.0], [112.50667635700006, -7.7651586499999325, 0.0], [112.50613360400007, -7.76329293699996, 0.0], [112.50610528700008, -7.7631955949999565, 0.0], [112.50514160500006, -7.761839301999942, 0.0], [112.50332131700009, -7.759876246999966, 0.0], [112.49999574600008, -7.755145410999944, 0.0], [112.50046704700003, -7.755104679999931, 0.0], [112.5007836850001, -7.75507345699998, 0.0], [112.50111526400008, -7.755102393999948, 0.0], [112.50176302300008, -7.755054994999966, 0.0], [112.5023653080001, -7.7549176189999685, 0.0], [112.50319242, -7.754388885999958, 0.0], [112.50376413900005, -7.75408644099997, 0.0], [112.5042610370001, -7.753934516999948, 0.0], [112.50478833800003, -7.753902637999943, 0.0], [112.50513541100008, -7.754021472999966, 0.0], [112.50554711000007, -7.754131467999969, 0.0], [112.50563302100011, -7.754154420999953, 0.0], [112.50596073700001, -7.75419041899994, 0.0], [112.50637224000002, -7.754095751999955, 0.0], [112.5064982990001, -7.754028654999956, 0.0], [112.50716615600004, -7.753673178999975, 0.0], [112.50775519500007, -7.753512516999933, 0.0], [112.50851167200005, -7.7531366339999295, 0.0], [112.50910077700007, -7.752994684999976, 0.0], [112.50944649100006, -7.75281616999996, 0.0], [112.50999914300007, -7.752326188999973, 0.0], [112.51057589800007, -7.7518661379999685, 0.0], [112.51160016400001, -7.7515576479999595, 0.0], [112.51165997800001, -7.751556668999967, 0.0], [112.51236906800011, -7.7515450629999805, 0.0], [112.51257512400002, -7.75125918599997, 0.0], [112.51262319200009, -7.750873258999945, 0.0], [112.51268050100009, -7.750413137999942, 0.0], [112.51272734600002, -7.749714753999967, 0.0], [112.51271488100008, -7.748987106999948, 0.0], [112.5127222210001, -7.748279098999944, 0.0], [112.51288160100012, -7.747210998999947, 0.0], [112.51292459600006, -7.746166547999962, 0.0], [112.51292302200011, -7.745725635999975, 0.0], [112.51336110600005, -7.744494083999939, 0.0], [112.51382338000008, -7.743610606999937, 0.0], [112.5136822390001, -7.743170099999929, 0.0], [112.51370414600001, -7.742752247999931, 0.0], [112.51398145600001, -7.742240731999971, 0.0], [112.51439862300003, -7.741705482999976, 0.0], [112.51478119700005, -7.741538036999941, 0.0], [112.51493340700006, -7.741471416999957, 0.0], [112.514981207, -7.741449860999978, 0.0], [112.51560750800002, -7.741167420999943, 0.0], [112.51665470300009, -7.74107093899994, 0.0], [112.51777276400003, -7.741182862999949, 0.0], [112.51900641000009, -7.741131999999936, 0.0], [112.5202167000001, -7.740988548999951, 0.0], [112.521216804, -7.740706527999976, 0.0], [112.52203096100004, -7.740541159999964, 0.0], [112.52312294600006, -7.739887322999948, 0.0], [112.52391324400003, -7.73949005299994, 0.0], [112.52401294300012, -7.73940046499996, 0.0], [112.52421818900007, -7.73943372399998, 0.0], [112.5244006690001, -7.73945585499996, 0.0], [112.52449224100008, -7.739580288999946, 0.0], [112.52459489900002, -7.739648179999961, 0.0], [112.52484535600001, -7.739635802999942, 0.0], [112.52503865500012, -7.739464874999953, 0.0], [112.5252196990001, -7.739191648999963, 0.0], [112.52532020600006, -7.738578148999977, 0.0], [112.5254881520001, -7.737759905999951, 0.0], [112.52585126700001, -7.737395259999971, 0.0], [112.52648765600009, -7.736961379999968, 0.0], [112.52682845300001, -7.736710364999965, 0.0], [112.52720331600005, -7.736391061999939, 0.0], [112.52739592300009, -7.7360496279999325, 0.0], [112.52745294300007, -7.7359311079999316, 0.0], [112.52756554100006, -7.735697065999943, 0.0], [112.52772983300008, -7.735235400999954, 0.0], [112.52790669400008, -7.7350676049999265, 0.0], [112.52838946100007, -7.7349872219999725, 0.0], [112.52870666800004, -7.734975791999943, 0.0], [112.52871237300008, -7.734975585999962, 0.0], [112.52901073100008, -7.7349648359999605, 0.0], [112.52957850300004, -7.7349444169999515, 0.0], [112.5299265650001, -7.734931898999946, 0.0], [112.5303609, -7.734916237999926, 0.0], [112.53087349200007, -7.734897764999971, 0.0], [112.53132726900003, -7.734966834999966, 0.0], [112.53164690300002, -7.735233110999957, 0.0], [112.53183380400003, -7.73567299299998, 0.0], [112.53207715500002, -7.735970642999973, 0.0], [112.53250639500004, -7.736324399999944, 0.0], [112.53284918100007, -7.736521972999981, 0.0], [112.53333476900002, -7.736705109999946, 0.0], [112.53403356500007, -7.736787850999974, 0.0], [112.53451849400005, -7.736871270999927, 0.0], [112.53573207500006, -7.737293441999952, 0.0], [112.53683099500006, -7.737573632999954, 0.0], [112.53774219500008, -7.737746641999934, 0.0], [112.53849730600007, -7.737815520999959, 0.0], [112.53948501600007, -7.73766875299998, 0.0], [112.54068727000003, -7.737234528999977, 0.0], [112.54163798900004, -7.736783400999968, 0.0], [112.54214080200006, -7.736727881999968, 0.0], [112.54305674300008, -7.736581094999963, 0.0], [112.54366653000011, -7.7362385989999325, 0.0], [112.54393507100008, -7.736040721999927, 0.0], [112.54422233500009, -7.735914197999932, 0.0], [112.54452797800002, -7.7359490739999615, 0.0], [112.54548064500011, -7.736035125999933, 0.0], [112.54625840900007, -7.736187986999937, 0.0], [112.54703204500004, -7.73629529699997, 0.0], [112.54789108600005, -7.736433305999981, 0.0], [112.54885763300001, -7.736614948999943, 0.0], [112.54955038600008, -7.736722095999937, 0.0], [112.55094892200009, -7.737024213999973, 0.0], [112.55181438900001, -7.737222309999936, 0.0], [112.55269391600007, -7.737319730999957, 0.0], [112.5532555200001, -7.737295356999937, 0.0], [112.5535867000001, -7.7371998569999505, 0.0], [112.55385515800003, -7.737246161999963, 0.0], [112.55412407600011, -7.737418127999945, 0.0], [112.55480276600008, -7.737399923999931, 0.0], [112.55590709100011, -7.737175578999938, 0.0], [112.55663275800009, -7.73712564899995, 0.0], [112.55762685200011, -7.737011905999964, 0.0], [112.55808507100005, -7.737089065999953, 0.0], [112.55889056900003, -7.737180506999948, 0.0], [112.55961669700002, -7.737256414999933, 0.0], [112.5604703570001, -7.737536623999972, 0.0], [112.56102346700004, -7.7377233679999335, 0.0], [112.56131919900008, -7.737847948999956, 0.0], [112.56173902100011, -7.737871092999967, 0.0], [112.56223299400006, -7.737832307999952, 0.0], [112.56312105900008, -7.737447361999955, 0.0], [112.56374941600006, -7.736977028999945, 0.0], [112.56399512200005, -7.736569845999952, 0.0], [112.56422752700007, -7.735940945999971, 0.0], [112.56448446400009, -7.735275070999933, 0.0], [112.56482943300011, -7.735089197999969, 0.0], [112.56560722900008, -7.734987892999925, 0.0], [112.5667064700001, -7.734909905999928, 0.0], [112.56715121000002, -7.734920477999935, 0.0], [112.56831302600006, -7.735027136999975, 0.0], [112.5690663800001, -7.734987390999947, 0.0], [112.56953563400009, -7.734936484999935, 0.0], [112.57010327000012, -7.734786492999945, 0.0], [112.57062172200006, -7.73469833799993, 0.0], [112.5720559780001, -7.734150986999964, 0.0], [112.57300112400003, -7.733642409999959, 0.0], [112.57377031200008, -7.73315662899995, 0.0], [112.57470986500005, -7.7326479699999595, 0.0], [112.57471053200004, -7.732647608999969, 0.0], [112.57483788900004, -7.732578659999945, 0.0], [112.57484174100011, -7.732585893999953, 0.0]]]], "type": "MultiPolygon"}}]}