{"type": "FeatureCollection", "name": "Sebaran_Ketinggian_Kota_Batu", "features": [{"type": "Feature", "properties": {"zona_ketinggian": "Tinggi", "rentang_mdpl": "1.000 - 1.400 mdpl", "elevasi_min_m": 1000, "elevasi_max_m": 1400, "wilayah_dominan": "Kecamatan Bumiaji (Tulungrejo)"}, "geometry": {"type": "Polygon", "coordinates": [[[112.52010201020101, -7.783003300330033, 0.0], [112.52010201020101, -7.7827782778277825, 0.0], [112.52040204020402, -7.782853285328533, 0.0], [112.52010201020101, -7.783003300330033, 0.0]]]}}, {"type": "Feature", "properties": {"zona_ketinggian": "Tinggi", "rentang_mdpl": "1.000 - 1.400 mdpl", "elevasi_min_m": 1000, "elevasi_max_m": 1400, "wilayah_dominan": "Kecamatan Bumiaji (Tulungrejo)"}, "geometry": {"type": "Polygon", "coordinates": [[[112.52017701770177, -7.783378337833783, 0.0], [112.52002700270027, -7.783378337833783, 0.0], [112.52017701770177, -7.783153315331533, 0.0], [112.52017701770177, -7.783378337833783, 0.0]]]}}, {"type": "Feature", "properties": {"zona_ketinggian": "Tinggi", "rentang_mdpl": "1.000 - 1.400 mdpl", "elevasi_min_m": 1000, "elevasi_max_m": 1400, "wilayah_dominan": "Kecamatan Bumiaji (Tulungrejo)"}, "geometry": {"type": "Polygon", "coordinates": [[[112.51972697269727, -7.783753375337533, 0.0], [112.51965196519652, -7.784953495349535, 0.0], [112.51882688268827, -7.784578457845784, 0.0], [112.51867686768676, -7.783753375337533, 0.0], [112.51972697269727, -7.783753375337533, 0.0]]]}}, {"type": "Feature", "properties": {"zona_ketinggian": "Sangat Tinggi", "rentang_mdpl": "1.400+ mdpl", "elevasi_min_m": 1400, "elevasi_max_m": null, "wilayah_dominan": "Kecamatan Bumiaji (Bulukerto, Bumiaji, Giripurno, Sumberbrantas)"}, "geometry": {"type": "Polygon", "coordinates": [[[112.56930693069307, -7.734998499849985, 0.0], [112.57073207320732, -7.734698469846984, 0.0], [112.5710200904655, -7.734546309786063, 0.0], [112.5720559780001, -7.734150986999964, 0.0], [112.57300112400003, -7.733642409999959, 0.0], [112.57377031200008, -7.73315662899995, 0.0], [112.57470986500005, -7.7326479699999595, 0.0], [112.57471053200004, -7.732647608999969, 0.0], [112.5747533064096, -7.732624451633146, 0.0], [112.57495074354412, -7.732737272852866, 0.0], [112.57497254600003, -7.732755758999929, 0.0], [112.57498402200008, -7.7327654889999735, 0.0], [112.57521470000006, -7.732945628999971, 0.0], [112.57530035600007, -7.733099054999968, 0.0], [112.57540967700004, -7.733294866999927, 0.0], [112.57551966300002, -7.733584028999928, 0.0], [112.57565377900005, -7.733849052999972, 0.0], [112.57566721700005, -7.734186847999979, 0.0], [112.5757053960001, -7.734705541999972, 0.0], [112.57577939800001, -7.735067249999929, 0.0], [112.57590206200007, -7.735489169999937, 0.0], [112.57597043211703, -7.735597528964243, 0.0], [112.57598259825983, -7.735673567356736, 0.0], [112.57605357823618, -7.735727512138769, 0.0], [112.57617155900004, -7.735855851999929, 0.0], [112.57637806500009, -7.736048193999977, 0.0], [112.5767542110001, -7.7362880949999635, 0.0], [112.57692420900003, -7.736432294999929, 0.0], [112.57713080600001, -7.736648774999935, 0.0], [112.577409837, -7.736804595999956, 0.0], [112.57756039005659, -7.7368726891222765, 0.0], [112.57777815312213, -7.73703818905208, 0.0], [112.57781033800006, -7.737080657999968, 0.0], [112.57790238897785, -7.737328097752964, 0.0], [112.57796263494349, -7.737637934147668, 0.0], [112.57797006700002, -7.737719591999962, 0.0], [112.57798506300003, -7.737849657999959, 0.0], [112.57800760700002, -7.738045181999951, 0.0], [112.578091403328, -7.738300171553721, 0.0], [112.57900534207238, -7.743000427953334, 0.0], [112.579010229, -7.7431178889999615, 0.0], [112.57903530200008, -7.743347062999931, 0.0], [112.5790484150001, -7.743636581999965, 0.0], [112.57914610300008, -7.743853462999937, 0.0], [112.57922005446437, -7.744104663112222, 0.0], [112.57943294329434, -7.745199519951996, 0.0], [112.58059755086349, -7.747388982181996, 0.0], [112.58084617300005, -7.747971428999961, 0.0], [112.5810898740001, -7.7483928959999275, 0.0], [112.58124821900003, -7.748657735999927, 0.0], [112.58129897056432, -7.748802734601801, 0.0], [112.58122434633025, -7.749437040591335, 0.0], [112.58120284100005, -7.749478508999971, 0.0], [112.58117080400007, -7.749787540999932, 0.0], [112.58117689586105, -7.749840369579501, 0.0], [112.58115811581158, -7.75, 0.0], [112.58127433835438, -7.75021953146974, 0.0], [112.58130587500011, -7.750305872999945, 0.0], [112.58133189614564, -7.7503282517421255, 0.0], [112.58183318331834, -7.751275127512751, 0.0], [112.5819023026854, -7.751306298992017, 0.0], [112.58198813900003, -7.751461785999936, 0.0], [112.5827518100001, -7.75173639999997, 0.0], [112.58313994900004, -7.751940084999944, 0.0], [112.58341894700004, -7.752083875999972, 0.0], [112.58376112816258, -7.752144592834663, 0.0], [112.58516413232967, -7.752777320204134, 0.0], [112.58523758400008, -7.7528252059999545, 0.0], [112.58535779817306, -7.75286465970214, 0.0], [112.58565856585659, -7.753000300030003, 0.0], [112.58575398722962, -7.7529946870080595, 0.0], [112.58581936600001, -7.753016143999957, 0.0], [112.58609791300012, -7.753039243999979, 0.0], [112.58629818828001, -7.752962675181566, 0.0], [112.58686058656497, -7.75292959292951, 0.0], [112.5870203106286, -7.7530119097885235, 0.0], [112.58756570681008, -7.753557305969986, 0.0], [112.5875971793963, -7.7536883792824405, 0.0], [112.58757809538903, -7.753833417737618, 0.0], [112.58750573200007, -7.753987221999978, 0.0], [112.58748607400003, -7.754406681999967, 0.0], [112.58747702678073, -7.754601539160743, 0.0], [112.58746931831737, -7.754660123482301, 0.0], [112.58733079900003, -7.754962344999967, 0.0], [112.58722379700009, -7.755493598999976, 0.0], [112.58727314300006, -7.755734794999967, 0.0], [112.58725220605758, -7.756310176656655, 0.0], [112.58723372337234, -7.756450645064507, 0.0], [112.58738741369736, -7.757142251527083, 0.0], [112.58738770000002, -7.75721853899995, 0.0], [112.58736438500011, -7.757460005999974, 0.0], [112.58746273000008, -7.757869893999953, 0.0], [112.58758532600007, -7.758267577999959, 0.0], [112.5875985670001, -7.7585692089999725, 0.0], [112.58763909400011, -7.75877395699996, 0.0], [112.58767255800001, -7.75894302599994, 0.0], [112.5877951540001, -7.759340709999947, 0.0], [112.58797011500008, -7.759887274999926, 0.0], [112.58797210906334, -7.759931186446745, 0.0], [112.58791575786915, -7.7604383471943414, 0.0], [112.58788820100006, -7.760489764999932, 0.0], [112.58778753800004, -7.760677820999945, 0.0], [112.58774480900001, -7.760865659999979, 0.0], [112.58765919000007, -7.761198035999939, 0.0], [112.58764588000008, -7.761515675999931, 0.0], [112.587661249, -7.761746511999945, 0.0], [112.5877204300001, -7.762078346999942, 0.0], [112.58772873036642, -7.762121594718967, 0.0], [112.58768376837683, -7.762526252625262, 0.0], [112.5878239072338, -7.762634541742011, 0.0], [112.58788206300005, -7.762698459999967, 0.0], [112.58804910721594, -7.762808559910022, 0.0], [112.58885710575056, -7.76343292241405, 0.0], [112.58897434100004, -7.7635489379999285, 0.0], [112.58899175600004, -7.763566171999969, 0.0], [112.58900109600006, -7.763575414999934, 0.0], [112.58904409000002, -7.763617961999955, 0.0], [112.58927642900005, -7.763775933999966, 0.0], [112.58940767000001, -7.764006335999966, 0.0], [112.58946462879145, -7.7641499011996356, 0.0], [112.58976840160437, -7.7649599620341165, 0.0], [112.5894631330001, -7.765098665999972, 0.0], [112.58874853321316, -7.765445262372018, 0.0], [112.58820882088209, -7.765676567656766, 0.0], [112.58778584678774, -7.766010494573352, 0.0], [112.58767847700005, -7.766080156999976, 0.0], [112.58739368700003, -7.766264931999956, 0.0], [112.58689547600011, -7.76670957999994, 0.0], [112.58685820688258, -7.766742841866903, 0.0], [112.58535853585359, -7.767926792679268, 0.0], [112.58423342334234, -7.769201920192019, 0.0], [112.5839584187886, -7.769791215664333, 0.0], [112.58389887300007, -7.7699079639999695, 0.0], [112.58383472900005, -7.770033726999941, 0.0], [112.58374095300007, -7.770217588999969, 0.0], [112.58357331800005, -7.770546261999925, 0.0], [112.58343077600011, -7.770825737999928, 0.0], [112.58342701700008, -7.77083310699993, 0.0], [112.58338967300006, -7.770906325999931, 0.0], [112.58330342565947, -7.771194772369586, 0.0], [112.58318331833183, -7.771452145214521, 0.0], [112.58308416994015, -7.771928057494633, 0.0], [112.58297782800003, -7.772283709999954, 0.0], [112.58297089400003, -7.772306898999943, 0.0], [112.58292171300002, -7.772614813999951, 0.0], [112.58285802457652, -7.773013555240004, 0.0], [112.58280828082809, -7.773252325232523, 0.0], [112.5833705426468, -7.775501372507413, 0.0], [112.58337725400008, -7.775630374999935, 0.0], [112.58336446500005, -7.775730492999969, 0.0], [112.58331653800008, -7.776105677999965, 0.0], [112.58327891200008, -7.776357345999941, 0.0], [112.58324318260095, -7.776596326588669, 0.0], [112.58304860481091, -7.777708199674621, 0.0], [112.58288895900012, -7.778110728999934, 0.0], [112.58286580100003, -7.778196669999943, 0.0], [112.58285157600005, -7.778249458999937, 0.0], [112.58290213864639, -7.778545149186166, 0.0], [112.58288328832883, -7.778652865286529, 0.0], [112.58294794911922, -7.7787606332705, 0.0], [112.5830085550001, -7.779042625999978, 0.0], [112.58302054100011, -7.779055403999962, 0.0], [112.58330990882216, -7.779363899442076, 0.0], [112.58333333333333, -7.7794029402940295, 0.0], [112.58400501942359, -7.7796716147301295, 0.0], [112.58406941500004, -7.779752354999971, 0.0], [112.5840990370001, -7.779789495999978, 0.0], [112.5841911564, -7.77990499790795, 0.0], [112.5846567709898, -7.780778025263814, 0.0], [112.58450677700012, -7.781444054999952, 0.0], [112.58338094200008, -7.782472542999926, 0.0], [112.58246065800006, -7.783551430999978, 0.0], [112.58198699365212, -7.784249895447296, 0.0], [112.58175817581758, -7.784503450345035, 0.0], [112.58166342750452, -7.784747801257649, 0.0], [112.5814605920001, -7.785181918999967, 0.0], [112.58108336900011, -7.785989266999934, 0.0], [112.58059711071525, -7.787497776135263, 0.0], [112.58033303330333, -7.788178817881788, 0.0], [112.57973297329733, -7.790954095409541, 0.0], [112.57966568446717, -7.792905471484049, 0.0], [112.57951928191535, -7.793565910335177, 0.0], [112.57946119854041, -7.793748765404406, 0.0], [112.57888322300005, -7.794985505999932, 0.0], [112.57878376500003, -7.795856563999962, 0.0], [112.57864706605852, -7.796311775069622, 0.0], [112.57824696598743, -7.797571349367512, 0.0], [112.57781877800005, -7.798702486999957, 0.0], [112.5777220111468, -7.79922398497686, 0.0], [112.57763276327633, -7.7995049504950495, 0.0], [112.57766713392255, -7.799831471634131, 0.0], [112.57766546500011, -7.800604360999955, 0.0], [112.57786633568676, -7.801723888394227, 0.0], [112.57808280828083, -7.8037803780378034, 0.0], [112.57831500593154, -7.804291212869384, 0.0], [112.57836016400006, -7.804410791999942, 0.0], [112.57845239366156, -7.804656347027559, 0.0], [112.57835325254582, -7.805581664107874, 0.0], [112.57828810300009, -7.805749050999964, 0.0], [112.5782635280001, -7.806034007999926, 0.0], [112.57826492421572, -7.806406061855521, 0.0], [112.57824114218467, -7.806628027478645, 0.0], [112.57803630500007, -7.807046303999925, 0.0], [112.57795666191208, -7.807451306266746, 0.0], [112.57754391777198, -7.808565715445009, 0.0], [112.57746480100002, -7.808719295999936, 0.0], [112.57631280700002, -7.809651869999925, 0.0], [112.5760248580001, -7.809883384999978, 0.0], [112.57601461728125, -7.809905377882171, 0.0], [112.57598259825983, -7.80993099309931, 0.0], [112.57533463996788, -7.811162113854013, 0.0], [112.57517017900011, -7.811349410999981, 0.0], [112.57492450446435, -7.811444140981555, 0.0], [112.57470747074707, -7.811506150615061, 0.0], [112.5746100035783, -7.81218842079646, 0.0], [112.57453626562703, -7.8124757331750985, 0.0], [112.57418241824182, -7.811131113111311, 0.0], [112.57343234323433, -7.811356135613561, 0.0], [112.57238223822382, -7.80985598559856, 0.0], [112.57065706570657, -7.810906090609061, 0.0], [112.56938193819381, -7.8105310531053105, 0.0], [112.56863186318631, -7.812031203120312, 0.0], [112.56765676567657, -7.811731173117312, 0.0], [112.56675667566756, -7.8127062706270625, 0.0], [112.56525652565257, -7.812331233123312, 0.0], [112.56525652565257, -7.810981098109811, 0.0], [112.56563156315632, -7.81023102310231, 0.0], [112.56480648064806, -7.8105310531053105, 0.0], [112.56383138313831, -7.811881188118812, 0.0], [112.56368136813681, -7.8116561656165615, 0.0], [112.56383138313831, -7.810831083108311, 0.0], [112.56360636063606, -7.810681068106811, 0.0], [112.56293129312931, -7.811131113111311, 0.0], [112.5626312631263, -7.81038103810381, 0.0], [112.56203120312031, -7.810981098109811, 0.0], [112.5614311431143, -7.810681068106811, 0.0], [112.56105610561056, -7.811281128112811, 0.0], [112.56045604560457, -7.811131113111311, 0.0], [112.56030603060306, -7.80993099309931, 0.0], [112.5576807680768, -7.808880888088809, 0.0], [112.55880588058805, -7.807080708070807, 0.0], [112.5576807680768, -7.807755775577558, 0.0], [112.5564806480648, -7.807980798079808, 0.0], [112.5564806480648, -7.806930693069307, 0.0], [112.55700570057006, -7.806630663066307, 0.0], [112.55670567056706, -7.806255625562557, 0.0], [112.5569306930693, -7.805430543054306, 0.0], [112.55513051305131, -7.806405640564057, 0.0], [112.5540804080408, -7.805655565556556, 0.0], [112.5540804080408, -7.804830483048304, 0.0], [112.55295529552956, -7.8050555055505555, 0.0], [112.5530303030303, -7.804005400540054, 0.0], [112.55228022802281, -7.804230423042304, 0.0], [112.55228022802281, -7.803255325532553, 0.0], [112.55273027302731, -7.802505250525052, 0.0], [112.5524302430243, -7.800855085508551, 0.0], [112.55273027302731, -7.7997299729973, 0.0], [112.55220522052205, -7.7995799579958, 0.0], [112.55100510051005, -7.801005100510051, 0.0], [112.54987998799879, -7.8016051605160515, 0.0], [112.5491299129913, -7.802655265526552, 0.0], [112.54830483048305, -7.801830183018302, 0.0], [112.54800480048004, -7.802880288028803, 0.0], [112.5473297329733, -7.803030303030303, 0.0], [112.54650465046505, -7.8027302730273025, 0.0], [112.54582958295829, -7.802055205520552, 0.0], [112.54575457545755, -7.801455145514551, 0.0], [112.54537953795379, -7.801380138013801, 0.0], [112.54582958295829, -7.8000300030003, 0.0], [112.54545454545455, -7.799204920492049, 0.0], [112.5443294329433, -7.8004800480048, 0.0], [112.54387938793879, -7.8003300330033, 0.0], [112.5435793579358, -7.799354935493549, 0.0], [112.5428292829283, -7.7995799579958, 0.0], [112.54267926792679, -7.798754875487549, 0.0], [112.54320432043204, -7.796879687968797, 0.0], [112.5428292829283, -7.796729672967297, 0.0], [112.54275427542754, -7.7962046204620465, 0.0], [112.54222922292229, -7.796354635463547, 0.0], [112.54170417041705, -7.798004800480048, 0.0], [112.54057905790579, -7.798529852985299, 0.0], [112.54005400540053, -7.796954695469547, 0.0], [112.53945394539454, -7.797704770477048, 0.0], [112.53892889288929, -7.797554755475548, 0.0], [112.53870387038704, -7.795604560456046, 0.0], [112.53817881788179, -7.796279627962797, 0.0], [112.53720372037203, -7.796279627962797, 0.0], [112.53697869786978, -7.795979597959796, 0.0], [112.53592859285929, -7.795829582958296, 0.0], [112.53555355535553, -7.7938793879387935, 0.0], [112.53442844284429, -7.794629462946295, 0.0], [112.53442844284429, -7.793654365436543, 0.0], [112.53390339033903, -7.793354335433543, 0.0], [112.53427842784278, -7.792229222922292, 0.0], [112.53337833783378, -7.792154215421542, 0.0], [112.53352835283529, -7.790729072907291, 0.0], [112.53225322532253, -7.791779177917792, 0.0], [112.53187818781878, -7.792904290429043, 0.0], [112.53007800780078, -7.792829282928293, 0.0], [112.52947794779477, -7.793429342934293, 0.0], [112.52895289528954, -7.793279327932793, 0.0], [112.52910291029103, -7.792079207920792, 0.0], [112.52812781278128, -7.792379237923792, 0.0], [112.52745274527453, -7.793429342934293, 0.0], [112.52640264026402, -7.792979297929793, 0.0], [112.52610261026102, -7.791329132913291, 0.0], [112.52512751275127, -7.792079207920792, 0.0], [112.52325232523252, -7.792304230423042, 0.0], [112.52295229522953, -7.7917041704170416, 0.0], [112.52175217521753, -7.790804080408041, 0.0], [112.52205220522052, -7.789078907890789, 0.0], [112.52272727272727, -7.788253825382538, 0.0], [112.52272727272727, -7.787653765376538, 0.0], [112.52160216021602, -7.787803780378038, 0.0], [112.52122712271228, -7.7861536153615365, 0.0], [112.52077707770778, -7.785328532853286, 0.0], [112.52010201020101, -7.785028502850285, 0.0], [112.51965196519652, -7.785028502850285, 0.0], [112.51965196519652, -7.785553555355536, 0.0], [112.52040204020402, -7.786603660366037, 0.0], [112.52047704770477, -7.7872787278727875, 0.0], [112.52002700270027, -7.7883288328832885, 0.0], [112.51875187518752, -7.789228922892289, 0.0], [112.51905190519052, -7.791404140414041, 0.0], [112.51815181518151, -7.792904290429043, 0.0], [112.51732673267327, -7.7917041704170416, 0.0], [112.51612661266127, -7.791179117911791, 0.0], [112.51552655265526, -7.7905040504050405, 0.0], [112.51462646264626, -7.79042904290429, 0.0], [112.51342634263426, -7.791029102910291, 0.0], [112.51230123012301, -7.78975397539754, 0.0], [112.51057605760576, -7.790654065406541, 0.0], [112.50997599759975, -7.7917041704170416, 0.0], [112.51012601260126, -7.792829282928293, 0.0], [112.50990099009901, -7.793354335433543, 0.0], [112.50840084008401, -7.7927542754275425, 0.0], [112.507200720072, -7.792829282928293, 0.0], [112.50637563756375, -7.792304230423042, 0.0], [112.50607560756076, -7.791554155415541, 0.0], [112.50510051005101, -7.7917041704170416, 0.0], [112.50397539753975, -7.790954095409541, 0.0], [112.50367536753676, -7.791254125412541, 0.0], [112.50367536753676, -7.792604260426042, 0.0], [112.5028502850285, -7.792379237923792, 0.0], [112.5028502850285, -7.791854185418542, 0.0], [112.50187518751875, -7.791854185418542, 0.0], [112.50172517251725, -7.7938793879387935, 0.0], [112.5031503150315, -7.795229522952296, 0.0], [112.50427542754275, -7.795679567956796, 0.0], [112.5052505250525, -7.796804680468047, 0.0], [112.50630063006301, -7.796804680468047, 0.0], [112.50652565256526, -7.797704770477048, 0.0], [112.507200720072, -7.798454845484549, 0.0], [112.50967596759676, -7.79965496549655, 0.0], [112.51012601260126, -7.8001800180018, 0.0], [112.51027602760276, -7.801755175517552, 0.0], [112.51162616261627, -7.802580258025802, 0.0], [112.51200120012001, -7.8037803780378034, 0.0], [112.51027602760276, -7.803255325532553, 0.0], [112.50817581758176, -7.8016801680168015, 0.0], [112.506900690069, -7.802055205520552, 0.0], [112.504800480048, -7.800705070507051, 0.0], [112.50337533753375, -7.800630063006301, 0.0], [112.5043504350435, -7.801380138013801, 0.0], [112.504500450045, -7.802055205520552, 0.0], [112.50510051005101, -7.802130213021302, 0.0], [112.50577557755776, -7.802880288028803, 0.0], [112.50675067506751, -7.805130513051306, 0.0], [112.50600060006, -7.805505550555056, 0.0], [112.5049504950495, -7.805355535553556, 0.0], [112.5043504350435, -7.805880588058806, 0.0], [112.50367536753676, -7.805955595559556, 0.0], [112.5037503750375, -7.807455745574558, 0.0], [112.50532553255326, -7.808505850585059, 0.0], [112.50547554755475, -7.80963096309631, 0.0], [112.50262526252625, -7.8072307230723075, 0.0], [112.50217521752175, -7.8061806180618065, 0.0], [112.50067506750675, -7.805955595559556, 0.0], [112.50127512751276, -7.808655865586559, 0.0], [112.50225022502251, -7.80955595559556, 0.0], [112.50217521752175, -7.81023102310231, 0.0], [112.50142514251425, -7.811056105610561, 0.0], [112.501500150015, -7.812631263126312, 0.0], [112.50097509750975, -7.812481248124812, 0.0], [112.5001500150015, -7.811581158115811, 0.0], [112.49977497749775, -7.8106060606060606, 0.0], [112.498799879988, -7.80978097809781, 0.0], [112.49857485748575, -7.807980798079808, 0.0], [112.49827482748275, -7.807680768076808, 0.0], [112.49771070025677, -7.8078217998833015, 0.0], [112.4976490167808, -7.807393021247135, 0.0], [112.49754218891204, -7.805576947478192, 0.0], [112.49754148200009, -7.805378373999929, 0.0], [112.49774013600006, -7.80436980199994, 0.0], [112.49801496000009, -7.803461764999952, 0.0], [112.49818276000008, -7.802229360999945, 0.0], [112.49818139700005, -7.801846668999929, 0.0], [112.49819650980946, -7.80173853483606, 0.0], [112.4983498349835, -7.800930093009301, 0.0], [112.49833853393802, -7.800568459553937, 0.0], [112.4983541040001, -7.7996404639999355, 0.0], [112.49829141160274, -7.7990605448249575, 0.0], [112.49827482748275, -7.798529852985299, 0.0], [112.49774977497749, -7.7962046204620465, 0.0], [112.49762506930641, -7.796032407868653, 0.0], [112.49752735800007, -7.7958397419999415, 0.0], [112.49743678700008, -7.7957049929999584, 0.0], [112.49723254800006, -7.795458177999933, 0.0], [112.49707362700008, -7.795256134999931, 0.0], [112.49702322965904, -7.795201295974656, 0.0], [112.49660486978865, -7.794623560915557, 0.0], [112.496551382, -7.794537789999936, 0.0], [112.49639229600007, -7.7942682129999525, 0.0], [112.49621078200005, -7.793998895999948, 0.0], [112.4961423210001, -7.793773930999976, 0.0], [112.49612985576651, -7.793716071073684, 0.0], [112.49600173678427, -7.792819238197866, 0.0], [112.49597988500011, -7.792581749999954, 0.0], [112.49596355273651, -7.792551949863653, 0.0], [112.4959495949595, -7.792454245424542, 0.0], [112.49422442244224, -7.789078907890789, 0.0], [112.49397861423633, -7.788794287862886, 0.0], [112.49395824700002, -7.788764073999971, 0.0], [112.49352371200007, -7.788108246999968, 0.0], [112.49334094200003, -7.787904929999968, 0.0], [112.49304437100011, -7.787656718999926, 0.0], [112.49279287200011, -7.787362873999939, 0.0], [112.49231329100007, -7.786843268999974, 0.0], [112.4917878660001, -7.78625565599998, 0.0], [112.49137733026116, -7.785736614720359, 0.0], [112.49137764564597, -7.785732469662797, 0.0], [112.49153410200006, -7.785236470999962, 0.0], [112.4915541800001, -7.784465849999947, 0.0], [112.49156120500004, -7.784221990999981, 0.0], [112.49160239100001, -7.7827924029999735, 0.0], [112.49172197200005, -7.782083270999976, 0.0], [112.49173735841603, -7.781004816113369, 0.0], [112.49174381905739, -7.780919904827037, 0.0], [112.4918591930001, -7.780319677999955, 0.0], [112.49189782200006, -7.780118712999979, 0.0], [112.49189445700006, -7.779166995999958, 0.0], [112.49188385013386, -7.779079496393397, 0.0], [112.491899189919, -7.778877887788779, 0.0], [112.49163829090166, -7.777182044176143, 0.0], [112.4916200890001, -7.776884696999957, 0.0], [112.49152179600003, -7.776339698999948, 0.0], [112.49149482214511, -7.776249497258536, 0.0], [112.4914491449145, -7.775952595259526, 0.0], [112.49131673822747, -7.775654680213715, 0.0], [112.49114701200006, -7.775089943999944, 0.0], [112.49048373382549, -7.773780420309263, 0.0], [112.49029823359521, -7.7733630447911475, 0.0], [112.49016668400009, -7.77242642799996, 0.0], [112.48983613900009, -7.770044781999957, 0.0], [112.48978282100006, -7.769671836999976, 0.0], [112.48960043800002, -7.768396105999955, 0.0], [112.48959607900008, -7.7671588809999434, 0.0], [112.48951858752024, -7.766237050164086, 0.0], [112.48949957022543, -7.7654763583721325, 0.0], [112.49041043500006, -7.7640598969999814, 0.0], [112.49057568886042, -7.763969590092013, 0.0], [112.49138727841152, -7.763544471755726, 0.0], [112.49140282000008, -7.7635366589999535, 0.0], [112.49194917800003, -7.7633074549999606, 0.0], [112.49283525700002, -7.763167195999927, 0.0], [112.4934607880001, -7.762875601999951, 0.0], [112.49348828571173, -7.762861780904224, 0.0], [112.49362436243625, -7.762826282628263, 0.0], [112.4937171582526, -7.762746743357107, 0.0], [112.49394877400005, -7.762630326999954, 0.0], [112.49434035215793, -7.762212577152529, 0.0], [112.49467446744674, -7.761926192619262, 0.0], [112.4976950100468, -7.756549626791185, 0.0], [112.49805869200009, -7.755984336999973, 0.0], [112.49843317300008, -7.755292028999975, 0.0], [112.49851670947697, -7.755243591694565, 0.0], [112.49967472346664, -7.755156194412325, 0.0], [112.49974398500001, -7.755167168999947, 0.0], [112.49999574600008, -7.755145410999944, 0.0], [112.50046704700003, -7.755104679999931, 0.0], [112.5007836850001, -7.75507345699998, 0.0], [112.50111526400008, -7.755102393999948, 0.0], [112.50176302300008, -7.755054994999966, 0.0], [112.50213262218426, -7.754970692622316, 0.0], [112.502400240024, -7.7549504950495045, 0.0], [112.50415850906256, -7.753965864387912, 0.0], [112.5042610370001, -7.753934516999948, 0.0], [112.50447385830054, -7.753921650477338, 0.0], [112.50501238448234, -7.753979349711104, 0.0], [112.50513541100008, -7.754021472999966, 0.0], [112.50554711000007, -7.754131467999969, 0.0], [112.50563302100011, -7.754154420999953, 0.0], [112.50596073700001, -7.75419041899994, 0.0], [112.50628535689783, -7.754115739612763, 0.0], [112.50637563756375, -7.754125412541254, 0.0], [112.50945094509451, -7.752850285028503, 0.0], [112.51057348334244, -7.751868064061567, 0.0], [112.51057589800007, -7.7518661379999685, 0.0], [112.51090476855222, -7.751767088264213, 0.0], [112.51237623762377, -7.751575157515751, 0.0], [112.51238952884921, -7.75151667612378, 0.0], [112.51257512400002, -7.75125918599997, 0.0], [112.51262319200009, -7.750873258999945, 0.0], [112.51268050100009, -7.750413137999942, 0.0], [112.512697319863, -7.7501623956631365, 0.0], [112.51275127512751, -7.74992499249925, 0.0], [112.51283571260556, -7.747518524374611, 0.0], [112.51288160100012, -7.747210998999947, 0.0], [112.51292459600006, -7.746166547999962, 0.0], [112.51292302200011, -7.745725635999975, 0.0], [112.51311409402562, -7.745188489847169, 0.0], [112.51380138013802, -7.743699369936993, 0.0], [112.51379844397123, -7.74365826360179, 0.0], [112.51382338000008, -7.743610606999937, 0.0], [112.51378690950274, -7.743496781043106, 0.0], [112.5137302846807, -7.742704033534565, 0.0], [112.51395331008499, -7.742292648937214, 0.0], [112.51400811479874, -7.742206527244175, 0.0], [112.51434102758238, -7.741779381198316, 0.0], [112.51517352965908, -7.74136313015996, 0.0], [112.51560750800002, -7.741167420999943, 0.0], [112.51591377738913, -7.741139203253297, 0.0], [112.51699404545306, -7.741104909029045, 0.0], [112.51777276400003, -7.741182862999949, 0.0], [112.51900641000009, -7.741131999999936, 0.0], [112.52005475579323, -7.741007743621421, 0.0], [112.52032703270326, -7.740999099909991, 0.0], [112.52205220522052, -7.7405490549054905, 0.0], [112.52332113949075, -7.739787694343351, 0.0], [112.52391324400003, -7.73949005299994, 0.0], [112.52397467354402, -7.739434853349182, 0.0], [112.52446919596774, -7.739548973908503, 0.0], [112.52449224100008, -7.739580288999946, 0.0], [112.52459489900002, -7.739648179999961, 0.0], [112.52484535600001, -7.739635802999942, 0.0], [112.52484537656449, -7.739635784815445, 0.0], [112.52490249024902, -7.73964896489649, 0.0], [112.52492940954181, -7.73956147719493, 0.0], [112.52503865500012, -7.739464874999953, 0.0], [112.5252196990001, -7.739191648999963, 0.0], [112.52532020600006, -7.738578148999977, 0.0], [112.5254881520001, -7.737759905999951, 0.0], [112.52567863343293, -7.7375686214411505, 0.0], [112.52722772277228, -7.736423642364237, 0.0], [112.52738662878772, -7.736066103829491, 0.0], [112.52739592300009, -7.7360496279999325, 0.0], [112.52745294300007, -7.7359311079999316, 0.0], [112.52756554100006, -7.735697065999943, 0.0], [112.52762538567214, -7.73552890083954, 0.0], [112.5277747844926, -7.735192753493487, 0.0], [112.5279039639451, -7.735070195126091, 0.0], [112.53109486407628, -7.734931460337779, 0.0], [112.53131817974061, -7.734965451511714, 0.0], [112.53170564798778, -7.735371370627805, 0.0], [112.53183380400003, -7.73567299299998, 0.0], [112.53207715500002, -7.735970642999973, 0.0], [112.53250639500004, -7.736324399999944, 0.0], [112.53274862904408, -7.736464017448692, 0.0], [112.53285328532853, -7.736573657365737, 0.0], [112.53318646617667, -7.7366491783579825, 0.0], [112.53333476900002, -7.736705109999946, 0.0], [112.53354090246921, -7.736729517250959, 0.0], [112.53517715794551, -7.737100401825585, 0.0], [112.53573207500006, -7.737293441999952, 0.0], [112.53683099500006, -7.737573632999954, 0.0], [112.53774219500008, -7.737746641999934, 0.0], [112.53822083627122, -7.73779030224608, 0.0], [112.53847884788479, -7.737848784878488, 0.0], [112.53863709560164, -7.737794749072732, 0.0], [112.53948501600007, -7.73766875299998, 0.0], [112.54068727000003, -7.737234528999977, 0.0], [112.54162157732321, -7.736791188544912, 0.0], [112.54290429042905, -7.736648664866487, 0.0], [112.54303126359945, -7.736585178281288, 0.0], [112.54305674300008, -7.736581094999963, 0.0], [112.54319712121338, -7.736502249474319, 0.0], [112.54434518750519, -7.735928216328414, 0.0], [112.54452797800002, -7.7359490739999615, 0.0], [112.54484670622625, -7.735977863914289, 0.0], [112.55235523552355, -7.737323732373238, 0.0], [112.55405228493571, -7.737372219499299, 0.0], [112.55412407600011, -7.737418127999945, 0.0], [112.55480276600008, -7.737399923999931, 0.0], [112.55482979047885, -7.737394433943389, 0.0], [112.5549804980498, -7.737398739873988, 0.0], [112.55778719701645, -7.737038906673136, 0.0], [112.55808507100005, -7.737089065999953, 0.0], [112.55849700431513, -7.737135829113286, 0.0], [112.56027886759556, -7.737473768700951, 0.0], [112.5604703570001, -7.737536623999972, 0.0], [112.56102346700004, -7.7377233679999335, 0.0], [112.56131919900008, -7.737847948999956, 0.0], [112.56173902100011, -7.737871092999967, 0.0], [112.56218798222127, -7.7378358421644515, 0.0], [112.56225622562256, -7.737848784878488, 0.0], [112.56248403039831, -7.737723492251825, 0.0], [112.56312105900008, -7.737447361999955, 0.0], [112.5634950179202, -7.737167449114789, 0.0], [112.56375637563757, -7.737023702370237, 0.0], [112.56382116801747, -7.736858121843807, 0.0], [112.56399512200005, -7.736569845999952, 0.0], [112.56422752700007, -7.735940945999971, 0.0], [112.56448446400009, -7.735275070999933, 0.0], [112.56482943300011, -7.735089197999969, 0.0], [112.56497094778811, -7.735070766231734, 0.0], [112.56820173226279, -7.735016919823823, 0.0], [112.56831302600006, -7.735027136999975, 0.0], [112.56864750595965, -7.735009490262209, 0.0], [112.56930693069307, -7.734998499849985, 0.0]], [[112.52010201020101, -7.783003300330033, 0.0], [112.52040204020402, -7.782853285328533, 0.0], [112.52010201020101, -7.7827782778277825, 0.0], [112.52010201020101, -7.783003300330033, 0.0]], [[112.52017701770177, -7.783378337833783, 0.0], [112.52017701770177, -7.783153315331533, 0.0], [112.52002700270027, -7.783378337833783, 0.0], [112.52017701770177, -7.783378337833783, 0.0]], [[112.51882688268827, -7.784578457845784, 0.0], [112.51965196519652, -7.784953495349535, 0.0], [112.51972697269727, -7.783753375337533, 0.0], [112.51867686768676, -7.783753375337533, 0.0], [112.51882688268827, -7.784578457845784, 0.0]]]}}, {"type": "Feature", "properties": {"zona_ketinggian": "Sedang", "rentang_mdpl": "700 - 1.000 mdpl", "elevasi_min_m": 700, "elevasi_max_m": 1000, "wilayah_dominan": "Kecamatan Bumiaji (Punten)"}, "geometry": {"type": "Polygon", "coordinates": [[[112.52212721272127, -7.83033303330333, 0.0], [112.52182718271827, -7.83033303330333, 0.0], [112.52212721272127, -7.83018301830183, 0.0], [112.52212721272127, -7.83033303330333, 0.0]]]}}, {"type": "Feature", "properties": {"zona_ketinggian": "Sedang", "rentang_mdpl": "700 - 1.000 mdpl", "elevasi_min_m": 700, "elevasi_max_m": 1000, "wilayah_dominan": "Kecamatan Bumiaji (Bulukerto, Sumbergondo)"}, "geometry": {"type": "Polygon", "coordinates": [[[112.53352835283529, -7.836033603360336, 0.0], [112.53330333033303, -7.836033603360336, 0.0], [112.53330333033303, -7.835883588358836, 0.0], [112.53345334533454, -7.835733573357336, 0.0], [112.53352835283529, -7.836033603360336, 0.0]]]}}, {"type": "Feature", "properties": {"zona_ketinggian": "Rendah", "rentang_mdpl": "0 - 700 mdpl", "elevasi_min_m": 0, "elevasi_max_m": 700, "wilayah_dominan": "Kecamatan Bumiaji (Giripurno)"}, "geometry": {"type": "Polygon", "coordinates": [[[112.55850585058506, -7.876087608760876, 0.0], [112.55918091809181, -7.876762676267627, 0.0], [112.55910591059106, -7.878787878787879, 0.0], [112.55865586558656, -7.878637863786379, 0.0], [112.55873087308731, -7.877737773777378, 0.0], [112.55835583558355, -7.876537653765377, 0.0], [112.55715571557155, -7.876312631263127, 0.0], [112.55775577557756, -7.875937593759376, 0.0], [112.55850585058506, -7.876087608760876, 0.0]]]}}, {"type": "Feature", "properties": {"zona_ketinggian": "Rendah", "rentang_mdpl": "0 - 700 mdpl", "elevasi_min_m": 0, "elevasi_max_m": 700, "wilayah_dominan": "Kecamatan Junrejo (Torongrejo)"}, "geometry": {"type": "Polygon", "coordinates": [[[112.55970597059707, -7.88021302130213, 0.0], [112.56068106810682, -7.880663066306631, 0.0], [112.5597809780978, -7.880813081308131, 0.0], [112.55940594059406, -7.8805880588058805, 0.0], [112.55918091809181, -7.8794629462946295, 0.0], [112.55970597059707, -7.88021302130213, 0.0]]]}}, {"type": "Feature", "properties": {"zona_ketinggian": "Tinggi", "rentang_mdpl": "1.000 - 1.400 mdpl", "elevasi_min_m": 1000, "elevasi_max_m": 1400, "wilayah_dominan": "Kecamatan Batu (Ngaglik)"}, "geometry": {"type": "Polygon", "coordinates": [[[112.51927692769277, -7.884188418841884, 0.0], [112.51912691269126, -7.884188418841884, 0.0], [112.51927692769277, -7.884113411341134, 0.0], [112.51927692769277, -7.884188418841884, 0.0]]]}}, {"type": "Feature", "properties": {"zona_ketinggian": "Sangat Tinggi", "rentang_mdpl": "1.400+ mdpl", "elevasi_min_m": 1400, "elevasi_max_m": null, "wilayah_dominan": "Kecamatan Batu (Songgokerto)"}, "geometry": {"type": "Polygon", "coordinates": [[[112.48852385238524, -7.884713471347135, 0.0], [112.48829882988299, -7.884788478847884, 0.0], [112.48852385238524, -7.884638463846384, 0.0], [112.48852385238524, -7.884713471347135, 0.0]]]}}, {"type": "Feature", "properties": {"zona_ketinggian": "Rendah", "rentang_mdpl": "0 - 700 mdpl", "elevasi_min_m": 0, "elevasi_max_m": 700, "wilayah_dominan": "Kecamatan Junrejo (Beji)"}, "geometry": {"type": "Polygon", "coordinates": [[[112.5597809780978, -7.890789078907891, 0.0], [112.55985598559856, -7.891314131413141, 0.0], [112.5593309330933, -7.891089108910891, 0.0], [112.55910591059106, -7.8904890489048904, 0.0], [112.5597809780978, -7.890789078907891, 0.0]]]}}, {"type": "Feature", "properties": {"zona_ketinggian": "Sedang", "rentang_mdpl": "700 - 1.000 mdpl", "elevasi_min_m": 700, "elevasi_max_m": 1000, "wilayah_dominan": "Kecamatan Junrejo (Torongrejo)"}, "geometry": {"type": "Polygon", "coordinates": [[[112.57125712571258, -7.891239123912391, 0.0], [112.57155715571557, -7.891839183918392, 0.0], [112.57140714071407, -7.892514251425142, 0.0], [112.57088208820882, -7.892514251425142, 0.0], [112.57020702070207, -7.891914191419142, 0.0], [112.57020702070207, -7.890939093909391, 0.0], [112.57125712571258, -7.891239123912391, 0.0]]]}}, {"type": "Feature", "properties": {"zona_ketinggian": "Rendah", "rentang_mdpl": "0 - 700 mdpl", "elevasi_min_m": 0, "elevasi_max_m": 700, "wilayah_dominan": "Kecamatan Junrejo (Mojorejo)"}, "geometry": {"type": "Polygon", "coordinates": [[[112.55955595559556, -7.90001500150015, 0.0], [112.5593309330933, -7.9000900090009, 0.0], [112.55925592559255, -7.89986498649865, 0.0], [112.55940594059406, -7.89971497149715, 0.0], [112.55955595559556, -7.90001500150015, 0.0]]]}}, {"type": "Feature", "properties": {"zona_ketinggian": "Rendah", "rentang_mdpl": "0 - 700 mdpl", "elevasi_min_m": 0, "elevasi_max_m": 700, "wilayah_dominan": "Kecamatan Junrejo (Junrejo, Mojorejo)"}, "geometry": {"type": "Polygon", "coordinates": [[[112.55940594059406, -7.902865286528653, 0.0], [112.5590309030903, -7.9027152715271525, 0.0], [112.55948094809482, -7.902415241524152, 0.0], [112.55940594059406, -7.902865286528653, 0.0]]]}}, {"type": "Feature", "properties": {"zona_ketinggian": "Rendah", "rentang_mdpl": "0 - 700 mdpl", "elevasi_min_m": 0, "elevasi_max_m": 700, "wilayah_dominan": "Kecamatan Junrejo (Junrejo)"}, "geometry": {"type": "Polygon", "coordinates": [[[112.55670567056706, -7.913966396639664, 0.0], [112.5564806480648, -7.913966396639664, 0.0], [112.55670567056706, -7.9138163816381635, 0.0], [112.55670567056706, -7.913966396639664, 0.0]]]}}, {"type": "Feature", "properties": {"zona_ketinggian": "Rendah", "rentang_mdpl": "0 - 700 mdpl", "elevasi_min_m": 0, "elevasi_max_m": 700, "wilayah_dominan": "Kecamatan Junrejo (Beji, Dadaprejo, Junrejo, Mojorejo)"}, "geometry": {"type": "Polygon", "coordinates": [[[112.5614311431143, -7.915991599159916, 0.0], [112.55895589558956, -7.9161416141614165, 0.0], [112.55835583558355, -7.917116711671167, 0.0], [112.5581308130813, -7.917041704170417, 0.0], [112.5578307830783, -7.915916591659166, 0.0], [112.55798079807981, -7.914416441644164, 0.0], [112.55753075307531, -7.913516351635163, 0.0], [112.55873087308731, -7.912091209120912, 0.0], [112.55865586558656, -7.911791179117912, 0.0], [112.55790579057906, -7.911791179117912, 0.0], [112.5578307830783, -7.911491149114911, 0.0], [112.55873087308731, -7.910666066606661, 0.0], [112.55918091809181, -7.90954095409541, 0.0], [112.55865586558656, -7.9093909390939094, 0.0], [112.55850585058506, -7.908190819081908, 0.0], [112.5578307830783, -7.907815781578158, 0.0], [112.55790579057906, -7.907365736573658, 0.0], [112.55753075307531, -7.907065706570657, 0.0], [112.5576807680768, -7.905265526552656, 0.0], [112.5573807380738, -7.9038403840384035, 0.0], [112.55798079807981, -7.9038403840384035, 0.0], [112.55843084308431, -7.903315331533153, 0.0], [112.55925592559255, -7.902940294029403, 0.0], [112.55970597059707, -7.903090309030903, 0.0], [112.56015601560156, -7.9027152715271525, 0.0], [112.56045604560457, -7.902040204020402, 0.0], [112.56008100810081, -7.901740174017402, 0.0], [112.56015601560156, -7.90001500150015, 0.0], [112.55910591059106, -7.899114911491149, 0.0], [112.55910591059106, -7.898664866486649, 0.0], [112.56068106810682, -7.897914791479148, 0.0], [112.5602310231023, -7.897614761476148, 0.0], [112.5602310231023, -7.897014701470147, 0.0], [112.56180618061806, -7.896489648964897, 0.0], [112.56225622562256, -7.895289528952896, 0.0], [112.56180618061806, -7.894314431443144, 0.0], [112.56083108310831, -7.893489348934893, 0.0], [112.56090609060907, -7.893114311431143, 0.0], [112.5602310231023, -7.892139213921392, 0.0], [112.5614311431143, -7.892514251425142, 0.0], [112.56308130813082, -7.894089408940894, 0.0], [112.56390639063906, -7.893414341434143, 0.0], [112.56698169816981, -7.893564356435643, 0.0], [112.56765676567657, -7.893939393939394, 0.0], [112.56848184818482, -7.892289228922892, 0.0], [112.56870687068707, -7.890939093909391, 0.0], [112.56968196819682, -7.890789078907891, 0.0], [112.56960696069606, -7.887488748874888, 0.0], [112.56878187818782, -7.887188718871887, 0.0], [112.56765676567657, -7.887863786378638, 0.0], [112.56675667566756, -7.887413741374138, 0.0], [112.56728172817282, -7.886813681368137, 0.0], [112.56750675067507, -7.885238523852386, 0.0], [112.56698169816981, -7.884038403840384, 0.0], [112.56705670567057, -7.883213321332133, 0.0], [112.56630663066306, -7.881863186318632, 0.0], [112.56480648064806, -7.882238223822382, 0.0], [112.56450645064507, -7.882538253825382, 0.0], [112.56465646564656, -7.883363336333633, 0.0], [112.56383138313831, -7.883513351335133, 0.0], [112.56330633063307, -7.884113411341134, 0.0], [112.56300630063006, -7.884038403840384, 0.0], [112.56293129312931, -7.883513351335133, 0.0], [112.56195619561956, -7.883363336333633, 0.0], [112.56105610561056, -7.882463246324632, 0.0], [112.5614311431143, -7.882013201320132, 0.0], [112.56120612061206, -7.880738073807381, 0.0], [112.56195619561956, -7.881563156315631, 0.0], [112.56203120312031, -7.882238223822382, 0.0], [112.56240624062406, -7.882388238823882, 0.0], [112.56293129312931, -7.881863186318632, 0.0], [112.56435643564356, -7.8816381638163815, 0.0], [112.56473147314732, -7.88021302130213, 0.0], [112.56518151815182, -7.8816381638163815, 0.0], [112.5652867446582, -7.881599396156137, 0.0], [112.56542301200011, -7.881563395999933, 0.0], [112.56579340700011, -7.881465541999944, 0.0], [112.56592598768509, -7.881363885567279, 0.0], [112.56658570236719, -7.881120832789662, 0.0], [112.566596333, -7.881147023999972, 0.0], [112.56660384600002, -7.881165532999944, 0.0], [112.56664850200002, -7.88131461699993, 0.0], [112.56665110100005, -7.88132329299998, 0.0], [112.56676853900001, -7.881650932999946, 0.0], [112.56692441900009, -7.881920660999981, 0.0], [112.56704127900002, -7.882074634999981, 0.0], [112.5674735560001, -7.882696548999945, 0.0], [112.56749612200008, -7.8827290149999385, 0.0], [112.56791891900002, -7.883337289999929, 0.0], [112.56829340700006, -7.883813044999954, 0.0], [112.56852438360941, -7.88411754392236, 0.0], [112.56853996499554, -7.884141954760626, 0.0], [112.56866822000006, -7.884394842999939, 0.0], [112.56888268600005, -7.884791819999975, 0.0], [112.5690706800001, -7.885268271999962, 0.0], [112.56908976900002, -7.885329379999973, 0.0], [112.56917755300003, -7.885610387999975, 0.0], [112.56917823900005, -7.885612582999954, 0.0], [112.56929368360262, -7.885824058184525, 0.0], [112.56938193819381, -7.886063606360636, 0.0], [112.5694486488185, -7.886079001120178, 0.0], [112.56947296700002, -7.886115032999953, 0.0], [112.56952648400011, -7.886167899999975, 0.0], [112.56971268100006, -7.886167201999967, 0.0], [112.56977248554897, -7.886153732673363, 0.0], [112.57028320593568, -7.886271591224144, 0.0], [112.57032571200011, -7.886324014999957, 0.0], [112.5704110273397, -7.886450603771311, 0.0], [112.57088208820882, -7.887863786378638, 0.0], [112.57100004107619, -7.887964046315898, 0.0], [112.57102401000009, -7.887991712999963, 0.0], [112.57126425000001, -7.888202719999981, 0.0], [112.57131911858193, -7.888235262195779, 0.0], [112.57238223822382, -7.889138913891389, 0.0], [112.57241641749374, -7.889136065618896, 0.0], [112.57246567900006, -7.889179188999947, 0.0], [112.57273156500003, -7.889151610999932, 0.0], [112.57286270108462, -7.8890988753196565, 0.0], [112.57328232823282, -7.889063906390639, 0.0], [112.57372411037827, -7.8884012331724715, 0.0], [112.57421669500002, -7.887751536999929, 0.0], [112.57533590000003, -7.8870369279999295, 0.0], [112.57562884823349, -7.8867635092577135, 0.0], [112.57605760576058, -7.8872637263726375, 0.0], [112.57613525785861, -7.887248696934309, 0.0], [112.5763326660001, -7.887283958999944, 0.0], [112.5768707100001, -7.887108897999951, 0.0], [112.57735592600011, -7.887043425999934, 0.0], [112.57765000800009, -7.8870176369999285, 0.0], [112.57772327200007, -7.886992860999953, 0.0], [112.57842051914835, -7.886840596271372, 0.0], [112.57866471858956, -7.887015024443657, 0.0], [112.5787056910001, -7.887183436999976, 0.0], [112.5788607414389, -7.88715504076462, 0.0], [112.57890789078908, -7.887188718871887, 0.0], [112.57915106838934, -7.887101869728938, 0.0], [112.57951311400006, -7.887035563999973, 0.0], [112.57994009000004, -7.886835605999977, 0.0], [112.58026785000004, -7.887290096999948, 0.0], [112.58046944424466, -7.887215533717838, 0.0], [112.58049422691055, -7.88723500581247, 0.0], [112.58078644600005, -7.887724519999949, 0.0], [112.5809848350001, -7.887645932999931, 0.0], [112.58107112415344, -7.88792236892154, 0.0], [112.58115811581158, -7.8883138313831385, 0.0], [112.58119687734596, -7.88832523183443, 0.0], [112.5812076200001, -7.888359646999959, 0.0], [112.58126629323208, -7.888345648271521, 0.0], [112.58243324332433, -7.888688868886889, 0.0], [112.58243838866579, -7.888673432862503, 0.0], [112.58249597600002, -7.888691442999971, 0.0], [112.5824884430001, -7.888558848999935, 0.0], [112.58248712800003, -7.888536052999939, 0.0], [112.58248669345589, -7.8885285184922225, 0.0], [112.58250825082509, -7.888463846384639, 0.0], [112.58255426110465, -7.888463846384639, 0.0], [112.58260018200008, -7.888485198999945, 0.0], [112.58282340000005, -7.888598885999954, 0.0], [112.58282465400009, -7.888599524999961, 0.0], [112.58282508800005, -7.888599646999978, 0.0], [112.58289824000008, -7.888620129999936, 0.0], [112.58301701200003, -7.888567336999927, 0.0], [112.5831522173921, -7.888463846384639, 0.0], [112.58333333333333, -7.888463846384639, 0.0], [112.58423342334234, -7.89026402640264, 0.0], [112.58565856585659, -7.891764176417642, 0.0], [112.58567928775975, -7.89176878128501, 0.0], [112.5856909470001, -7.89178319399997, 0.0], [112.58570356065574, -7.891774175261897, 0.0], [112.58630876479256, -7.89190866507008, 0.0], [112.5864551249827, -7.892400157896604, 0.0], [112.58648364836483, -7.892514251425142, 0.0], [112.58648827410012, -7.892511475983972, 0.0], [112.58649181600003, -7.892523369999935, 0.0], [112.58656062900002, -7.892498115999956, 0.0], [112.58656873100006, -7.892495142999962, 0.0], [112.58663845700005, -7.8924250869999355, 0.0], [112.58664359737601, -7.892418282018438, 0.0], [112.58683703739895, -7.892302218004675, 0.0], [112.58687633000011, -7.892385762999936, 0.0], [112.5869259970001, -7.89254613199995, 0.0], [112.58696340948748, -7.8926033997795795, 0.0], [112.58708370837084, -7.892964296429643, 0.0], [112.58792410283124, -7.89371131372778, 0.0], [112.58793709100007, -7.893741051999939, 0.0], [112.58794626200006, -7.893794634999949, 0.0], [112.58797288700009, -7.893950200999939, 0.0], [112.58801170400011, -7.894030332999932, 0.0], [112.588034418, -7.894038231999957, 0.0], [112.58838482700003, -7.894160091999936, 0.0], [112.58840251200002, -7.894208932999959, 0.0], [112.58842447100005, -7.894456556999955, 0.0], [112.58845678700004, -7.894655322999938, 0.0], [112.58852037100007, -7.894892500999958, 0.0], [112.5885455450001, -7.89498640599993, 0.0], [112.58856795382825, -7.895036134327117, 0.0], [112.58858385838583, -7.895139513951396, 0.0], [112.58908683677726, -7.895202386250323, 0.0], [112.58912396800008, -7.895221428999946, 0.0], [112.5891585702665, -7.895252543640138, 0.0], [112.58906549506459, -7.895392156443021, 0.0], [112.58906167100008, -7.89539614499995, 0.0], [112.58906209787666, -7.895397252224913, 0.0], [112.58903390339034, -7.895439543954396, 0.0], [112.58978397839783, -7.896489648964897, 0.0], [112.59054106850827, -7.8968904613763025, 0.0], [112.59089572900007, -7.89725438399995, 0.0], [112.59105766100004, -7.897184879999941, 0.0], [112.59107968823889, -7.897205881128256, 0.0], [112.59119800068677, -7.8974425060240145, 0.0], [112.59122423000008, -7.897525610999935, 0.0], [112.59129285093853, -7.897632206527533, 0.0], [112.59135913591359, -7.897764776477648, 0.0], [112.59213814093121, -7.898048051029507, 0.0], [112.59215663900011, -7.898101419999932, 0.0], [112.59217893300001, -7.8981657419999465, 0.0], [112.59223244500004, -7.89839190899994, 0.0], [112.5923470680001, -7.898505199999931, 0.0], [112.59244565641505, -7.898542214989969, 0.0], [112.59255401749186, -7.898740091738936, 0.0], [112.59252330600009, -7.898834143999977, 0.0], [112.59249670600002, -7.898915605999946, 0.0], [112.59256609600004, -7.898991912999975, 0.0], [112.59258785100008, -7.899005216999967, 0.0], [112.59272770100006, -7.899090741999942, 0.0], [112.59288181000011, -7.899395056999936, 0.0], [112.5929443340001, -7.899518519999958, 0.0], [112.59308520497393, -7.899710086271413, 0.0], [112.59390939093909, -7.901215121512151, 0.0], [112.59418263491365, -7.901500245659513, 0.0], [112.59418525000001, -7.9015085459999455, 0.0], [112.59419972242209, -7.901518076103101, 0.0], [112.59480643784073, -7.902151170452994, 0.0], [112.59484158700002, -7.902264618999936, 0.0], [112.59486620900009, -7.90228902399997, 0.0], [112.59490185700008, -7.902308394999977, 0.0], [112.59496467600002, -7.902342528999952, 0.0], [112.59503084817568, -7.902385337759027, 0.0], [112.59525999766275, -7.902624450267276, 0.0], [112.59535937300006, -7.902771704999964, 0.0], [112.59543344500003, -7.9028595649999716, 0.0], [112.59552709000002, -7.902942378999967, 0.0], [112.59558277600001, -7.903013494999925, 0.0], [112.59562243000005, -7.903096604999973, 0.0], [112.59564859343554, -7.9032117212389315, 0.0], [112.59569150978467, -7.903812550126703, 0.0], [112.59568907500011, -7.90382075499997, 0.0], [112.5956946120001, -7.903977311999938, 0.0], [112.59567534000007, -7.904080174999933, 0.0], [112.59563161500012, -7.904202747999932, 0.0], [112.59558718900007, -7.904317910999964, 0.0], [112.5954606680001, -7.9046511699999655, 0.0], [112.59540187200002, -7.9046856579999485, 0.0], [112.59531851200006, -7.904730092999955, 0.0], [112.59528477200001, -7.904901536999944, 0.0], [112.59519726500002, -7.905131857999947, 0.0], [112.59513500100002, -7.905567749999932, 0.0], [112.59514990200012, -7.905592192999961, 0.0], [112.59514920100003, -7.905662981999967, 0.0], [112.5951022129506, -7.905819996337246, 0.0], [112.5950778762927, -7.905890302237807, 0.0], [112.59504711400007, -7.905952119999938, 0.0], [112.59500798600004, -7.906006149999939, 0.0], [112.594944123, -7.906006393999974, 0.0], [112.59491467900011, -7.906011388999957, 0.0], [112.59487013374894, -7.906086045717904, 0.0], [112.5945094509451, -7.906240624062407, 0.0], [112.59430782045081, -7.906845515545277, 0.0], [112.59426133135702, -7.9068988936885525, 0.0], [112.59353420492056, -7.906370074462039, 0.0], [112.5934910420001, -7.9063378459999285, 0.0], [112.5934906560025, -7.906338402521639, 0.0], [112.59345934593459, -7.906315631563157, 0.0], [112.5922177921614, -7.907608916743559, 0.0], [112.5922119280001, -7.907612443999938, 0.0], [112.59216773600008, -7.907652480999957, 0.0], [112.59215616392648, -7.907673112821609, 0.0], [112.59176055997129, -7.908085200274929, 0.0], [112.59169461600004, -7.908127366999963, 0.0], [112.59162548200004, -7.908171227999958, 0.0], [112.5916219656626, -7.908173458963375, 0.0], [112.59147250153225, -7.908103709035879, 0.0], [112.59116761900009, -7.9078718149999645, 0.0], [112.59113978500011, -7.907867943999975, 0.0], [112.59111994600005, -7.907881850999956, 0.0], [112.59108298097108, -7.907921932774001, 0.0], [112.59071331518338, -7.907749422073075, 0.0], [112.59070789600003, -7.907744831999935, 0.0], [112.59062214000005, -7.907671840999967, 0.0], [112.5904864554607, -7.907558671201243, 0.0], [112.59040071760728, -7.907365761031031, 0.0], [112.59040220700001, -7.907359700999962, 0.0], [112.59041598700003, -7.907326017999935, 0.0], [112.5904159260001, -7.907310197999948, 0.0], [112.59039594400008, -7.907286497999962, 0.0], [112.59035267783817, -7.907257671550512, 0.0], [112.59026755744287, -7.907066150661088, 0.0], [112.59026434100008, -7.907055835999927, 0.0], [112.59026227668113, -7.907054268947178, 0.0], [112.59023402340235, -7.906990699069907, 0.0], [112.58951327000793, -7.906750447938435, 0.0], [112.58940203800012, -7.906686744999945, 0.0], [112.58938503194253, -7.9067077019166385, 0.0], [112.58933393339333, -7.906690669066907, 0.0], [112.58759749375615, -7.908293536424307, 0.0], [112.58734059957195, -7.908465873989082, 0.0], [112.58681750193219, -7.908163027987114, 0.0], [112.58679283700008, -7.908138971999961, 0.0], [112.58674604900011, -7.908106693999969, 0.0], [112.58670620500004, -7.908091024999976, 0.0], [112.58666627979058, -7.908075478326182, 0.0], [112.586498764192, -7.9079784956112205, 0.0], [112.5864312110001, -7.907909815999972, 0.0], [112.58635921500002, -7.907816972999967, 0.0], [112.58629536400008, -7.9077419989999385, 0.0], [112.58625546600001, -7.907712407999952, 0.0], [112.58620173600002, -7.907702667999956, 0.0], [112.58614004000003, -7.907683103999943, 0.0], [112.58607238500008, -7.907669528999975, 0.0], [112.58604846200001, -7.9076518099999475, 0.0], [112.58603052900003, -7.907635966999976, 0.0], [112.58598078435188, -7.907678612545879, 0.0], [112.58595859585958, -7.907665766576658, 0.0], [112.58574753896285, -7.907896010463997, 0.0], [112.58566299900008, -7.907975292999936, 0.0], [112.58504409700004, -7.908601068999928, 0.0], [112.58454496000002, -7.909100184999943, 0.0], [112.58430190513343, -7.9094654245378875, 0.0], [112.58363707591482, -7.909412238200399, 0.0], [112.58353220000004, -7.909399558999951, 0.0], [112.5833735110001, -7.90937981999997, 0.0], [112.58318928500012, -7.909370302999946, 0.0], [112.58315789532271, -7.90937390375303, 0.0], [112.58243324332433, -7.909315931593159, 0.0], [112.58231682473017, -7.909542641487048, 0.0], [112.5820507520001, -7.909908725999969, 0.0], [112.58194030900006, -7.910166434999951, 0.0], [112.58187873102142, -7.910395771340926, 0.0], [112.58153336236839, -7.911068331349476, 0.0], [112.58140176200004, -7.911000916999967, 0.0], [112.58099567500005, -7.912056747999941, 0.0], [112.58089399100004, -7.912044474999959, 0.0], [112.58079306900004, -7.912032292999982, 0.0], [112.58052939600009, -7.911937462999958, 0.0], [112.58032655900001, -7.911852437999926, 0.0], [112.58011883000006, -7.911817965999944, 0.0], [112.58007346200009, -7.911883680999949, 0.0], [112.58006528059931, -7.911946159857717, 0.0], [112.58003300330033, -7.911941194119412, 0.0], [112.57958295829583, -7.913666366636663, 0.0], [112.58035706396507, -7.914343709097245, 0.0], [112.58035707400006, -7.914346345999945, 0.0], [112.58035754000002, -7.9144687079999585, 0.0], [112.58044728700008, -7.914510048999944, 0.0], [112.58057419500005, -7.914568506999956, 0.0], [112.58075513300003, -7.9147545969999555, 0.0], [112.58090750038004, -7.915089737863777, 0.0], [112.5809498419389, -7.91521676254038, 0.0], [112.58097988612305, -7.915463358357289, 0.0], [112.58018301830182, -7.917491749174918, 0.0], [112.58010072347155, -7.917442372276748, 0.0], [112.57995731900007, -7.91730059799994, 0.0], [112.57986778810135, -7.9173026110546285, 0.0], [112.57980798079808, -7.9172667266726675, 0.0], [112.57971975238964, -7.917305939298641, 0.0], [112.5795752790001, -7.917309186999944, 0.0], [112.57939567300002, -7.917409892999956, 0.0], [112.5792011100001, -7.917518985999948, 0.0], [112.57918766600005, -7.917520920999948, 0.0], [112.5790365712926, -7.917542671175987, 0.0], [112.57826641710075, -7.917350132628021, 0.0], [112.57824152900002, -7.9173358429999325, 0.0], [112.57823609556912, -7.917342552245116, 0.0], [112.57823282328233, -7.917341734173418, 0.0], [112.57759938710802, -7.917552879564852, 0.0], [112.5773766430001, -7.91743250199994, 0.0], [112.57722969586236, -7.917468338701701, 0.0], [112.57605760576058, -7.917116711671167, 0.0], [112.57554769094641, -7.917754105188874, 0.0], [112.57534979095912, -7.917893725377531, 0.0], [112.57527931363504, -7.917911344708553, 0.0], [112.57514338200008, -7.917871808999962, 0.0], [112.57508366198955, -7.9179602576199235, 0.0], [112.57492838877697, -7.9179990759230705, 0.0], [112.57480778900003, -7.917941241999927, 0.0], [112.57473896200008, -7.917836179999938, 0.0], [112.57460812700003, -7.917787041999929, 0.0], [112.57457241343062, -7.917802997441697, 0.0], [112.57455745574558, -7.917791779177918, 0.0], [112.57470747074707, -7.9161416141614165, 0.0], [112.57451434783476, -7.91594849124911, 0.0], [112.57458727787767, -7.915637045971588, 0.0], [112.57493249324932, -7.914716471647164, 0.0], [112.5748426419951, -7.914731446856201, 0.0], [112.5746991630001, -7.914681577999943, 0.0], [112.57464666600004, -7.914706997999929, 0.0], [112.57453150600008, -7.914762760999963, 0.0], [112.57449416600002, -7.914756754999928, 0.0], [112.57444403200009, -7.914670154999953, 0.0], [112.57440105300009, -7.914625618999935, 0.0], [112.57431294300011, -7.914534319999973, 0.0], [112.57402547700008, -7.9144582849999665, 0.0], [112.57386987438518, -7.914417128455909, 0.0], [112.57313231323133, -7.913966396639664, 0.0], [112.57275157620478, -7.913966396639664, 0.0], [112.57246929500002, -7.913902925999935, 0.0], [112.57230232800009, -7.9138763849999805, 0.0], [112.57216429200002, -7.913854442999934, 0.0], [112.57182846700005, -7.91386194599994, 0.0], [112.57166034000011, -7.913819185999955, 0.0], [112.5715860360001, -7.913906253999926, 0.0], [112.57151855202233, -7.913966396639664, 0.0], [112.57142327128176, -7.913966396639664, 0.0], [112.57126450205864, -7.913844134935008, 0.0], [112.57088208820882, -7.913516351635163, 0.0], [112.57034641518297, -7.913535482814658, 0.0], [112.57010581500003, -7.913465407999979, 0.0], [112.56981990700001, -7.9135222629999475, 0.0], [112.5696882228613, -7.913558989683288, 0.0], [112.56889593155054, -7.913587285801531, 0.0], [112.56878744700009, -7.913563392999947, 0.0], [112.56861224600004, -7.913291300999958, 0.0], [112.56802456965295, -7.9129505596064025, 0.0], [112.56780678067807, -7.9127662766276625, 0.0], [112.56773697064314, -7.912795364142214, 0.0], [112.56738521600005, -7.912862058999963, 0.0], [112.56710546800002, -7.912906503999977, 0.0], [112.56697656868974, -7.913112198289467, 0.0], [112.5650863168463, -7.913899803224231, 0.0], [112.56500034200008, -7.913888424999925, 0.0], [112.56481030900011, -7.913807230999964, 0.0], [112.56474742300009, -7.913908267999943, 0.0], [112.56471790869337, -7.9140533066212875, 0.0], [112.56459329446986, -7.914105229214416, 0.0], [112.56449512400002, -7.914073027999962, 0.0], [112.56436866600006, -7.914073501999951, 0.0], [112.56424863200004, -7.914111831999946, 0.0], [112.56420184600006, -7.91424877299994, 0.0], [112.56419701920731, -7.914262901104629, 0.0], [112.56406720634237, -7.914214221280277, 0.0], [112.56405293500006, -7.914194471999963, 0.0], [112.56398912200007, -7.9140497919999575, 0.0], [112.56390665000004, -7.913974431999975, 0.0], [112.56372321100002, -7.913956224999936, 0.0], [112.56350171000008, -7.913919265999937, 0.0], [112.56333705200007, -7.913844304999941, 0.0], [112.56309410000006, -7.913790519999964, 0.0], [112.56303582500004, -7.9138114719999635, 0.0], [112.56301406837414, -7.913819294542191, 0.0], [112.56300630063006, -7.9138163816381635, 0.0], [112.56300451663733, -7.913824409605472, 0.0], [112.56294283700004, -7.9139360049999254, 0.0], [112.56294219400002, -7.913938611999981, 0.0], [112.56288059400003, -7.91418819699993, 0.0], [112.56283852126681, -7.914489672708739, 0.0], [112.56210621062107, -7.914416441644164, 0.0], [112.56203428930917, -7.915135654763107, 0.0], [112.56203052400008, -7.915161696999974, 0.0], [112.56143604700003, -7.915157683999951, 0.0], [112.56143460365583, -7.915166516651666, 0.0], [112.5614311431143, -7.915166516651666, 0.0], [112.5614311431143, -7.91518769369158, 0.0], [112.56136806400002, -7.915573710999979, 0.0], [112.5614311431143, -7.91560486475973, 0.0], [112.5614311431143, -7.915991599159916, 0.0]], [[112.57020702070207, -7.891914191419142, 0.0], [112.57088208820882, -7.892514251425142, 0.0], [112.57140714071407, -7.892514251425142, 0.0], [112.57155715571557, -7.891839183918392, 0.0], [112.57125712571258, -7.891239123912391, 0.0], [112.57020702070207, -7.890939093909391, 0.0], [112.57020702070207, -7.891914191419142, 0.0]]]}}, {"type": "Feature", "properties": {"zona_ketinggian": "Sedang", "rentang_mdpl": "700 - 1.000 mdpl", "elevasi_min_m": 700, "elevasi_max_m": 1000, "wilayah_dominan": "Kecamatan Batu (Ngaglik, Oro-oro Ombo, Pesanggrahan, Sidomulyo)"}, "geometry": {"type": "Polygon", "coordinates": [[[112.52887788778878, -7.925367536753676, 0.0], [112.52962796279628, -7.924317431743175, 0.0], [112.52887788778878, -7.9237923792379235, 0.0], [112.52865286528653, -7.923192319231923, 0.0], [112.52692769276928, -7.9227422742274225, 0.0], [112.52677767776778, -7.922442244224422, 0.0], [112.52760276027603, -7.921917191719172, 0.0], [112.52985298529853, -7.921767176717672, 0.0], [112.53015301530154, -7.921242124212421, 0.0], [112.52955295529553, -7.92041704170417, 0.0], [112.52797779777978, -7.920792079207921, 0.0], [112.52662766276627, -7.92041704170417, 0.0], [112.52670267026703, -7.91966696669667, 0.0], [112.52775277527753, -7.91951695169517, 0.0], [112.52812781278128, -7.919141914191419, 0.0], [112.52812781278128, -7.918541854185419, 0.0], [112.52707770777077, -7.917716771677168, 0.0], [112.52782778277827, -7.917116711671167, 0.0], [112.52760276027603, -7.916366636663667, 0.0], [112.52625262526253, -7.914716471647164, 0.0], [112.52497749774977, -7.914191419141914, 0.0], [112.52317731773178, -7.914566456645664, 0.0], [112.52220222022203, -7.914416441644164, 0.0], [112.52287728772878, -7.914116411641164, 0.0], [112.52287728772878, -7.913516351635163, 0.0], [112.52160216021602, -7.912241224122412, 0.0], [112.52205220522052, -7.912016201620162, 0.0], [112.52475247524752, -7.912091209120912, 0.0], [112.52610261026102, -7.91036603660366, 0.0], [112.52707770777077, -7.90969096909691, 0.0], [112.52722772277228, -7.908640864086409, 0.0], [112.52835283528353, -7.9072157215721575, 0.0], [112.52805280528052, -7.9051155115511555, 0.0], [112.52715271527153, -7.903765376537653, 0.0], [112.52715271527153, -7.903015301530153, 0.0], [112.52760276027603, -7.902265226522652, 0.0], [112.52715271527153, -7.901515151515151, 0.0], [112.52602760276028, -7.900915091509151, 0.0], [112.52677767776778, -7.90001500150015, 0.0], [112.52647764776478, -7.898739873987399, 0.0], [112.52617761776177, -7.898589858985899, 0.0], [112.52647764776478, -7.897614761476148, 0.0], [112.52587758775877, -7.897089708970897, 0.0], [112.52610261026102, -7.896414641464147, 0.0], [112.52572757275728, -7.8961146114611465, 0.0], [112.52580258025803, -7.895739573957396, 0.0], [112.52490249024902, -7.8950645064506455, 0.0], [112.52490249024902, -7.894539453945395, 0.0], [112.52445244524452, -7.894314431443144, 0.0], [112.52437743774378, -7.893564356435643, 0.0], [112.52310231023102, -7.891389138913891, 0.0], [112.52145214521452, -7.8894389438943895, 0.0], [112.52137713771377, -7.888613861386139, 0.0], [112.52182718271827, -7.888088808880888, 0.0], [112.52182718271827, -7.887563756375638, 0.0], [112.52115211521152, -7.886738673867387, 0.0], [112.52062706270627, -7.886738673867387, 0.0], [112.52077707770778, -7.885988598859886, 0.0], [112.52025202520252, -7.885838583858386, 0.0], [112.52032703270326, -7.885538553855386, 0.0], [112.51995199519952, -7.885463546354636, 0.0], [112.51957695769578, -7.884638463846384, 0.0], [112.51890189018901, -7.884863486348635, 0.0], [112.51867686768676, -7.883513351335133, 0.0], [112.51785178517852, -7.883138313831383, 0.0], [112.51725172517251, -7.882238223822382, 0.0], [112.51560156015601, -7.8816381638163815, 0.0], [112.51447644764477, -7.8805880588058805, 0.0], [112.51357635763577, -7.880663066306631, 0.0], [112.51155115511551, -7.878787878787879, 0.0], [112.51027602760276, -7.8783378337833785, 0.0], [112.50990099009901, -7.877737773777378, 0.0], [112.508100810081, -7.877587758775878, 0.0], [112.50742574257426, -7.876912691269127, 0.0], [112.5076507650765, -7.875712571257126, 0.0], [112.50592559255925, -7.875787578757876, 0.0], [112.50562556255626, -7.875262526252626, 0.0], [112.504800480048, -7.8750375037503755, 0.0], [112.50420042004201, -7.874437443744375, 0.0], [112.50382538253825, -7.873012301230123, 0.0], [112.50442544254426, -7.871887188718872, 0.0], [112.5040504050405, -7.871362136213621, 0.0], [112.50510051005101, -7.87016201620162, 0.0], [112.50502550255025, -7.869186918691869, 0.0], [112.504500450045, -7.8683618361836185, 0.0], [112.5010501050105, -7.867386738673868, 0.0], [112.50022502250225, -7.866336633663367, 0.0], [112.500300030003, -7.865736573657366, 0.0], [112.49812481248125, -7.866861686168617, 0.0], [112.4974497449745, -7.866861686168617, 0.0], [112.4971497149715, -7.866636663666367, 0.0], [112.4971497149715, -7.865811581158116, 0.0], [112.496699669967, -7.865436543654366, 0.0], [112.49512451245124, -7.8661116111611165, 0.0], [112.49459945994599, -7.867161716171617, 0.0], [112.49257425742574, -7.867611761176118, 0.0], [112.49197419741974, -7.867386738673868, 0.0], [112.49249924992499, -7.8650615061506155, 0.0], [112.49137413741374, -7.864461446144615, 0.0], [112.49227422742274, -7.8627362736273625, 0.0], [112.49339933993399, -7.862961296129613, 0.0], [112.4944494449445, -7.862361236123612, 0.0], [112.49467446744674, -7.861761176117612, 0.0], [112.49632463246324, -7.861986198619862, 0.0], [112.49797479747974, -7.861386138613861, 0.0], [112.4983498349835, -7.86048604860486, 0.0], [112.49797479747974, -7.85966096609661, 0.0], [112.4992499249925, -7.858460846084609, 0.0], [112.50067506750675, -7.858235823582358, 0.0], [112.5028502850285, -7.856435643564357, 0.0], [112.50600060006, -7.856660666066607, 0.0], [112.506900690069, -7.856435643564357, 0.0], [112.50772577257726, -7.855685568556856, 0.0], [112.50847584758476, -7.855610561056106, 0.0], [112.50990099009901, -7.856810681068107, 0.0], [112.51072607260726, -7.856960696069607, 0.0], [112.51110111011101, -7.856435643564357, 0.0], [112.51125112511251, -7.854560456045604, 0.0], [112.51222622262226, -7.8526852685268524, 0.0], [112.51110111011101, -7.851935193519352, 0.0], [112.50945094509451, -7.851710171017102, 0.0], [112.5088508850885, -7.84953495349535, 0.0], [112.50922592259226, -7.848934893489349, 0.0], [112.51245124512451, -7.848184818481848, 0.0], [112.51297629762976, -7.847434743474348, 0.0], [112.51372637263727, -7.8472847284728475, 0.0], [112.51380138013802, -7.846909690969097, 0.0], [112.51162616261627, -7.845259525952596, 0.0], [112.51020102010202, -7.845334533453346, 0.0], [112.50997599759975, -7.8451095109510955, 0.0], [112.50967596759676, -7.844734473447344, 0.0], [112.50990099009901, -7.843609360936093, 0.0], [112.50967596759676, -7.842559255925592, 0.0], [112.509300930093, -7.842259225922592, 0.0], [112.50900090009002, -7.842259225922592, 0.0], [112.50892589258926, -7.843459345934593, 0.0], [112.50742574257426, -7.844134413441344, 0.0], [112.50592559255925, -7.843009300930093, 0.0], [112.50585058505851, -7.841059105910591, 0.0], [112.50420042004201, -7.841359135913591, 0.0], [112.502100210021, -7.840684068406841, 0.0], [112.5007500750075, -7.840909090909091, 0.0], [112.50060006000601, -7.83985898589859, 0.0], [112.50322532253226, -7.838958895889589, 0.0], [112.50300030003001, -7.837158715871587, 0.0], [112.50352535253525, -7.837683768376838, 0.0], [112.50487548754876, -7.837833783378338, 0.0], [112.50547554755475, -7.837158715871587, 0.0], [112.50510051005101, -7.8361836183618365, 0.0], [112.5055505550555, -7.835508550855086, 0.0], [112.50592559255925, -7.836483648364837, 0.0], [112.50660066006601, -7.836783678367837, 0.0], [112.5073507350735, -7.838133813381338, 0.0], [112.50817581758176, -7.838508850885089, 0.0], [112.50922592259226, -7.838133813381338, 0.0], [112.510501050105, -7.838433843384339, 0.0], [112.51072607260726, -7.837383738373838, 0.0], [112.51027602760276, -7.834458445844584, 0.0], [112.5109510951095, -7.834233423342334, 0.0], [112.5121512151215, -7.834758475847584, 0.0], [112.51297629762976, -7.837008700870087, 0.0], [112.51410141014101, -7.838133813381338, 0.0], [112.51477647764777, -7.838283828382838, 0.0], [112.51507650765076, -7.837683768376838, 0.0], [112.51372637263727, -7.836408640864087, 0.0], [112.51305130513052, -7.834758475847584, 0.0], [112.51312631263126, -7.8337833783378334, 0.0], [112.51350135013502, -7.833258325832583, 0.0], [112.51402640264027, -7.833333333333333, 0.0], [112.51425142514252, -7.834233423342334, 0.0], [112.51522652265227, -7.834983498349835, 0.0], [112.51680168016802, -7.835508550855086, 0.0], [112.51747674767476, -7.835283528352836, 0.0], [112.51777677767777, -7.834308430843084, 0.0], [112.51875187518752, -7.834008400840084, 0.0], [112.51972697269727, -7.834983498349835, 0.0], [112.52062706270627, -7.834308430843084, 0.0], [112.52100210021003, -7.834383438343834, 0.0], [112.52182718271827, -7.835208520852086, 0.0], [112.52250225022502, -7.835208520852086, 0.0], [112.52302730273027, -7.836033603360336, 0.0], [112.52347734773477, -7.836033603360336, 0.0], [112.52422742274227, -7.835133513351336, 0.0], [112.52377737773777, -7.833933393339334, 0.0], [112.52400240024002, -7.8327332733273325, 0.0], [112.52257725772577, -7.83033303330333, 0.0], [112.52415241524153, -7.83033303330333, 0.0], [112.52475247524752, -7.82988298829883, 0.0], [112.52490249024902, -7.829207920792079, 0.0], [112.52617761776177, -7.828907890789079, 0.0], [112.52640264026402, -7.8283828382838285, 0.0], [112.52692769276928, -7.828907890789079, 0.0], [112.52692769276928, -7.83018301830183, 0.0], [112.52602760276028, -7.832133213321332, 0.0], [112.52587758775877, -7.833258325832583, 0.0], [112.52745274527453, -7.833633363336333, 0.0], [112.52745274527453, -7.834233423342334, 0.0], [112.52797779777978, -7.835283528352836, 0.0], [112.52850285028502, -7.835583558355836, 0.0], [112.52872787278727, -7.836708670867087, 0.0], [112.53007800780078, -7.837533753375338, 0.0], [112.53135313531354, -7.837608760876088, 0.0], [112.53172817281728, -7.836933693369337, 0.0], [112.53247824782478, -7.836933693369337, 0.0], [112.53330333033303, -7.836333633363337, 0.0], [112.53292829282928, -7.838133813381338, 0.0], [112.53397839783979, -7.838058805880588, 0.0], [112.53457845784578, -7.838733873387339, 0.0], [112.53457845784578, -7.83985898589859, 0.0], [112.53502850285028, -7.84015901590159, 0.0], [112.53667866786678, -7.838808880888089, 0.0], [112.53675367536754, -7.837833783378338, 0.0], [112.5371287128713, -7.837458745874588, 0.0], [112.53772877287729, -7.837608760876088, 0.0], [112.53825382538254, -7.837158715871587, 0.0], [112.53862886288628, -7.837158715871587, 0.0], [112.53922892289229, -7.837983798379838, 0.0], [112.5404290429043, -7.837533753375338, 0.0], [112.54095409540955, -7.838433843384339, 0.0], [112.54185418541854, -7.8383588358835885, 0.0], [112.54245424542454, -7.838658865886589, 0.0], [112.5431293129313, -7.837908790879088, 0.0], [112.54380438043805, -7.838433843384339, 0.0], [112.54425442544255, -7.838133813381338, 0.0], [112.54500450045005, -7.836333633363337, 0.0], [112.54605460546054, -7.835433543354336, 0.0], [112.54627962796279, -7.836033603360336, 0.0], [112.54590459045905, -7.836933693369337, 0.0], [112.54695469546955, -7.838208820882088, 0.0], [112.5476297629763, -7.838133813381338, 0.0], [112.54860486048605, -7.836933693369337, 0.0], [112.54935493549355, -7.837458745874588, 0.0], [112.54920492049204, -7.838583858385839, 0.0], [112.55040504050405, -7.837533753375338, 0.0], [112.55100510051005, -7.837908790879088, 0.0], [112.55130513051306, -7.83993399339934, 0.0], [112.5519801980198, -7.83985898589859, 0.0], [112.55235523552355, -7.84045904590459, 0.0], [112.5533303330333, -7.84008400840084, 0.0], [112.55355535553555, -7.840759075907591, 0.0], [112.5542304230423, -7.841209120912091, 0.0], [112.55550555055505, -7.841059105910591, 0.0], [112.55565556555655, -7.83993399339934, 0.0], [112.55610561056106, -7.84038403840384, 0.0], [112.55678067806781, -7.84030903090309, 0.0], [112.55715571557155, -7.840984098409841, 0.0], [112.55820582058206, -7.83993399339934, 0.0], [112.55835583558355, -7.8406090609060906, 0.0], [112.55888088808881, -7.84023402340234, 0.0], [112.55925592559255, -7.84038403840384, 0.0], [112.55940594059406, -7.841134113411341, 0.0], [112.55993099309931, -7.841584158415841, 0.0], [112.55993099309931, -7.842559255925592, 0.0], [112.56128112811281, -7.843234323432343, 0.0], [112.56345634563456, -7.842934293429343, 0.0], [112.56353135313532, -7.842259225922592, 0.0], [112.56428142814282, -7.841434143414341, 0.0], [112.56450645064507, -7.83993399339934, 0.0], [112.56720672067206, -7.842109210921092, 0.0], [112.56728172817282, -7.841734173417342, 0.0], [112.56840684068406, -7.841734173417342, 0.0], [112.56900690069007, -7.84000900090009, 0.0], [112.56938193819381, -7.83970897089709, 0.0], [112.56863186318631, -7.842184218421842, 0.0], [112.56863186318631, -7.842278421090083, 0.0], [112.56859479500008, -7.842383967999979, 0.0], [112.56863186318631, -7.842390358972104, 0.0], [112.56863186318631, -7.842409240924092, 0.0], [112.56943552142056, -7.842555360603046, 0.0], [112.56932982400008, -7.843907353999953, 0.0], [112.5693388611559, -7.845275200315236, 0.0], [112.56931590143105, -7.845803273986669, 0.0], [112.5692713300001, -7.846005041999945, 0.0], [112.569215342, -7.846258489999968, 0.0], [112.5692083990001, -7.846365969999965, 0.0], [112.56920047471509, -7.846488652860983, 0.0], [112.56917947869684, -7.846583134943094, 0.0], [112.56903255400005, -7.84680467499993, 0.0], [112.56877856400001, -7.847059785999932, 0.0], [112.56874598600007, -7.847092507999946, 0.0], [112.56854143500004, -7.847318649999977, 0.0], [112.56852285759433, -7.847389177463782, 0.0], [112.56848184818482, -7.847434743474348, 0.0], [112.56846656100619, -7.847602902439325, 0.0], [112.56846041400001, -7.847626238999965, 0.0], [112.5684559006466, -7.847720166394753, 0.0], [112.56841113862842, -7.848212548594735, 0.0], [112.56839508600001, -7.84830587099998, 0.0], [112.56837661300005, -7.84841326399993, 0.0], [112.56837622500007, -7.8484178569999585, 0.0], [112.5683334470001, -7.8489242769999805, 0.0], [112.56832885900008, -7.848978587999966, 0.0], [112.56830947200001, -7.849033363999979, 0.0], [112.56828399500012, -7.849105347999966, 0.0], [112.56798004950923, -7.8495246380834525, 0.0], [112.56773177317731, -7.84983498349835, 0.0], [112.56787233530373, -7.850326950940781, 0.0], [112.5678425970001, -7.850328347999948, 0.0], [112.56765356000005, -7.85033722999998, 0.0], [112.5674995710001, -7.850368541999956, 0.0], [112.56737649200011, -7.850407422999979, 0.0], [112.56734057500012, -7.850420393999968, 0.0], [112.56732063581721, -7.850433229789898, 0.0], [112.5672940084964, -7.8504367029186986, 0.0], [112.56723266800009, -7.850397742999974, 0.0], [112.56717891348455, -7.850451715311548, 0.0], [112.56715060294044, -7.850455407991214, 0.0], [112.56706847300006, -7.850439307999977, 0.0], [112.56695560900005, -7.85047046699998, 0.0], [112.5669322344349, -7.850483890839763, 0.0], [112.56615661566157, -7.8505850585058505, 0.0], [112.56548154815482, -7.850960096009601, 0.0], [112.56480648064806, -7.852460246024602, 0.0], [112.56480648064806, -7.852692752311198, 0.0], [112.56477181500009, -7.852877774999968, 0.0], [112.56479681100006, -7.853163089999953, 0.0], [112.56480648064806, -7.853173848311874, 0.0], [112.56480648064806, -7.853210321032103, 0.0], [112.56512275080225, -7.853699102179477, 0.0], [112.56513320700003, -7.85378002799996, 0.0], [112.56520572900001, -7.854017613999929, 0.0], [112.56558503200006, -7.854430888999957, 0.0], [112.56562430300005, -7.854734232999931, 0.0], [112.56562615000007, -7.855227475999925, 0.0], [112.56549958560268, -7.855482101872829, 0.0], [112.56488148814881, -7.856285628562857, 0.0], [112.5648614777158, -7.856465722460067, 0.0], [112.5647962490001, -7.856627866999929, 0.0], [112.56481765500007, -7.85685316699994, 0.0], [112.56481817912506, -7.856855409776667, 0.0], [112.56480648064806, -7.856960696069607, 0.0], [112.56485049913604, -7.856993709935593, 0.0], [112.56485413100006, -7.857009250999965, 0.0], [112.56488004500011, -7.857060323999974, 0.0], [112.56490079900004, -7.857111505999967, 0.0], [112.56494223300001, -7.857213780999928, 0.0], [112.5650660230001, -7.857343864999962, 0.0], [112.56514850500002, -7.857425554999963, 0.0], [112.56535425100003, -7.857516910999948, 0.0], [112.56564228600007, -7.857618266999964, 0.0], [112.56573033269858, -7.857742692763142, 0.0], [112.56584958401302, -7.8582793236781665, 0.0], [112.56557342600001, -7.858438044999957, 0.0], [112.56552021034737, -7.858463728951833, 0.0], [112.56503150315031, -7.858685868586859, 0.0], [112.5650996041644, -7.859503080755998, 0.0], [112.56492041500007, -7.859972572999936, 0.0], [112.56484486400007, -7.860124553999981, 0.0], [112.56481714523908, -7.860222562502256, 0.0], [112.56473147314732, -7.86041104110411, 0.0], [112.56473147314732, -7.863336333633363, 0.0], [112.5647867627013, -7.863437697815669, 0.0], [112.56481980900003, -7.863615095999933, 0.0], [112.5651262880001, -7.864107202999946, 0.0], [112.56519341392016, -7.8644350188135155, 0.0], [112.56533153315331, -7.867611761176118, 0.0], [112.56561256560198, -7.868244084185615, 0.0], [112.5655896180932, -7.868325278324056, 0.0], [112.56518648143802, -7.868694820257981, 0.0], [112.56508204700003, -7.868739901999959, 0.0], [112.56491595300008, -7.868835265999962, 0.0], [112.56491206700002, -7.868843086999959, 0.0], [112.56486875200005, -7.868930276999947, 0.0], [112.5647977860001, -7.869049061999931, 0.0], [112.56479590300646, -7.869052850486904, 0.0], [112.56473147314732, -7.869111911191119, 0.0], [112.56473147314732, -7.869182480071023, 0.0], [112.56470338400004, -7.869238993999943, 0.0], [112.56470929700004, -7.869358558999977, 0.0], [112.56472393600006, -7.869654598999944, 0.0], [112.56473147314732, -7.869659255128179, 0.0], [112.56473147314732, -7.86971197119712, 0.0], [112.56509668349226, -7.86995544476041, 0.0], [112.56514611900002, -7.870012474999953, 0.0], [112.56517079898616, -7.870156709936562, 0.0], [112.56495591357883, -7.873057662935496, 0.0], [112.56488760700006, -7.8732181159999755, 0.0], [112.56485867100002, -7.87351773599994, 0.0], [112.56485945800011, -7.87372738199997, 0.0], [112.56485990800002, -7.873847256999966, 0.0], [112.56488745595657, -7.873981840836062, 0.0], [112.56488148814881, -7.874062406240624, 0.0], [112.5651487072772, -7.874329625369012, 0.0], [112.56531372100005, -7.874542314999928, 0.0], [112.56531502000007, -7.874888289999944, 0.0], [112.56531601900008, -7.875154347999967, 0.0], [112.56530974300006, -7.875199340999927, 0.0], [112.56526402800012, -7.875527100999932, 0.0], [112.56523815700007, -7.87576667999997, 0.0], [112.56521236200001, -7.876006349999955, 0.0], [112.565106506, -7.876272806999964, 0.0], [112.56500062400005, -7.876512684999966, 0.0], [112.5649748290001, -7.8767523539999615, 0.0], [112.56494925800007, -7.877071759999978, 0.0], [112.56494995700007, -7.877257991999954, 0.0], [112.564866918, -7.877985247999959, 0.0], [112.56458307100002, -7.878246402999935, 0.0], [112.56453594300001, -7.878341142999943, 0.0], [112.56451690900008, -7.878385862999949, 0.0], [112.56450466758122, -7.878414624347971, 0.0], [112.56443144314431, -7.878487848784879, 0.0], [112.56436681495641, -7.879457271603274, 0.0], [112.56434783000009, -7.879483840999967, 0.0], [112.564362966431, -7.879514999484533, 0.0], [112.56435643564356, -7.87961296129613, 0.0], [112.56450755752141, -7.8797943075495525, 0.0], [112.56472915000006, -7.8801361269999575, 0.0], [112.5647303830001, -7.880138029999955, 0.0], [112.56473147314732, -7.8801397947840846, 0.0], [112.56473147314732, -7.880813081308131, 0.0], [112.56435643564356, -7.8816381638163815, 0.0], [112.56293129312931, -7.881863186318632, 0.0], [112.56218121812181, -7.882388238823882, 0.0], [112.56195619561956, -7.881563156315631, 0.0], [112.56120612061206, -7.880738073807381, 0.0], [112.5614311431143, -7.882013201320132, 0.0], [112.56105610561056, -7.882463246324632, 0.0], [112.56195619561956, -7.883363336333633, 0.0], [112.56293129312931, -7.883513351335133, 0.0], [112.56300630063006, -7.884038403840384, 0.0], [112.56330633063307, -7.884113411341134, 0.0], [112.56383138313831, -7.883513351335133, 0.0], [112.56465646564656, -7.883363336333633, 0.0], [112.56450645064507, -7.882538253825382, 0.0], [112.56480648064806, -7.882238223822382, 0.0], [112.56630663066306, -7.881863186318632, 0.0], [112.56705670567057, -7.883213321332133, 0.0], [112.56698169816981, -7.884038403840384, 0.0], [112.56750675067507, -7.885238523852386, 0.0], [112.56728172817282, -7.886813681368137, 0.0], [112.56675667566756, -7.887413741374138, 0.0], [112.56765676567657, -7.887863786378638, 0.0], [112.56878187818782, -7.887188718871887, 0.0], [112.56960696069606, -7.887488748874888, 0.0], [112.56968196819682, -7.890789078907891, 0.0], [112.56870687068707, -7.890939093909391, 0.0], [112.56848184818482, -7.892289228922892, 0.0], [112.56765676567657, -7.893939393939394, 0.0], [112.56698169816981, -7.893564356435643, 0.0], [112.56390639063906, -7.893414341434143, 0.0], [112.56308130813082, -7.894089408940894, 0.0], [112.5614311431143, -7.892514251425142, 0.0], [112.5602310231023, -7.892139213921392, 0.0], [112.56090609060907, -7.893114311431143, 0.0], [112.56083108310831, -7.893489348934893, 0.0], [112.56180618061806, -7.894314431443144, 0.0], [112.56225622562256, -7.895289528952896, 0.0], [112.56180618061806, -7.896489648964897, 0.0], [112.5602310231023, -7.897014701470147, 0.0], [112.5602310231023, -7.897614761476148, 0.0], [112.56068106810682, -7.897914791479148, 0.0], [112.55910591059106, -7.898664866486649, 0.0], [112.55910591059106, -7.899114911491149, 0.0], [112.56015601560156, -7.90001500150015, 0.0], [112.56008100810081, -7.901740174017402, 0.0], [112.56045604560457, -7.902115211521152, 0.0], [112.56015601560156, -7.9027152715271525, 0.0], [112.55970597059707, -7.903090309030903, 0.0], [112.55925592559255, -7.902940294029403, 0.0], [112.55843084308431, -7.903315331533153, 0.0], [112.55798079807981, -7.9038403840384035, 0.0], [112.5573807380738, -7.9038403840384035, 0.0], [112.5576807680768, -7.905265526552656, 0.0], [112.55753075307531, -7.907065706570657, 0.0], [112.55790579057906, -7.907365736573658, 0.0], [112.5578307830783, -7.907815781578158, 0.0], [112.55850585058506, -7.908190819081908, 0.0], [112.55865586558656, -7.9093909390939094, 0.0], [112.55918091809181, -7.90954095409541, 0.0], [112.55873087308731, -7.910666066606661, 0.0], [112.5578307830783, -7.911491149114911, 0.0], [112.55790579057906, -7.911791179117912, 0.0], [112.55865586558656, -7.911791179117912, 0.0], [112.55873087308731, -7.912091209120912, 0.0], [112.55753075307531, -7.913741374137413, 0.0], [112.55798079807981, -7.914416441644164, 0.0], [112.5578307830783, -7.915916591659166, 0.0], [112.55820582058206, -7.917116711671167, 0.0], [112.55880588058805, -7.9162166216621666, 0.0], [112.55985598559856, -7.915991599159916, 0.0], [112.5614311431143, -7.915991599159916, 0.0], [112.56139907835845, -7.91624811720684, 0.0], [112.56136871700005, -7.916263407999963, 0.0], [112.56133332743117, -7.916598501620637, 0.0], [112.56085630243474, -7.916741609119565, 0.0], [112.5607066340001, -7.916776221999953, 0.0], [112.56065587707806, -7.9168017367265655, 0.0], [112.56060606060606, -7.916816681668167, 0.0], [112.56060471385263, -7.9168274556956755, 0.0], [112.5605930260001, -7.916833330999964, 0.0], [112.56051920800007, -7.91738806099994, 0.0], [112.55947580000009, -7.917385724999974, 0.0], [112.55937033462105, -7.917914502306081, 0.0], [112.55933179054345, -7.918087950655245, 0.0], [112.55918926293073, -7.91811542087468, 0.0], [112.55843084308431, -7.918241824182418, 0.0], [112.55754846356079, -7.918830077198104, 0.0], [112.55750483800011, -7.918837492999955, 0.0], [112.55730273200004, -7.918907587999968, 0.0], [112.5572668080822, -7.918973216394305, 0.0], [112.55665416091433, -7.91867914575373, 0.0], [112.55663782800002, -7.918651692999958, 0.0], [112.55651065400002, -7.918482024999946, 0.0], [112.55630172300005, -7.9184072259999425, 0.0], [112.55605496600003, -7.918376685999931, 0.0], [112.55594688611173, -7.9183396538484825, 0.0], [112.55588726558238, -7.918311035994398, 0.0], [112.55568106400005, -7.918163819999961, 0.0], [112.55551870922771, -7.918134128944155, 0.0], [112.5554305430543, -7.918091809180918, 0.0], [112.555242885838, -7.9187083971773555, 0.0], [112.55505930300001, -7.918742833999943, 0.0], [112.55500701310743, -7.919483407577797, 0.0], [112.55494055121333, -7.919701782372685, 0.0], [112.5548861850001, -7.919801943999971, 0.0], [112.55483975030079, -7.919823555722997, 0.0], [112.55415541554156, -7.91989198919892, 0.0], [112.55408450480306, -7.920246542891427, 0.0], [112.55362300408395, -7.92026702670267, 0.0], [112.5531803180318, -7.92026702670267, 0.0], [112.55312209585632, -7.919859471474267, 0.0], [112.55305657500003, -7.919248068999934, 0.0], [112.55303478006795, -7.919248260955724, 0.0], [112.5530303030303, -7.919216921692169, 0.0], [112.55244588971394, -7.919253447524442, 0.0], [112.55182976000003, -7.919258873999979, 0.0], [112.5517795830001, -7.919359952999969, 0.0], [112.55179384413641, -7.91989198919892, 0.0], [112.5515301530153, -7.91989198919892, 0.0], [112.55152321574349, -7.919933612829867, 0.0], [112.55151609500001, -7.919934284999954, 0.0], [112.5515086128506, -7.920021230187172, 0.0], [112.55145514551455, -7.92034203420342, 0.0], [112.55069908008491, -7.920439591033053, 0.0], [112.55005747100006, -7.9205130609999514, 0.0], [112.54989490302368, -7.920543355815145, 0.0], [112.5491299129913, -7.920642064206421, 0.0], [112.5491299129913, -7.920685913653467, 0.0], [112.5491120150001, -7.920689248999963, 0.0], [112.54912345900004, -7.922050169999977, 0.0], [112.54824693, -7.922156482999981, 0.0], [112.54789086900007, -7.922199668999951, 0.0], [112.54745406400002, -7.9222639979999485, 0.0], [112.5474416612874, -7.92226582456819, 0.0], [112.54147914791479, -7.922967296729673, 0.0], [112.54146275434549, -7.923705007348078, 0.0], [112.54143252100005, -7.924141739999925, 0.0], [112.5414371060001, -7.92426838199998, 0.0], [112.54143982213448, -7.924736956843671, 0.0], [112.54140945473296, -7.9261034899125455, 0.0], [112.54138540500003, -7.926311923999947, 0.0], [112.54130924080881, -7.926307046911463, 0.0], [112.54070795188801, -7.9260815635661634, 0.0], [112.54070712300006, -7.9260807339999815, 0.0], [112.54033242900005, -7.925816596999937, 0.0], [112.54003971200007, -7.925756112999977, 0.0], [112.53984468400006, -7.9257406509999555, 0.0], [112.53979733583057, -7.925740082544627, 0.0], [112.53960396039604, -7.925667566756676, 0.0], [112.53736396067325, -7.925750529709372, 0.0], [112.53722341100001, -7.925724654999954, 0.0], [112.53705261345205, -7.925762061087935, 0.0], [112.53660992476918, -7.925778456965078, 0.0], [112.53633112500006, -7.925724600999956, 0.0], [112.53608107100001, -7.925774160999936, 0.0], [112.53591281662175, -7.925804275785353, 0.0], [112.53562801624186, -7.925814823947571, 0.0], [112.53557405900006, -7.9257662659999255, 0.0], [112.53546313100003, -7.925640377999969, 0.0], [112.53536581471566, -7.925567260905019, 0.0], [112.53532853285328, -7.925517551755176, 0.0], [112.5343019617654, -7.925489035891624, 0.0], [112.53425352600004, -7.925479751999944, 0.0], [112.53416016000006, -7.925430823999932, 0.0], [112.53401766899307, -7.92548113887017, 0.0], [112.53397156082022, -7.9254798580875905, 0.0], [112.5337709050001, -7.925434245999952, 0.0], [112.53351537200001, -7.925377778999973, 0.0], [112.5334533250001, -7.92530405499997, 0.0], [112.53337075900004, -7.925263314999938, 0.0], [112.5328686040001, -7.925355477999972, 0.0], [112.53274117300009, -7.9254380349999565, 0.0], [112.53266706000011, -7.925438307999968, 0.0], [112.53251022900008, -7.92535679599996, 0.0], [112.53242397870616, -7.925351751312153, 0.0], [112.53195319531953, -7.925142514251426, 0.0], [112.53188146889988, -7.925147762526034, 0.0], [112.53181925000001, -7.925108911999928, 0.0], [112.53163400500011, -7.925130114999945, 0.0], [112.53146088900007, -7.92511438799994, 0.0], [112.5313777678735, -7.9251846186986965, 0.0], [112.52992571362562, -7.925290866570492, 0.0], [112.52977825100004, -7.92525644899996, 0.0], [112.52969591300007, -7.925277272999949, 0.0], [112.529637992226, -7.92531191935583, 0.0], [112.52922360350627, -7.9253422404816645, 0.0], [112.52914830000009, -7.925332622999974, 0.0], [112.5290775119791, -7.925352930105603, 0.0], [112.52887788778878, -7.925367536753676, 0.0]], [[112.55715571557155, -7.876312631263127, 0.0], [112.55835583558355, -7.876537653765377, 0.0], [112.55873087308731, -7.877737773777378, 0.0], [112.55865586558656, -7.878637863786379, 0.0], [112.55910591059106, -7.878787878787879, 0.0], [112.55918091809181, -7.876762676267627, 0.0], [112.55850585058506, -7.876087608760876, 0.0], [112.55775577557756, -7.875937593759376, 0.0], [112.55715571557155, -7.876312631263127, 0.0]], [[112.55940594059406, -7.8805880588058805, 0.0], [112.5597809780978, -7.880813081308131, 0.0], [112.56068106810682, -7.880663066306631, 0.0], [112.55970597059707, -7.88021302130213, 0.0], [112.55918091809181, -7.8794629462946295, 0.0], [112.55940594059406, -7.8805880588058805, 0.0]], [[112.51927692769277, -7.884188418841884, 0.0], [112.51927692769277, -7.884113411341134, 0.0], [112.51912691269126, -7.884188418841884, 0.0], [112.51927692769277, -7.884188418841884, 0.0]], [[112.5593309330933, -7.891089108910891, 0.0], [112.55985598559856, -7.891314131413141, 0.0], [112.5597809780978, -7.890789078907891, 0.0], [112.55910591059106, -7.8904890489048904, 0.0], [112.5593309330933, -7.891089108910891, 0.0]], [[112.55948094809482, -7.9000900090009, 0.0], [112.55955595559556, -7.89971497149715, 0.0], [112.55925592559255, -7.90001500150015, 0.0], [112.55948094809482, -7.9000900090009, 0.0]], [[112.55940594059406, -7.902865286528653, 0.0], [112.55948094809482, -7.902415241524152, 0.0], [112.5590309030903, -7.9027152715271525, 0.0], [112.55940594059406, -7.902865286528653, 0.0]], [[112.55670567056706, -7.913966396639664, 0.0], [112.55670567056706, -7.9138163816381635, 0.0], [112.5564806480648, -7.913966396639664, 0.0], [112.55670567056706, -7.913966396639664, 0.0]]]}}, {"type": "Feature", "properties": {"zona_ketinggian": "Tinggi", "rentang_mdpl": "1.000 - 1.400 mdpl", "elevasi_min_m": 1000, "elevasi_max_m": 1400, "wilayah_dominan": "Kecamatan Bumiaji (Bulukerto, Bumiaji, Giripurno, Gunungsari)"}, "geometry": {"type": "Polygon", "coordinates": [[[112.49774977497749, -7.807830783078308, 0.0], [112.49827482748275, -7.807680768076808, 0.0], [112.49857485748575, -7.807980798079808, 0.0], [112.498799879988, -7.80978097809781, 0.0], [112.49977497749775, -7.8106060606060606, 0.0], [112.50060006000601, -7.812106210621062, 0.0], [112.50142514251425, -7.8127062706270625, 0.0], [112.501500150015, -7.810756075607561, 0.0], [112.50217521752175, -7.81023102310231, 0.0], [112.50225022502251, -7.80955595559556, 0.0], [112.50127512751276, -7.808655865586559, 0.0], [112.50067506750675, -7.805955595559556, 0.0], [112.50217521752175, -7.8061806180618065, 0.0], [112.50262526252625, -7.8072307230723075, 0.0], [112.50547554755475, -7.80963096309631, 0.0], [112.50532553255326, -7.808505850585059, 0.0], [112.5037503750375, -7.807455745574558, 0.0], [112.50367536753676, -7.805955595559556, 0.0], [112.5043504350435, -7.805880588058806, 0.0], [112.5049504950495, -7.805355535553556, 0.0], [112.50600060006, -7.805505550555056, 0.0], [112.50675067506751, -7.805130513051306, 0.0], [112.50577557755776, -7.802880288028803, 0.0], [112.50510051005101, -7.802130213021302, 0.0], [112.504500450045, -7.802055205520552, 0.0], [112.5043504350435, -7.801380138013801, 0.0], [112.50337533753375, -7.800630063006301, 0.0], [112.504800480048, -7.800705070507051, 0.0], [112.506900690069, -7.802055205520552, 0.0], [112.50817581758176, -7.8016801680168015, 0.0], [112.51027602760276, -7.803255325532553, 0.0], [112.51200120012001, -7.8037803780378034, 0.0], [112.51162616261627, -7.802580258025802, 0.0], [112.51027602760276, -7.801755175517552, 0.0], [112.51012601260126, -7.8001800180018, 0.0], [112.50967596759676, -7.79965496549655, 0.0], [112.507200720072, -7.798454845484549, 0.0], [112.50652565256526, -7.797704770477048, 0.0], [112.50630063006301, -7.796804680468047, 0.0], [112.5052505250525, -7.796804680468047, 0.0], [112.50427542754275, -7.795679567956796, 0.0], [112.5031503150315, -7.795229522952296, 0.0], [112.50172517251725, -7.7938793879387935, 0.0], [112.50187518751875, -7.791854185418542, 0.0], [112.5028502850285, -7.791854185418542, 0.0], [112.5028502850285, -7.792379237923792, 0.0], [112.50367536753676, -7.792604260426042, 0.0], [112.50367536753676, -7.791254125412541, 0.0], [112.50397539753975, -7.790954095409541, 0.0], [112.50510051005101, -7.7917041704170416, 0.0], [112.50607560756076, -7.791554155415541, 0.0], [112.50637563756375, -7.792304230423042, 0.0], [112.507200720072, -7.792829282928293, 0.0], [112.50840084008401, -7.7927542754275425, 0.0], [112.50990099009901, -7.793354335433543, 0.0], [112.51012601260126, -7.792829282928293, 0.0], [112.50997599759975, -7.7917041704170416, 0.0], [112.51057605760576, -7.790654065406541, 0.0], [112.51230123012301, -7.78975397539754, 0.0], [112.51342634263426, -7.791029102910291, 0.0], [112.51462646264626, -7.79042904290429, 0.0], [112.51552655265526, -7.7905040504050405, 0.0], [112.51612661266127, -7.791179117911791, 0.0], [112.51732673267327, -7.7917041704170416, 0.0], [112.51815181518151, -7.792904290429043, 0.0], [112.51905190519052, -7.791404140414041, 0.0], [112.51875187518752, -7.789228922892289, 0.0], [112.52002700270027, -7.7883288328832885, 0.0], [112.52047704770477, -7.7872787278727875, 0.0], [112.51965196519652, -7.785028502850285, 0.0], [112.52077707770778, -7.785328532853286, 0.0], [112.52167716771677, -7.787878787878788, 0.0], [112.52242724272428, -7.787503750375038, 0.0], [112.52272727272727, -7.787653765376538, 0.0], [112.52272727272727, -7.788253825382538, 0.0], [112.52205220522052, -7.789078907890789, 0.0], [112.52175217521753, -7.790804080408041, 0.0], [112.52295229522953, -7.7917041704170416, 0.0], [112.52310231023102, -7.792229222922292, 0.0], [112.52512751275127, -7.792079207920792, 0.0], [112.52610261026102, -7.791329132913291, 0.0], [112.52640264026402, -7.792979297929793, 0.0], [112.52745274527453, -7.793429342934293, 0.0], [112.52812781278128, -7.792379237923792, 0.0], [112.52910291029103, -7.792079207920792, 0.0], [112.52895289528954, -7.793279327932793, 0.0], [112.52947794779477, -7.793429342934293, 0.0], [112.53007800780078, -7.792829282928293, 0.0], [112.53187818781878, -7.792904290429043, 0.0], [112.53225322532253, -7.791779177917792, 0.0], [112.53352835283529, -7.790729072907291, 0.0], [112.53337833783378, -7.792154215421542, 0.0], [112.53427842784278, -7.792229222922292, 0.0], [112.53390339033903, -7.793354335433543, 0.0], [112.53442844284429, -7.793654365436543, 0.0], [112.53442844284429, -7.794629462946295, 0.0], [112.53555355535553, -7.7938793879387935, 0.0], [112.53592859285929, -7.795829582958296, 0.0], [112.53697869786978, -7.795979597959796, 0.0], [112.53720372037203, -7.796279627962797, 0.0], [112.53817881788179, -7.796279627962797, 0.0], [112.53870387038704, -7.795604560456046, 0.0], [112.53892889288929, -7.797554755475548, 0.0], [112.53945394539454, -7.797704770477048, 0.0], [112.54005400540053, -7.796954695469547, 0.0], [112.54057905790579, -7.798529852985299, 0.0], [112.54170417041705, -7.798004800480048, 0.0], [112.54222922292229, -7.796354635463547, 0.0], [112.54275427542754, -7.7962046204620465, 0.0], [112.5428292829283, -7.796729672967297, 0.0], [112.54320432043204, -7.796879687968797, 0.0], [112.54267926792679, -7.798754875487549, 0.0], [112.5428292829283, -7.7995799579958, 0.0], [112.5435793579358, -7.799354935493549, 0.0], [112.54387938793879, -7.8003300330033, 0.0], [112.5443294329433, -7.8004800480048, 0.0], [112.54545454545455, -7.799204920492049, 0.0], [112.54582958295829, -7.8000300030003, 0.0], [112.54537953795379, -7.801380138013801, 0.0], [112.54575457545755, -7.801455145514551, 0.0], [112.54582958295829, -7.802055205520552, 0.0], [112.54665466546655, -7.802805280528053, 0.0], [112.5479297929793, -7.802955295529553, 0.0], [112.54830483048305, -7.801830183018302, 0.0], [112.5491299129913, -7.802655265526552, 0.0], [112.54987998799879, -7.8016051605160515, 0.0], [112.55100510051005, -7.801005100510051, 0.0], [112.55220522052205, -7.7995799579958, 0.0], [112.55273027302731, -7.7997299729973, 0.0], [112.5524302430243, -7.801005100510051, 0.0], [112.55273027302731, -7.802505250525052, 0.0], [112.55228022802281, -7.803255325532553, 0.0], [112.55228022802281, -7.804230423042304, 0.0], [112.5530303030303, -7.804005400540054, 0.0], [112.55295529552956, -7.8050555055505555, 0.0], [112.5540804080408, -7.804830483048304, 0.0], [112.5540804080408, -7.805655565556556, 0.0], [112.55513051305131, -7.806405640564057, 0.0], [112.5569306930693, -7.805430543054306, 0.0], [112.55670567056706, -7.806255625562557, 0.0], [112.55700570057006, -7.806630663066307, 0.0], [112.5564806480648, -7.806930693069307, 0.0], [112.5564806480648, -7.807980798079808, 0.0], [112.5576807680768, -7.807755775577558, 0.0], [112.55880588058805, -7.807080708070807, 0.0], [112.5576807680768, -7.808880888088809, 0.0], [112.56030603060306, -7.80993099309931, 0.0], [112.56045604560457, -7.811131113111311, 0.0], [112.56105610561056, -7.811281128112811, 0.0], [112.5614311431143, -7.810681068106811, 0.0], [112.56203120312031, -7.810981098109811, 0.0], [112.5626312631263, -7.81038103810381, 0.0], [112.56293129312931, -7.811131113111311, 0.0], [112.56360636063606, -7.810681068106811, 0.0], [112.56383138313831, -7.810831083108311, 0.0], [112.56383138313831, -7.811881188118812, 0.0], [112.56480648064806, -7.8105310531053105, 0.0], [112.56563156315632, -7.81023102310231, 0.0], [112.56525652565257, -7.810981098109811, 0.0], [112.56525652565257, -7.812331233123312, 0.0], [112.56675667566756, -7.8127062706270625, 0.0], [112.56765676567657, -7.811731173117312, 0.0], [112.56863186318631, -7.812031203120312, 0.0], [112.56938193819381, -7.8105310531053105, 0.0], [112.57065706570657, -7.810906090609061, 0.0], [112.57238223822382, -7.80985598559856, 0.0], [112.57343234323433, -7.811356135613561, 0.0], [112.57418241824182, -7.811131113111311, 0.0], [112.57447224741723, -7.812725173576087, 0.0], [112.57445661800011, -7.812786071999938, 0.0], [112.57349909400011, -7.8142236409999555, 0.0], [112.57319763602536, -7.814742307304904, 0.0], [112.57163216321632, -7.817131713171317, 0.0], [112.57165858465605, -7.817205106059469, 0.0], [112.57163623500003, -7.817303438999943, 0.0], [112.57177287758313, -7.817522586412436, 0.0], [112.57223059677685, -7.818794028617233, 0.0], [112.57227806441456, -7.819089096650398, 0.0], [112.57148214821483, -7.821332133213321, 0.0], [112.57150403317947, -7.821769832506225, 0.0], [112.57148763700002, -7.822207645999981, 0.0], [112.5715410329037, -7.822509826990774, 0.0], [112.57155715571557, -7.822832283228323, 0.0], [112.57164410232988, -7.823093123071274, 0.0], [112.57168433200002, -7.823320792999937, 0.0], [112.57177009620244, -7.8234711046889505, 0.0], [112.57202364710739, -7.824231757403766, 0.0], [112.57205927572436, -7.8244991707299185, 0.0], [112.57196323350169, -7.824883339620597, 0.0], [112.57192174600004, -7.824984443999938, 0.0], [112.57193721398416, -7.824987417690764, 0.0], [112.57193219321933, -7.8250075007500755, 0.0], [112.57219160988812, -7.825036324824386, 0.0], [112.57265665592443, -7.825125729049391, 0.0], [112.57290189985883, -7.8253403174919915, 0.0], [112.57316953700001, -7.825619948999929, 0.0], [112.57323163447643, -7.825923639432762, 0.0], [112.57327331602941, -7.826465499621477, 0.0], [112.57322261226082, -7.826644970584434, 0.0], [112.57222425187206, -7.827686737946617, 0.0], [112.57162591100007, -7.828263174999961, 0.0], [112.57161381866977, -7.8283237117229145, 0.0], [112.57155715571557, -7.8283828382838285, 0.0], [112.57129272128313, -7.829903336270386, 0.0], [112.57106903200008, -7.830417519999969, 0.0], [112.57102689300007, -7.83082486099994, 0.0], [112.57102291000001, -7.831138580999948, 0.0], [112.57095408200007, -7.831606772999976, 0.0], [112.57091387100002, -7.831850202999931, 0.0], [112.57089496800006, -7.831933535999951, 0.0], [112.57089593039507, -7.831940222618704, 0.0], [112.57075140503638, -7.832193141996427, 0.0], [112.57069090900006, -7.832288954999967, 0.0], [112.57062964700003, -7.832401827999945, 0.0], [112.57045100800008, -7.832696941999927, 0.0], [112.57043929684346, -7.832739331334012, 0.0], [112.57035703570357, -7.832883288328833, 0.0], [112.5701527343997, -7.834167467953126, 0.0], [112.56990474600002, -7.834933154999931, 0.0], [112.56981942200002, -7.836147339999968, 0.0], [112.56963884000004, -7.836603110999931, 0.0], [112.56948817800003, -7.83682263299994, 0.0], [112.56945012600126, -7.837185993504127, 0.0], [112.56923192319232, -7.837758775877588, 0.0], [112.56923918272234, -7.837816852117806, 0.0], [112.56921468400003, -7.837864574999969, 0.0], [112.56936778900001, -7.838975351999977, 0.0], [112.56939193270755, -7.839038851999425, 0.0], [112.56943476375574, -7.839381500384907, 0.0], [112.56942635100006, -7.8395384469999385, 0.0], [112.56941109194177, -7.839642571562449, 0.0], [112.56818181818181, -7.841884188418842, 0.0], [112.56728172817282, -7.841734173417342, 0.0], [112.56705670567057, -7.842109210921092, 0.0], [112.56473147314732, -7.83993399339934, 0.0], [112.56450645064507, -7.83993399339934, 0.0], [112.56428142814282, -7.841434143414341, 0.0], [112.56353135313532, -7.842259225922592, 0.0], [112.56345634563456, -7.842934293429343, 0.0], [112.56218121812181, -7.843234323432343, 0.0], [112.56128112811281, -7.843234323432343, 0.0], [112.56008100810081, -7.8427092709270925, 0.0], [112.55993099309931, -7.841584158415841, 0.0], [112.55940594059406, -7.841134113411341, 0.0], [112.55925592559255, -7.84038403840384, 0.0], [112.55888088808881, -7.84023402340234, 0.0], [112.55835583558355, -7.8406090609060906, 0.0], [112.55820582058206, -7.83993399339934, 0.0], [112.55700570057006, -7.840984098409841, 0.0], [112.55678067806781, -7.84030903090309, 0.0], [112.55610561056106, -7.84038403840384, 0.0], [112.55565556555655, -7.83993399339934, 0.0], [112.55550555055505, -7.841059105910591, 0.0], [112.5542304230423, -7.841209120912091, 0.0], [112.55355535553555, -7.840759075907591, 0.0], [112.5533303330333, -7.84008400840084, 0.0], [112.55235523552355, -7.84045904590459, 0.0], [112.5519801980198, -7.83985898589859, 0.0], [112.55130513051306, -7.83993399339934, 0.0], [112.55100510051005, -7.837908790879088, 0.0], [112.55040504050405, -7.837533753375338, 0.0], [112.54920492049204, -7.838583858385839, 0.0], [112.54935493549355, -7.837458745874588, 0.0], [112.54860486048605, -7.836933693369337, 0.0], [112.5476297629763, -7.838133813381338, 0.0], [112.54695469546955, -7.838208820882088, 0.0], [112.54590459045905, -7.836933693369337, 0.0], [112.54620462046205, -7.835433543354336, 0.0], [112.54500450045005, -7.836333633363337, 0.0], [112.54425442544255, -7.838133813381338, 0.0], [112.54380438043805, -7.838433843384339, 0.0], [112.54297929792979, -7.837908790879088, 0.0], [112.54245424542454, -7.838658865886589, 0.0], [112.54185418541854, -7.8383588358835885, 0.0], [112.54095409540955, -7.838433843384339, 0.0], [112.5404290429043, -7.837533753375338, 0.0], [112.53922892289229, -7.837983798379838, 0.0], [112.53862886288628, -7.837158715871587, 0.0], [112.53825382538254, -7.837158715871587, 0.0], [112.53772877287729, -7.837608760876088, 0.0], [112.5371287128713, -7.837458745874588, 0.0], [112.53675367536754, -7.837833783378338, 0.0], [112.53667866786678, -7.838808880888089, 0.0], [112.53502850285028, -7.84015901590159, 0.0], [112.53457845784578, -7.83985898589859, 0.0], [112.53457845784578, -7.838733873387339, 0.0], [112.53397839783979, -7.838058805880588, 0.0], [112.53292829282928, -7.838133813381338, 0.0], [112.53330333033303, -7.836333633363337, 0.0], [112.53247824782478, -7.836933693369337, 0.0], [112.53172817281728, -7.836933693369337, 0.0], [112.53135313531354, -7.837608760876088, 0.0], [112.53007800780078, -7.837533753375338, 0.0], [112.52872787278727, -7.836708670867087, 0.0], [112.52850285028502, -7.835583558355836, 0.0], [112.52797779777978, -7.835283528352836, 0.0], [112.52745274527453, -7.834233423342334, 0.0], [112.52745274527453, -7.833633363336333, 0.0], [112.52587758775877, -7.833258325832583, 0.0], [112.52602760276028, -7.832133213321332, 0.0], [112.52692769276928, -7.83018301830183, 0.0], [112.52692769276928, -7.828907890789079, 0.0], [112.52655265526553, -7.8283828382838285, 0.0], [112.52602760276028, -7.828982898289829, 0.0], [112.52490249024902, -7.829207920792079, 0.0], [112.52475247524752, -7.82988298829883, 0.0], [112.52415241524153, -7.83033303330333, 0.0], [112.52257725772577, -7.83033303330333, 0.0], [112.52400240024002, -7.8327332733273325, 0.0], [112.52377737773777, -7.833933393339334, 0.0], [112.52422742274227, -7.835133513351336, 0.0], [112.52347734773477, -7.836033603360336, 0.0], [112.52302730273027, -7.836033603360336, 0.0], [112.52250225022502, -7.835208520852086, 0.0], [112.52182718271827, -7.835208520852086, 0.0], [112.52100210021003, -7.834383438343834, 0.0], [112.52062706270627, -7.834308430843084, 0.0], [112.51972697269727, -7.834983498349835, 0.0], [112.51875187518752, -7.834008400840084, 0.0], [112.51777677767777, -7.834308430843084, 0.0], [112.51747674767476, -7.835283528352836, 0.0], [112.51680168016802, -7.835508550855086, 0.0], [112.51522652265227, -7.834983498349835, 0.0], [112.51425142514252, -7.834233423342334, 0.0], [112.51402640264027, -7.833333333333333, 0.0], [112.51350135013502, -7.833258325832583, 0.0], [112.51312631263126, -7.8337833783378334, 0.0], [112.51305130513052, -7.834758475847584, 0.0], [112.51372637263727, -7.836408640864087, 0.0], [112.51507650765076, -7.837683768376838, 0.0], [112.51492649264927, -7.838208820882088, 0.0], [112.51410141014101, -7.838133813381338, 0.0], [112.51297629762976, -7.837008700870087, 0.0], [112.5121512151215, -7.834758475847584, 0.0], [112.51042604260427, -7.834233423342334, 0.0], [112.51027602760276, -7.835433543354336, 0.0], [112.51072607260726, -7.837383738373838, 0.0], [112.510501050105, -7.838433843384339, 0.0], [112.50922592259226, -7.838133813381338, 0.0], [112.50817581758176, -7.838508850885089, 0.0], [112.5073507350735, -7.838133813381338, 0.0], [112.50660066006601, -7.836783678367837, 0.0], [112.50592559255925, -7.836483648364837, 0.0], [112.50540054005401, -7.835508550855086, 0.0], [112.50510051005101, -7.836408640864087, 0.0], [112.50547554755475, -7.837158715871587, 0.0], [112.50487548754876, -7.837833783378338, 0.0], [112.50352535253525, -7.837683768376838, 0.0], [112.50300030003001, -7.837158715871587, 0.0], [112.50322532253226, -7.838958895889589, 0.0], [112.5010501050105, -7.83955895589559, 0.0], [112.5004500450045, -7.84000900090009, 0.0], [112.5007500750075, -7.840909090909091, 0.0], [112.502100210021, -7.840684068406841, 0.0], [112.50420042004201, -7.841359135913591, 0.0], [112.50585058505851, -7.841059105910591, 0.0], [112.50592559255925, -7.843009300930093, 0.0], [112.50742574257426, -7.844134413441344, 0.0], [112.50892589258926, -7.843459345934593, 0.0], [112.50900090009002, -7.842259225922592, 0.0], [112.50945094509451, -7.842334233423342, 0.0], [112.50990099009901, -7.843609360936093, 0.0], [112.50967596759676, -7.844734473447344, 0.0], [112.50997599759975, -7.8451095109510955, 0.0], [112.51020102010202, -7.845334533453346, 0.0], [112.51162616261627, -7.845259525952596, 0.0], [112.51372637263727, -7.846759675967597, 0.0], [112.51380138013802, -7.8472097209720975, 0.0], [112.51297629762976, -7.847434743474348, 0.0], [112.51245124512451, -7.848184818481848, 0.0], [112.50922592259226, -7.848934893489349, 0.0], [112.5088508850885, -7.84953495349535, 0.0], [112.50945094509451, -7.851710171017102, 0.0], [112.51110111011101, -7.851935193519352, 0.0], [112.51222622262226, -7.852835283528353, 0.0], [112.51170117011701, -7.853285328532853, 0.0], [112.51170117011701, -7.854110411041104, 0.0], [112.51125112511251, -7.854560456045604, 0.0], [112.51117611761177, -7.8562106210621065, 0.0], [112.51072607260726, -7.856960696069607, 0.0], [112.50960096009601, -7.856660666066607, 0.0], [112.50847584758476, -7.855610561056106, 0.0], [112.50772577257726, -7.855685568556856, 0.0], [112.506900690069, -7.856435643564357, 0.0], [112.50600060006, -7.856660666066607, 0.0], [112.50307530753075, -7.856360636063607, 0.0], [112.50067506750675, -7.858235823582358, 0.0], [112.4995499549955, -7.8583108310831085, 0.0], [112.49819981998199, -7.8594359435943595, 0.0], [112.49797479747974, -7.86003600360036, 0.0], [112.4983498349835, -7.860936093609361, 0.0], [112.49797479747974, -7.861386138613861, 0.0], [112.49632463246324, -7.861986198619862, 0.0], [112.49467446744674, -7.861761176117612, 0.0], [112.4944494449445, -7.862361236123612, 0.0], [112.49339933993399, -7.862961296129613, 0.0], [112.49227422742274, -7.8627362736273625, 0.0], [112.49137413741374, -7.864236423642364, 0.0], [112.49152415241524, -7.864686468646864, 0.0], [112.49249924992499, -7.8650615061506155, 0.0], [112.49197419741974, -7.867386738673868, 0.0], [112.493099309931, -7.867611761176118, 0.0], [112.49459945994599, -7.867161716171617, 0.0], [112.49512451245124, -7.8661116111611165, 0.0], [112.496699669967, -7.865436543654366, 0.0], [112.4971497149715, -7.865811581158116, 0.0], [112.4971497149715, -7.866636663666367, 0.0], [112.4974497449745, -7.866861686168617, 0.0], [112.49812481248125, -7.866861686168617, 0.0], [112.500300030003, -7.865736573657366, 0.0], [112.50022502250225, -7.866336633663367, 0.0], [112.5010501050105, -7.867386738673868, 0.0], [112.504500450045, -7.8683618361836185, 0.0], [112.50502550255025, -7.869186918691869, 0.0], [112.50510051005101, -7.87016201620162, 0.0], [112.5040504050405, -7.871362136213621, 0.0], [112.50442544254426, -7.871887188718872, 0.0], [112.50382538253825, -7.873012301230123, 0.0], [112.50420042004201, -7.874437443744375, 0.0], [112.504800480048, -7.8750375037503755, 0.0], [112.50562556255626, -7.875262526252626, 0.0], [112.50592559255925, -7.875787578757876, 0.0], [112.5076507650765, -7.875712571257126, 0.0], [112.50742574257426, -7.876912691269127, 0.0], [112.508100810081, -7.877587758775878, 0.0], [112.50990099009901, -7.877737773777378, 0.0], [112.51027602760276, -7.8783378337833785, 0.0], [112.51155115511551, -7.878787878787879, 0.0], [112.51357635763577, -7.880663066306631, 0.0], [112.51447644764477, -7.8805880588058805, 0.0], [112.51560156015601, -7.8816381638163815, 0.0], [112.51725172517251, -7.882238223822382, 0.0], [112.51785178517852, -7.883138313831383, 0.0], [112.51867686768676, -7.883513351335133, 0.0], [112.51890189018901, -7.884863486348635, 0.0], [112.51957695769578, -7.884638463846384, 0.0], [112.51995199519952, -7.885463546354636, 0.0], [112.52032703270326, -7.885538553855386, 0.0], [112.52025202520252, -7.885838583858386, 0.0], [112.52077707770778, -7.885988598859886, 0.0], [112.52062706270627, -7.886738673867387, 0.0], [112.52115211521152, -7.886738673867387, 0.0], [112.52182718271827, -7.887563756375638, 0.0], [112.52182718271827, -7.888088808880888, 0.0], [112.52137713771377, -7.888613861386139, 0.0], [112.52145214521452, -7.8894389438943895, 0.0], [112.52310231023102, -7.891389138913891, 0.0], [112.52437743774378, -7.893564356435643, 0.0], [112.52445244524452, -7.894314431443144, 0.0], [112.52490249024902, -7.894539453945395, 0.0], [112.52490249024902, -7.8950645064506455, 0.0], [112.52580258025803, -7.895739573957396, 0.0], [112.52572757275728, -7.8961146114611465, 0.0], [112.52610261026102, -7.896414641464147, 0.0], [112.52587758775877, -7.897089708970897, 0.0], [112.52647764776478, -7.897614761476148, 0.0], [112.52617761776177, -7.898589858985899, 0.0], [112.52647764776478, -7.898739873987399, 0.0], [112.52677767776778, -7.90001500150015, 0.0], [112.52602760276028, -7.900915091509151, 0.0], [112.52715271527153, -7.901515151515151, 0.0], [112.52760276027603, -7.902265226522652, 0.0], [112.52715271527153, -7.903015301530153, 0.0], [112.52715271527153, -7.903765376537653, 0.0], [112.52805280528052, -7.9051155115511555, 0.0], [112.52835283528353, -7.9072157215721575, 0.0], [112.52722772277228, -7.908640864086409, 0.0], [112.52707770777077, -7.90969096909691, 0.0], [112.52610261026102, -7.91036603660366, 0.0], [112.52475247524752, -7.912091209120912, 0.0], [112.52205220522052, -7.912016201620162, 0.0], [112.52160216021602, -7.912466246624662, 0.0], [112.52287728772878, -7.913516351635163, 0.0], [112.52287728772878, -7.914116411641164, 0.0], [112.52227722772277, -7.914491449144915, 0.0], [112.52497749774977, -7.914191419141914, 0.0], [112.52625262526253, -7.914716471647164, 0.0], [112.52760276027603, -7.916366636663667, 0.0], [112.52782778277827, -7.917116711671167, 0.0], [112.52707770777077, -7.917716771677168, 0.0], [112.52812781278128, -7.918541854185419, 0.0], [112.52812781278128, -7.919141914191419, 0.0], [112.52775277527753, -7.91951695169517, 0.0], [112.52670267026703, -7.91966696669667, 0.0], [112.52662766276627, -7.92041704170417, 0.0], [112.52827782778277, -7.920792079207921, 0.0], [112.52955295529553, -7.92041704170417, 0.0], [112.53015301530154, -7.921242124212421, 0.0], [112.52985298529853, -7.921767176717672, 0.0], [112.52760276027603, -7.921917191719172, 0.0], [112.52677767776778, -7.922442244224422, 0.0], [112.52692769276928, -7.9227422742274225, 0.0], [112.52865286528653, -7.923192319231923, 0.0], [112.52887788778878, -7.9237923792379235, 0.0], [112.52962796279628, -7.924317431743175, 0.0], [112.52902790279028, -7.924842484248424, 0.0], [112.52888659945884, -7.92540769757418, 0.0], [112.52881502600007, -7.925428229999966, 0.0], [112.52862944900005, -7.925379638999971, 0.0], [112.52851651000003, -7.925373444999934, 0.0], [112.52841932800004, -7.925368114999969, 0.0], [112.52819264900006, -7.925327901999935, 0.0], [112.52806098100007, -7.925357133999967, 0.0], [112.52783034000004, -7.925357979999944, 0.0], [112.52754203900008, -7.925379558999964, 0.0], [112.52741870400007, -7.925437418999934, 0.0], [112.52716330800001, -7.925438354999926, 0.0], [112.52694484000006, -7.925394042999926, 0.0], [112.52684189000001, -7.925402646999942, 0.0], [112.52660464100006, -7.92541680599993, 0.0], [112.52655631387698, -7.925442544254426, 0.0], [112.52647764776478, -7.925442544254426, 0.0], [112.52544308269297, -7.925992156948823, 0.0], [112.52475834300003, -7.926264797999977, 0.0], [112.52429358100005, -7.926459425999951, 0.0], [112.52409022100005, -7.926679857999943, 0.0], [112.5235942680631, -7.92685571167508, 0.0], [112.52250225022502, -7.927167716771677, 0.0], [112.52250225022502, -7.9272015398073465, 0.0], [112.52249804100006, -7.927202713999975, 0.0], [112.52241161800009, -7.927231778999953, 0.0], [112.52241192000008, -7.927313867999942, 0.0], [112.52249899200001, -7.927461273999938, 0.0], [112.52250225022502, -7.927495628220196, 0.0], [112.52250225022502, -7.927647821070392, 0.0], [112.52242157900002, -7.9276831429999675, 0.0], [112.52225777269182, -7.9276821398189625, 0.0], [112.52160907610705, -7.927653935619625, 0.0], [112.5215898240001, -7.927652640999952, 0.0], [112.52123027900006, -7.927580814999942, 0.0], [112.52098836900007, -7.92758902099996, 0.0], [112.52088599512741, -7.927622497316162, 0.0], [112.52077707770778, -7.927617761776178, 0.0], [112.5189941355824, -7.928005357890388, 0.0], [112.51884498400011, -7.927987669999936, 0.0], [112.51862523600005, -7.92804334799996, 0.0], [112.51846769200006, -7.9280731239999795, 0.0], [112.5178261420001, -7.928170569999963, 0.0], [112.51731723500006, -7.9283414839999296, 0.0], [112.51697732700006, -7.928342721999968, 0.0], [112.51646772600009, -7.928344577999951, 0.0], [112.51634570677277, -7.928345022227853, 0.0], [112.5158755011876, -7.928334087214244, 0.0], [112.5152215810001, -7.92823646599993, 0.0], [112.51471205400003, -7.928238318999945, 0.0], [112.51430575599143, -7.928297581512008, 0.0], [112.51410141014101, -7.9282928292829284, 0.0], [112.5139474840086, -7.9283498389616005, 0.0], [112.51392001900001, -7.928353844999947, 0.0], [112.5134553942301, -7.928532094435113, 0.0], [112.51259054284398, -7.928852409763311, 0.0], [112.51216702300007, -7.928980675999981, 0.0], [112.51199723700006, -7.929037705999974, 0.0], [112.51111027400009, -7.9291689409999435, 0.0], [112.51071425500004, -7.929226791999952, 0.0], [112.51058962467835, -7.929247950213521, 0.0], [112.50990099009901, -7.929342934293429, 0.0], [112.50975625019515, -7.929447468668435, 0.0], [112.50958292200005, -7.929512963999969, 0.0], [112.50918755500004, -7.929852609999955, 0.0], [112.50913879171068, -7.929893410907224, 0.0], [112.508697886726, -7.9302118422850505, 0.0], [112.50850997600003, -7.930306285999961, 0.0], [112.50771714900009, -7.930309156999954, 0.0], [112.5074101728991, -7.93015763701824, 0.0], [112.50697569756976, -7.92986798679868, 0.0], [112.50547554755475, -7.92956795679568, 0.0], [112.504800480048, -7.928817881788179, 0.0], [112.50562556255626, -7.9282928292829284, 0.0], [112.506900690069, -7.928517851785179, 0.0], [112.50780078007801, -7.927617761776178, 0.0], [112.50750075007501, -7.926942694269427, 0.0], [112.50892589258926, -7.925967596759676, 0.0], [112.5088508850885, -7.925292529252926, 0.0], [112.50705070507051, -7.924992499249925, 0.0], [112.50667566756675, -7.924542454245424, 0.0], [112.50472547254725, -7.924692469246924, 0.0], [112.5040504050405, -7.924317431743175, 0.0], [112.50532553255326, -7.923567356735673, 0.0], [112.50630063006301, -7.922292229222922, 0.0], [112.5088508850885, -7.92026702670267, 0.0], [112.50877587758775, -7.917866786678668, 0.0], [112.50712571257125, -7.917566756675668, 0.0], [112.50600060006, -7.918016801680168, 0.0], [112.50420042004201, -7.918016801680168, 0.0], [112.50322532253226, -7.917491749174918, 0.0], [112.5040504050405, -7.916066606660666, 0.0], [112.503300330033, -7.914866486648664, 0.0], [112.50367536753676, -7.913291329132913, 0.0], [112.50420042004201, -7.912616261626162, 0.0], [112.50487548754876, -7.912466246624662, 0.0], [112.50472547254725, -7.9116411641164115, 0.0], [112.50585058505851, -7.9105910591059105, 0.0], [112.506900690069, -7.908715871587159, 0.0], [112.507200720072, -7.908040804080408, 0.0], [112.50697569756976, -7.907065706570657, 0.0], [112.5073507350735, -7.906765676567657, 0.0], [112.5073507350735, -7.906090609060906, 0.0], [112.50780078007801, -7.905790579057906, 0.0], [112.50780078007801, -7.902490249024902, 0.0], [112.507200720072, -7.901515151515151, 0.0], [112.50727572757276, -7.90046504650465, 0.0], [112.50682568256826, -7.899189918991899, 0.0], [112.505700570057, -7.898964896489649, 0.0], [112.50607560756076, -7.897089708970897, 0.0], [112.502100210021, -7.892964296429643, 0.0], [112.50060006000601, -7.892514251425142, 0.0], [112.4998499849985, -7.893039303930393, 0.0], [112.499099909991, -7.891464146414641, 0.0], [112.4980498049805, -7.8916141614161415, 0.0], [112.49647464746475, -7.891164116411641, 0.0], [112.4944494449445, -7.891314131413141, 0.0], [112.49422442244224, -7.891014101410141, 0.0], [112.49437443744374, -7.89003900390039, 0.0], [112.49347434743474, -7.8894389438943895, 0.0], [112.4926492649265, -7.88966396639664, 0.0], [112.490699069907, -7.88951395139514, 0.0], [112.48934893489348, -7.8904890489048904, 0.0], [112.48859885988598, -7.8904890489048904, 0.0], [112.4878487848785, -7.891089108910891, 0.0], [112.48649864986498, -7.891539153915391, 0.0], [112.48649864986498, -7.89041404140414, 0.0], [112.48597359735973, -7.88951395139514, 0.0], [112.48432343234323, -7.888838883888389, 0.0], [112.48447344734474, -7.887863786378638, 0.0], [112.48559855985599, -7.886813681368137, 0.0], [112.48634863486349, -7.886663666366637, 0.0], [112.48829882988299, -7.885388538853886, 0.0], [112.48612361236124, -7.8850885088508855, 0.0], [112.48589858985899, -7.884638463846384, 0.0], [112.48439843984399, -7.883963396339634, 0.0], [112.48304830483049, -7.885313531353136, 0.0], [112.48229822982299, -7.885388538853886, 0.0], [112.48229822982299, -7.8850885088508855, 0.0], [112.48304830483049, -7.883138313831383, 0.0], [112.48499849984998, -7.881563156315631, 0.0], [112.4849242525007, -7.880597940775006, 0.0], [112.48510044700004, -7.8804506099999685, 0.0], [112.48547023000003, -7.880049965999945, 0.0], [112.48582575600005, -7.879782453999951, 0.0], [112.48629952500005, -7.879351786999962, 0.0], [112.48671415100011, -7.878965628999936, 0.0], [112.48723183100003, -7.87837198099993, 0.0], [112.48763137200001, -7.877971229999957, 0.0], [112.48773309086548, -7.877704523486589, 0.0], [112.48777377737774, -7.877662766276628, 0.0], [112.48777514769054, -7.877594250636745, 0.0], [112.4877782860001, -7.877586021999946, 0.0], [112.48777783556793, -7.877459856767394, 0.0], [112.48779839038663, -7.876432115832366, 0.0], [112.48780350700008, -7.87631370899993, 0.0], [112.48786358400002, -7.874687595999944, 0.0], [112.48784019652426, -7.874341808950736, 0.0], [112.4878487848785, -7.873912391239124, 0.0], [112.48734233681854, -7.868920260362437, 0.0], [112.48737803634313, -7.868508797013849, 0.0], [112.48769876987699, -7.867161716171617, 0.0], [112.48768850183707, -7.867017963612835, 0.0], [112.48769919400002, -7.866965605999951, 0.0], [112.48773755700006, -7.866483593999931, 0.0], [112.48768040200002, -7.865931221999972, 0.0], [112.48757819817452, -7.865473712337016, 0.0], [112.4875565701483, -7.865170919970028, 0.0], [112.48766163500011, -7.864861940999958, 0.0], [112.48766517319812, -7.864848072559127, 0.0], [112.48799879987999, -7.864236423642364, 0.0], [112.48795248955693, -7.863865941057932, 0.0], [112.48793732100012, -7.863723266999955, 0.0], [112.4879738530616, -7.863580045368705, 0.0], [112.48852385238524, -7.862961296129613, 0.0], [112.48874887488749, -7.861236123612361, 0.0], [112.48867741025143, -7.861191458214822, 0.0], [112.48863430900008, -7.861118397999974, 0.0], [112.48836341000003, -7.860976783999945, 0.0], [112.48825011600002, -7.860912001999964, 0.0], [112.48814114945283, -7.860784431822078, 0.0], [112.48812959138114, -7.860668851105147, 0.0], [112.488121664, -7.8604964889999565, 0.0], [112.48809552605248, -7.860328197818436, 0.0], [112.48807380738074, -7.86011101110111, 0.0], [112.48703913872133, -7.858882342068047, 0.0], [112.48702590000005, -7.858863618999976, 0.0], [112.48701438977147, -7.858852952690107, 0.0], [112.48687368736874, -7.858685868586859, 0.0], [112.48790826780075, -7.85878932663006, 0.0], [112.48804859900008, -7.858898963999934, 0.0], [112.48830547000011, -7.858923638999954, 0.0], [112.48872927000002, -7.858934975999944, 0.0], [112.48896053900012, -7.858972579999943, 0.0], [112.4892048690001, -7.859086893999972, 0.0], [112.48955165000007, -7.859098501999938, 0.0], [112.48981142145252, -7.858979641995236, 0.0], [112.48987398739874, -7.858985898589859, 0.0], [112.48988581960353, -7.858903073156274, 0.0], [112.49002537600006, -7.858725515999936, 0.0], [112.49016439000002, -7.858097590999932, 0.0], [112.49012451100009, -7.857713678999971, 0.0], [112.49013632100002, -7.857419086999926, 0.0], [112.4902084411827, -7.857341102985744, 0.0], [112.49043555949912, -7.857196573148029, 0.0], [112.49058476300002, -7.857148622999944, 0.0], [112.49081525500003, -7.85696861699995, 0.0], [112.49082840070967, -7.856946583286768, 0.0], [112.49092409240924, -7.856885688568857, 0.0], [112.49131710847308, -7.85590314840923, 0.0], [112.49142716600011, -7.85573725699993, 0.0], [112.49152115300001, -7.8554628969999385, 0.0], [112.49172375260302, -7.85524037478092, 0.0], [112.49211887347026, -7.854953014150208, 0.0], [112.49223814200002, -7.854886712999928, 0.0], [112.49245769800007, -7.85478576099996, 0.0], [112.49284454400004, -7.854752382999948, 0.0], [112.49297339300006, -7.854671552999946, 0.0], [112.49323908100007, -7.85459041699994, 0.0], [112.49356913300005, -7.8544205429999465, 0.0], [112.49381089200006, -7.854339311999979, 0.0], [112.49400417900006, -7.854274434999979, 0.0], [112.4942213490001, -7.854217428999959, 0.0], [112.49443084500001, -7.854168496999932, 0.0], [112.49455145700006, -7.854063646999975, 0.0], [112.49456682261986, -7.854046282649063, 0.0], [112.49459945994599, -7.854035403540354, 0.0], [112.49459699048475, -7.854012190604688, 0.0], [112.49461558000007, -7.853991182999948, 0.0], [112.49459710300005, -7.853340672999934, 0.0], [112.49458521000008, -7.853214234999939, 0.0], [112.49454489700008, -7.852939989999982, 0.0], [112.49452992300007, -7.852769999999964, 0.0], [112.49452416600002, -7.852704640999946, 0.0], [112.49446419700007, -7.852391228999977, 0.0], [112.4943696314762, -7.851875015924292, 0.0], [112.49422442244224, -7.8505100510051005, 0.0], [112.49393554924102, -7.849354558200208, 0.0], [112.49378078100005, -7.848380537999958, 0.0], [112.4936411430001, -7.84791045999998, 0.0], [112.49354168100001, -7.847655861999954, 0.0], [112.49347727800993, -7.8475214732758705, 0.0], [112.49296559375068, -7.845474736238858, 0.0], [112.49325529400005, -7.84461754199998, 0.0], [112.49353013100006, -7.843602549999957, 0.0], [112.4939412220001, -7.843032514999948, 0.0], [112.49405889200011, -7.84281647399996, 0.0], [112.49426988023231, -7.842292186041088, 0.0], [112.49437443744374, -7.842109210921092, 0.0], [112.49458981822441, -7.839237467178793, 0.0], [112.49463599400008, -7.839108330999977, 0.0], [112.4948323750001, -7.838990102999958, 0.0], [112.49500902900002, -7.838812818999941, 0.0], [112.49520498900006, -7.838576971999942, 0.0], [112.49542067400012, -7.838399729999935, 0.0], [112.49564177776583, -7.8380665930712485, 0.0], [112.49662466246625, -7.837083708370837, 0.0], [112.49663670334108, -7.8369753404972915, 0.0], [112.49665754700004, -7.836929281999971, 0.0], [112.49668699600011, -7.836789531999955, 0.0], [112.49671541200007, -7.836654687999953, 0.0], [112.49673446000008, -7.8364191979999305, 0.0], [112.49669224494238, -7.836397503327166, 0.0], [112.49598911562887, -7.835342809356894, 0.0], [112.49597225490324, -7.8346717098719445, 0.0], [112.49602460246025, -7.833258325832583, 0.0], [112.4952707913916, -7.832435986484977, 0.0], [112.49520385500011, -7.832287381999947, 0.0], [112.49518998000008, -7.832139268999981, 0.0], [112.49518364500011, -7.832071649999932, 0.0], [112.4951924510001, -7.832008592999955, 0.0], [112.49520282800006, -7.831934290999925, 0.0], [112.49520886000005, -7.831891096999925, 0.0], [112.49522199600005, -7.8317970349999655, 0.0], [112.49522182900012, -7.831795664999959, 0.0], [112.49520697500009, -7.831673516999956, 0.0], [112.49518147700007, -7.831463844999973, 0.0], [112.49514123400002, -7.831228745999965, 0.0], [112.49512782095694, -7.831211051902698, 0.0], [112.49512451245124, -7.831158115811581, 0.0], [112.49430677270459, -7.830122312132477, 0.0], [112.49402937200011, -7.829694665999966, 0.0], [112.49395341500008, -7.829445679999935, 0.0], [112.49395240500007, -7.829162230999941, 0.0], [112.49395218200004, -7.829099706999955, 0.0], [112.49395217100005, -7.829096708999941, 0.0], [112.49382564500002, -7.82867323399995, 0.0], [112.49367478300007, -7.828449465999938, 0.0], [112.49362664012071, -7.8283661872932955, 0.0], [112.49357965458515, -7.828193906996233, 0.0], [112.49358108600006, -7.828172850999977, 0.0], [112.49359784900003, -7.827926274999982, 0.0], [112.49364645000003, -7.827527131999943, 0.0], [112.49372045400003, -7.82722789099995, 0.0], [112.49396922800008, -7.826853081999957, 0.0], [112.49430204199732, -7.826245228400216, 0.0], [112.4956184249052, -7.824197521654608, 0.0], [112.49591075700005, -7.823904594999931, 0.0], [112.49615926000001, -7.823454928999979, 0.0], [112.49648256500006, -7.822930319999955, 0.0], [112.49649719794624, -7.822917259574997, 0.0], [112.49887488748875, -7.821332133213321, 0.0], [112.4988997288478, -7.8212700298156905, 0.0], [112.49892880200002, -7.821251261999976, 0.0], [112.49894927505872, -7.821146164288409, 0.0], [112.49902490249025, -7.820957095709571, 0.0], [112.49948617229822, -7.816748008711838, 0.0], [112.49952733000009, -7.816539427999942, 0.0], [112.4996128570001, -7.815657285999976, 0.0], [112.49960911780404, -7.815626130971206, 0.0], [112.49962496249626, -7.815481548154816, 0.0], [112.4995599107159, -7.815216136891003, 0.0], [112.49955783500002, -7.8151988419999725, 0.0], [112.49954269976766, -7.8151459162221615, 0.0], [112.4993395503869, -7.814317066748657, 0.0], [112.49930205100009, -7.814108021999971, 0.0], [112.49927008300006, -7.813929812999959, 0.0], [112.49920233477769, -7.813757227063106, 0.0], [112.49870302190814, -7.811720030555341, 0.0], [112.49870196100005, -7.811698570999965, 0.0], [112.49864977200002, -7.811194821999948, 0.0], [112.49844537100012, -7.810590807999972, 0.0], [112.49823935600011, -7.809659341999975, 0.0], [112.49808913468279, -7.809215370675882, 0.0], [112.49774977497749, -7.807830783078308, 0.0]], [[112.52212721272127, -7.83033303330333, 0.0], [112.52212721272127, -7.83018301830183, 0.0], [112.52182718271827, -7.83033303330333, 0.0], [112.52212721272127, -7.83033303330333, 0.0]], [[112.53330333033303, -7.835883588358836, 0.0], [112.53330333033303, -7.836033603360336, 0.0], [112.53352835283529, -7.836033603360336, 0.0], [112.53345334533454, -7.835733573357336, 0.0], [112.53330333033303, -7.835883588358836, 0.0]], [[112.48852385238524, -7.884713471347135, 0.0], [112.48852385238524, -7.884638463846384, 0.0], [112.48829882988299, -7.884788478847884, 0.0], [112.48852385238524, -7.884713471347135, 0.0]]]}}, {"type": "Feature", "properties": {"zona_ketinggian": "Sangat Tinggi", "rentang_mdpl": "1.400+ mdpl", "elevasi_min_m": 1400, "elevasi_max_m": null, "wilayah_dominan": "Kecamatan Batu (Ngaglik, Oro-oro Ombo, Pesanggrahan, Sisir)"}, "geometry": {"type": "Polygon", "coordinates": [[[112.48064806480649, -7.8850885088508855, 0.0], [112.4811189395402, -7.884110538250102, 0.0], [112.48121430300012, -7.8839803469999765, 0.0], [112.48147982300009, -7.8834468119999315, 0.0], [112.48165661200005, -7.883091153999942, 0.0], [112.48198285900003, -7.882853219999959, 0.0], [112.48220477400002, -7.882675053999947, 0.0], [112.48257498300006, -7.882392663999951, 0.0], [112.48272309700008, -7.882258968999963, 0.0], [112.48303471100007, -7.882154257999957, 0.0], [112.48310875800007, -7.882094867999967, 0.0], [112.48438968000005, -7.8810449409999705, 0.0], [112.48482959132716, -7.880677094801487, 0.0], [112.48507350735073, -7.880738073807381, 0.0], [112.48499849984998, -7.881563156315631, 0.0], [112.48304830483049, -7.883138313831383, 0.0], [112.48229822982299, -7.885388538853886, 0.0], [112.48304830483049, -7.885313531353136, 0.0], [112.48439843984399, -7.883963396339634, 0.0], [112.48589858985899, -7.884638463846384, 0.0], [112.48612361236124, -7.8850885088508855, 0.0], [112.48829882988299, -7.885388538853886, 0.0], [112.48634863486349, -7.886663666366637, 0.0], [112.48559855985599, -7.886813681368137, 0.0], [112.48447344734474, -7.887863786378638, 0.0], [112.48432343234323, -7.888838883888389, 0.0], [112.48597359735973, -7.88951395139514, 0.0], [112.48649864986498, -7.89041404140414, 0.0], [112.48649864986498, -7.891539153915391, 0.0], [112.4878487848785, -7.891089108910891, 0.0], [112.48859885988598, -7.8904890489048904, 0.0], [112.48934893489348, -7.8904890489048904, 0.0], [112.490699069907, -7.88951395139514, 0.0], [112.4926492649265, -7.88966396639664, 0.0], [112.49347434743474, -7.8894389438943895, 0.0], [112.49437443744374, -7.89003900390039, 0.0], [112.49422442244224, -7.891014101410141, 0.0], [112.4944494449445, -7.891314131413141, 0.0], [112.49647464746475, -7.891164116411641, 0.0], [112.4980498049805, -7.8916141614161415, 0.0], [112.499099909991, -7.891464146414641, 0.0], [112.4998499849985, -7.893039303930393, 0.0], [112.50060006000601, -7.892514251425142, 0.0], [112.502100210021, -7.892964296429643, 0.0], [112.50607560756076, -7.897089708970897, 0.0], [112.505700570057, -7.898964896489649, 0.0], [112.50682568256826, -7.899189918991899, 0.0], [112.50727572757276, -7.90046504650465, 0.0], [112.507200720072, -7.901515151515151, 0.0], [112.50780078007801, -7.902490249024902, 0.0], [112.50780078007801, -7.905790579057906, 0.0], [112.5073507350735, -7.906090609060906, 0.0], [112.5073507350735, -7.906765676567657, 0.0], [112.50697569756976, -7.907065706570657, 0.0], [112.507200720072, -7.908040804080408, 0.0], [112.506900690069, -7.908715871587159, 0.0], [112.50585058505851, -7.9105910591059105, 0.0], [112.50472547254725, -7.9116411641164115, 0.0], [112.50487548754876, -7.912466246624662, 0.0], [112.50420042004201, -7.912616261626162, 0.0], [112.50367536753676, -7.913291329132913, 0.0], [112.503300330033, -7.914866486648664, 0.0], [112.5040504050405, -7.916066606660666, 0.0], [112.50322532253226, -7.917491749174918, 0.0], [112.50420042004201, -7.918016801680168, 0.0], [112.50600060006, -7.918016801680168, 0.0], [112.50712571257125, -7.917566756675668, 0.0], [112.50877587758775, -7.917866786678668, 0.0], [112.5088508850885, -7.92026702670267, 0.0], [112.5040504050405, -7.924467446744675, 0.0], [112.50472547254725, -7.924692469246924, 0.0], [112.50667566756675, -7.924542454245424, 0.0], [112.50705070507051, -7.924992499249925, 0.0], [112.50877587758775, -7.925217521752176, 0.0], [112.50900090009002, -7.925742574257426, 0.0], [112.50750075007501, -7.926942694269427, 0.0], [112.50780078007801, -7.927617761776178, 0.0], [112.506900690069, -7.928517851785179, 0.0], [112.50562556255626, -7.9282928292829284, 0.0], [112.50487548754876, -7.928592859285929, 0.0], [112.50502550255025, -7.929192919291929, 0.0], [112.50621740153693, -7.929863362471935, 0.0], [112.50618684000005, -7.929863472999955, 0.0], [112.50562110500005, -7.929978346999974, 0.0], [112.50516859900006, -7.930092810999952, 0.0], [112.50471592300005, -7.930263597999954, 0.0], [112.5040940770001, -7.930435086999978, 0.0], [112.5035286750001, -7.930662604999952, 0.0], [112.5034859444275, -7.930684061136691, 0.0], [112.50162975895405, -7.93123696744793, 0.0], [112.5012090140001, -7.93117861099995, 0.0], [112.50053050800011, -7.931462856999929, 0.0], [112.50002151300009, -7.931633932999944, 0.0], [112.49968258600006, -7.931804396999951, 0.0], [112.49894698000003, -7.93197628799993, 0.0], [112.4989394537968, -7.931977253115641, 0.0], [112.49734819537508, -7.932038455362631, 0.0], [112.49730520000003, -7.93203860999995, 0.0], [112.49622760400007, -7.931534754999973, 0.0], [112.49616320295078, -7.931547828543752, 0.0], [112.49609960996099, -7.931518151815181, 0.0], [112.49385204484537, -7.932170670719719, 0.0], [112.49379502300008, -7.932163775999982, 0.0], [112.49357602978867, -7.932077516526641, 0.0], [112.49287428742875, -7.9316681668166815, 0.0], [112.49237354040972, -7.931589925094959, 0.0], [112.49220741200008, -7.931549181999969, 0.0], [112.49158416500006, -7.931438585999956, 0.0], [112.49122039962991, -7.931409746848114, 0.0], [112.49047404740475, -7.931293129312931, 0.0], [112.48902115211982, -7.931215295636953, 0.0], [112.48887432400011, -7.93120119699995, 0.0], [112.4888221110001, -7.9311961829999404, 0.0], [112.4885257840001, -7.93116772999997, 0.0], [112.4882729630001, -7.93116863299997, 0.0], [112.48815779863094, -7.931169044557191, 0.0], [112.48737771603584, -7.931127254418168, 0.0], [112.48722320900004, -7.931115968999961, 0.0], [112.48671339500004, -7.931061374999956, 0.0], [112.4865202419964, -7.931081318308913, 0.0], [112.48627362736273, -7.931068106810681, 0.0], [112.48576048242239, -7.9311211907700265, 0.0], [112.48541122400002, -7.931122436999942, 0.0], [112.48490188900007, -7.931180667999968, 0.0], [112.48444916900007, -7.931238696999969, 0.0], [112.4843511639112, -7.93126698234015, 0.0], [112.48409840984098, -7.931293129312931, 0.0], [112.48259825982598, -7.932043204320432, 0.0], [112.48117311731173, -7.933318331833183, 0.0], [112.47967296729674, -7.934968496849685, 0.0], [112.47767173155769, -7.938113295868159, 0.0], [112.47755175800012, -7.938240037999947, 0.0], [112.47725930100012, -7.938338445999932, 0.0], [112.47687788400003, -7.938478079999982, 0.0], [112.47672314900001, -7.938534726999933, 0.0], [112.4764691150001, -7.938721985999962, 0.0], [112.47639004859124, -7.938780268475981, 0.0], [112.47486275523171, -7.93944071965848, 0.0], [112.4747279100542, -7.9393993772009175, 0.0], [112.47465907688431, -7.939330544031029, 0.0], [112.47480705200007, -7.939152433999936, 0.0], [112.47489434457347, -7.939047364083485, 0.0], [112.47539753975397, -7.938493849384939, 0.0], [112.47548554668307, -7.9377017870229825, 0.0], [112.4755473680001, -7.937323539999966, 0.0], [112.47564194600011, -7.93649678099996, 0.0], [112.47598269700006, -7.936204005999969, 0.0], [112.47620930840057, -7.935831608193681, 0.0], [112.47824782478247, -7.933618361836183, 0.0], [112.47860411589495, -7.932905779611236, 0.0], [112.47875220500009, -7.93264555899998, 0.0], [112.47928549300002, -7.931671414999926, 0.0], [112.47953373551601, -7.931046540369099, 0.0], [112.48005626766772, -7.930001476065714, 0.0], [112.48010887300006, -7.929918546999943, 0.0], [112.48040000700007, -7.929431296999951, 0.0], [112.48073918400007, -7.928700858999946, 0.0], [112.48113568000008, -7.927937669999949, 0.0], [112.48201178500005, -7.927254141999981, 0.0], [112.48235777191611, -7.926829901779293, 0.0], [112.48274827482749, -7.926492649264927, 0.0], [112.48294171915693, -7.926185414153471, 0.0], [112.48317832000009, -7.925888805999932, 0.0], [112.48342106000007, -7.925547735999942, 0.0], [112.48366389800003, -7.925255033999974, 0.0], [112.48385792600004, -7.924865588999978, 0.0], [112.48395173404793, -7.924581272855961, 0.0], [112.48402340234023, -7.924467446744675, 0.0], [112.48400899130533, -7.924352158465538, 0.0], [112.48405046000005, -7.924184310999976, 0.0], [112.48400028000003, -7.923746914999981, 0.0], [112.48389414787779, -7.923433411045199, 0.0], [112.48387338733873, -7.923267326732673, 0.0], [112.48261283717949, -7.922216868266626, 0.0], [112.48246133769072, -7.921938780422323, 0.0], [112.48209239013241, -7.920726524159282, 0.0], [112.48208583100006, -7.92069123999994, 0.0], [112.48199819981998, -7.920262383893294, 0.0], [112.48199819981998, -7.920020826302263, 0.0], [112.48203250000006, -7.91947625399996, 0.0], [112.4824412734904, -7.91879210281114, 0.0], [112.48269212374807, -7.918424189099885, 0.0], [112.48295531200006, -7.918160336999961, 0.0], [112.48305567265515, -7.917890984036166, 0.0], [112.48312331233123, -7.917791779177918, 0.0], [112.48312331233123, -7.917459923990906, 0.0], [112.48314700300011, -7.917138856999941, 0.0], [112.48314439500007, -7.916409724999937, 0.0], [112.48312331233123, -7.916130337754938, 0.0], [112.48312331233123, -7.915575651459075, 0.0], [112.48318883400009, -7.915242939999928, 0.0], [112.48324770695903, -7.915065003255938, 0.0], [112.48372337233724, -7.9138163816381635, 0.0], [112.48371015427934, -7.9137618571493356, 0.0], [112.48372018300006, -7.9137340369999265, 0.0], [112.48371914000006, -7.913442474999954, 0.0], [112.48352164300002, -7.9124428109999485, 0.0], [112.48319560730492, -7.911639350879862, 0.0], [112.48312331233123, -7.911341134113411, 0.0], [112.48222322232223, -7.90984098409841, 0.0], [112.48215073665294, -7.909782995562971, 0.0], [112.4821457600001, -7.9097741469999505, 0.0], [112.48180295000009, -7.9094835269999635, 0.0], [112.48150922400009, -7.909241551999969, 0.0], [112.48148656488804, -7.9090664956392525, 0.0], [112.48154277680426, -7.908335740728538, 0.0], [112.48164758044238, -7.908178098088338, 0.0], [112.4816604023695, -7.9081667846232335, 0.0], [112.48199290900004, -7.9079761089999465, 0.0], [112.48228507200008, -7.907780422999963, 0.0], [112.48252790400011, -7.9074879939999505, 0.0], [112.48277081000003, -7.90719547499998, 0.0], [112.4827731085546, -7.907184985048143, 0.0], [112.48282328232823, -7.907140714071407, 0.0], [112.4828338756358, -7.906907661304544, 0.0], [112.48286676600003, -7.906757558999971, 0.0], [112.48291359200005, -7.906173987999978, 0.0], [112.48291185700009, -7.90568805099997, 0.0], [112.48289213554335, -7.905625943338727, 0.0], [112.48289828982898, -7.905490549054906, 0.0], [112.48280696048352, -7.905357706370599, 0.0], [112.48266513200008, -7.904911053999967, 0.0], [112.48242004600002, -7.904571717999943, 0.0], [112.48227327200004, -7.904475049999974, 0.0], [112.48207999087792, -7.904236160585413, 0.0], [112.48209057201352, -7.904151511500603, 0.0], [112.48211077700012, -7.9040302629999815, 0.0], [112.48211091000007, -7.9040294639999615, 0.0], [112.48215592300005, -7.903759341999944, 0.0], [112.48214272323433, -7.903734301734032, 0.0], [112.48214821482148, -7.903690369036903, 0.0], [112.48177046059698, -7.902745983475654, 0.0], [112.48176816400007, -7.90273250499996, 0.0], [112.48175976949888, -7.902719255730388, 0.0], [112.48169816981698, -7.902565256525652, 0.0], [112.48165630377251, -7.902555952960215, 0.0], [112.48164722900003, -7.902541629999973, 0.0], [112.48145484300005, -7.902446749999967, 0.0], [112.4812386970001, -7.9023996899999815, 0.0], [112.48097447500004, -7.902376758999935, 0.0], [112.48078042060148, -7.9023613122555405, 0.0], [112.48042678473716, -7.902282726507912, 0.0], [112.48034987100004, -7.902187758999958, 0.0], [112.48034901900007, -7.901948631999971, 0.0], [112.48032389600007, -7.901613938999958, 0.0], [112.48028614500004, -7.901269483999954, 0.0], [112.48027411600003, -7.901159722999978, 0.0], [112.48029643900009, -7.900729299999966, 0.0], [112.48027122000008, -7.900346871999943, 0.0], [112.48026994300005, -7.899988316999952, 0.0], [112.48013104926069, -7.899733728523337, 0.0], [112.48012301230123, -7.8996399639964, 0.0], [112.47816490680806, -7.897821723181313, 0.0], [112.4780531770001, -7.897652774999926, 0.0], [112.47790530300006, -7.897015170999964, 0.0], [112.47774118200005, -7.896307514999933, 0.0], [112.47751547300004, -7.895420591999937, 0.0], [112.4773799080001, -7.894962609999936, 0.0], [112.47734773477347, -7.894733284495334, 0.0], [112.47734773477347, -7.893968694627366, 0.0], [112.47736099400004, -7.893764492999935, 0.0], [112.47738954800002, -7.893423913999925, 0.0], [112.47744814600003, -7.89324632499995, 0.0], [112.47746193800003, -7.892876415999979, 0.0], [112.4774316270001, -7.892743440999936, 0.0], [112.47737081600008, -7.892403177999938, 0.0], [112.47734773477347, -7.892114691561294, 0.0], [112.47734773477347, -7.892003331232068, 0.0], [112.4773842410001, -7.891929841999968, 0.0], [112.47745825900006, -7.8918407999999545, 0.0], [112.47763600100006, -7.891751571999976, 0.0], [112.47779890400011, -7.89163247099998, 0.0], [112.47791736500005, -7.891528624999978, 0.0], [112.47800604000008, -7.891439530999946, 0.0], [112.47813621011701, -7.891269075228974, 0.0], [112.47817281728173, -7.891239123912391, 0.0], [112.47833008025813, -7.889902388613054, 0.0], [112.47835616900011, -7.889859852999962, 0.0], [112.47848947200009, -7.88968172999995, 0.0], [112.47850341600008, -7.889459727999963, 0.0], [112.478487685, -7.8891787939999745, 0.0], [112.47845620900011, -7.889005968999982, 0.0], [112.47844365245777, -7.888937024916138, 0.0], [112.47845201198052, -7.888865968972752, 0.0], [112.47847105500011, -7.888749773999962, 0.0], [112.47855949000007, -7.88857207999996, 0.0], [112.47876684000005, -7.888334567999948, 0.0], [112.47892942700003, -7.88812695799993, 0.0], [112.47908343336628, -7.887671225417628, 0.0], [112.47914791479148, -7.887563756375638, 0.0], [112.47913861225373, -7.887507941149115, 0.0], [112.47914966300004, -7.887475239999958, 0.0], [112.4791191170001, -7.88714996799996, 0.0], [112.47907330200007, -7.886883695999927, 0.0], [112.47900883107252, -7.886729254061819, 0.0], [112.47892646551823, -7.886235060736119, 0.0], [112.47921422846218, -7.8861407873189, 0.0], [112.47952295229523, -7.886063606360636, 0.0], [112.48012998593597, -7.8855375105386605, 0.0], [112.48020983000004, -7.885492904999978, 0.0], [112.48031753409539, -7.885374968800499, 0.0], [112.48064806480649, -7.8850885088508855, 0.0]]]}}]}